DATE1,TIMEFRAME,LOW,HIGH,OPEN,CLOSE
2025-04-29 00:00:00.000,After_hack,0.01764541,0.01915260959,0.01794641,0.01915260959
2025-04-28 00:00:00.000,After_hack,0.01754513,0.01825318,0.01764165,0.01794161
2025-04-27 00:00:00.000,After_hack,0.01744275,0.01817385,0.01817385,0.01747029
2025-04-26 00:00:00.000,After_hack,0.01719858,0.01830672,0.01785134,0.01824626
2025-04-25 00:00:00.000,After_hack,0.01699993,0.01787971,0.01700991,0.01785229
2025-04-24 00:00:00.000,After_hack,0.01689271,0.01819883,0.01689271,0.01701001
2025-04-23 00:00:00.000,After_hack,0.01648273,0.01818723,0.01653733,0.01689199
2025-04-22 00:00:00.000,After_hack,0.01655455,0.0171144,0.01670695,0.01655455
2025-04-21 00:00:00.000,After_hack,0.01643301,0.01679319,0.01649808,0.01670715
2025-04-20 00:00:00.000,After_hack,0.01640369,0.01714186,0.01707115,0.01640477
2025-04-19 00:00:00.000,After_hack,0.01626598,0.01707926,0.01676686,0.01707926
2025-04-18 00:00:00.000,After_hack,0.01614457,0.01690481,0.01644395,0.01677007
2025-04-17 00:00:00.000,After_hack,0.01608141,0.017663,0.01712185,0.01640311
2025-04-16 00:00:00.000,After_hack,0.01682878,0.01750508,0.01744593,0.01707724
2025-04-15 00:00:00.000,After_hack,0.01742418,0.01795548,0.01790346,0.01742418
2025-04-14 00:00:00.000,After_hack,0.01774715,0.01840137,0.01796925,0.01775581
2025-04-13 00:00:00.000,After_hack,0.01734274,0.01821282,0.01819145,0.01797617
2025-04-12 00:00:00.000,After_hack,0.01722574,0.01849114,0.01798976,0.01819029
2025-04-11 00:00:00.000,After_hack,0.01723584,0.01798888,0.01769776,0.01798888
2025-04-10 00:00:00.000,After_hack,0.01723232,0.01900169,0.01892593,0.01776048
2025-04-09 00:00:00.000,After_hack,0.01747065,0.01916489,0.01823277,0.01849314
2025-04-08 00:00:00.000,After_hack,0.01774568,0.01850469,0.01797747,0.01819719
2025-04-07 00:00:00.000,After_hack,0.01760996,0.01877719,0.01877719,0.01761743
2025-04-06 00:00:00.000,After_hack,0.01880504,0.02026631,0.01997717,0.01880504
2025-04-05 00:00:00.000,After_hack,0.01959091,0.02011233,0.01961873,0.01977766
2025-04-04 00:00:00.000,After_hack,0.01972758,0.02014983,0.02014845,0.01974912
2025-04-03 00:00:00.000,After_hack,0.01993374,0.02067124,0.02062655,0.02017252
2025-04-02 00:00:00.000,After_hack,0.02013628,0.02107859,0.02033732,0.02083565
2025-04-01 00:00:00.000,After_hack,0.0202513,0.02081044,0.02069113,0.02033932
2025-03-31 00:00:00.000,After_hack,0.02011383,0.02081543,0.02011383,0.02081543
2025-03-30 00:00:00.000,After_hack,0.02024934,0.02050501,0.02027934,0.02027537
2025-03-29 00:00:00.000,After_hack,0.02018181,0.02150297,0.02122504,0.02028331
2025-03-28 00:00:00.000,After_hack,0.02044737,0.02193477,0.02075376,0.02114671
2025-03-27 00:00:00.000,After_hack,0.02006139,0.0214612,0.02035058,0.02093156
2025-03-26 00:00:00.000,After_hack,0.01996756,0.02187652,0.02185355,0.02036819
2025-03-25 00:00:00.000,After_hack,0.02184348,0.02245617,0.02232415,0.02184657
2025-03-24 00:00:00.000,After_hack,0.02220784,0.02262911,0.02259264,0.02232204
2025-03-23 00:00:00.000,After_hack,0.0222101,0.02294793,0.02241741,0.02261026
2025-03-22 00:00:00.000,After_hack,0.02193662,0.02291051,0.02219529,0.02291051
2025-03-21 00:00:00.000,After_hack,0.02185928,0.0227,0.02220153,0.02240943
2025-03-20 00:00:00.000,After_hack,0.02079244,0.02270798,0.02179452,0.02196146
2025-03-19 00:00:00.000,After_hack,0.02020662,0.0220706,0.02050494,0.02185085
2025-03-18 00:00:00.000,After_hack,0.01955961,0.0212527,0.02021912,0.02037597
2025-03-17 00:00:00.000,After_hack,0.01844122,0.02076014,0.01924249,0.02015555
2025-03-16 00:00:00.000,After_hack,0.01783803,0.02434751,0.01800135,0.0185917
2025-03-15 00:00:00.000,After_hack,0.01780066,0.01833493,0.01833493,0.01799982
2025-03-14 00:00:00.000,After_hack,0.01733859,0.0184274,0.01733859,0.01832311
2025-03-13 00:00:00.000,After_hack,0.01759473,0.01942364,0.01908045,0.01759473
2025-03-12 00:00:00.000,After_hack,0.01932188,0.02802537,0.02400273,0.01940641
2025-03-11 00:00:00.000,After_hack,0.01692558,0.02380996,0.01700898,0.02380996
2025-03-10 00:00:00.000,After_hack,0.01698509,0.01755252,0.0170571,0.01698509
2025-03-09 00:00:00.000,After_hack,0.01704794,0.01757104,0.01718607,0.01708445
2025-03-08 00:00:00.000,After_hack,0.01711814,0.01760038,0.01739449,0.01718558
2025-03-07 00:00:00.000,After_hack,0.01707763,0.01785455,0.01747042,0.01733849
2025-03-06 00:00:00.000,After_hack,0.01719343,0.01784237,0.01730202,0.01749987
2025-03-05 00:00:00.000,After_hack,0.01711105,0.01779237,0.01757742,0.01711105
2025-03-04 00:00:00.000,After_hack,0.01704355,0.01792334,0.01792334,0.01757442
2025-03-03 00:00:00.000,After_hack,0.01685246,0.01828008,0.01798585,0.01788747
2025-03-02 00:00:00.000,After_hack,0.01786907,0.01850521,0.01819279,0.01797304
2025-03-01 00:00:00.000,After_hack,0.0178765,0.01863332,0.0179363,0.01819029
2025-02-28 00:00:00.000,After_hack,0.01792322,0.01859701,0.01859701,0.01793769
2025-02-27 00:00:00.000,After_hack,0.01856669,0.01921448,0.01905629,0.01859914
2025-02-26 00:00:00.000,After_hack,0.01853013,0.01932778,0.01909884,0.01905435
2025-02-25 00:00:00.000,After_hack,0.0186992,0.01943513,0.01913665,0.01913839
2025-02-24 00:00:00.000,After_hack,0.01911178,0.02098886,0.01989188,0.01922215
2025-02-23 00:00:00.000,After_hack,0.01918796,0.01990427,0.01955211,0.01988523
2025-02-22 00:00:00.000,After_hack,0.01917196,0.02007448,0.01917793,0.01953583
2025-02-21 00:00:00.000,After_hack,0.01900778,0.01950174,0.01911844,0.01901034
2025-02-20 00:00:00.000,After_hack,0.01880011,0.01949225,0.01926612,0.01911504
2025-02-19 00:00:00.000,After_hack,0.01902115,0.01983715,0.01932394,0.01926358
2025-02-18 00:00:00.000,After_hack,0.01879378,0.01937042,0.01885274,0.01905848
2025-02-17 00:00:00.000,After_hack,0.01883679,0.01971531,0.01932669,0.01895064
2025-02-16 00:00:00.000,After_hack,0.01911955,0.01987665,0.01918466,0.01917927
2025-02-15 00:00:00.000,After_hack,0.01915541,0.01997136,0.01974307,0.01918854
2025-02-14 00:00:00.000,After_hack,0.01806787,0.01974503,0.01920151,0.01974503
2025-02-13 00:00:00.000,After_hack,0.01899835,0.01975638,0.01950893,0.01922616
2025-02-12 00:00:00.000,After_hack,0.01849204,0.02041059,0.02041059,0.01976503
2025-02-11 00:00:00.000,After_hack,0.01948353,0.02066796,0.02045008,0.02028055
2025-02-10 00:00:00.000,After_hack,0.02017097,0.02104629,0.02080971,0.02044769
2025-02-09 00:00:00.000,After_hack,0.0198361,0.02048356,0.01999842,0.02047198
2025-02-08 00:00:00.000,After_hack,0.01989443,0.02022073,0.02022073,0.02006776
2025-02-07 00:00:00.000,After_hack,0.02010778,0.02082906,0.02015616,0.02028124
2025-02-06 00:00:00.000,After_hack,0.019985,0.02174796,0.0209887,0.02016412
2025-02-05 00:00:00.000,After_hack,0.02008631,0.02343475,0.0221366,0.02149499
2025-02-04 00:00:00.000,After_hack,0.01930357,0.02158391,0.01955225,0.02158391
2025-02-03 00:00:00.000,After_hack,0.01802982,0.02272547,0.018681,0.01957158
2025-02-02 00:00:00.000,After_hack,0.01897279,0.02414847,0.02334853,0.01897279
2025-02-01 00:00:00.000,After_hack,0.02309292,0.02381172,0.02316199,0.02336241
2025-01-31 00:00:00.000,After_hack,0.02302063,0.02516722,0.02380248,0.02302063
2025-01-30 00:00:00.000,After_hack,0.02292168,0.02614593,0.02486028,0.02332983
2025-01-29 00:00:00.000,After_hack,0.02507373,0.03094871,0.02830163,0.02533383
2025-01-28 00:00:00.000,After_hack,0.02148759,0.02788426,0.02148759,0.02721702
2025-01-27 00:00:00.000,After_hack,0.01811957,0.03078373,0.01931679,0.02034153
2025-01-26 00:00:00.000,After_hack,0.0181688,0.02010022,0.01897088,0.0190304
2025-01-25 00:00:00.000,After_hack,0.01755308,0.01921175,0.01762953,0.01908186
2025-01-24 00:00:00.000,After_hack,0.01720705,0.01789398,0.01729652,0.01776763
2025-01-23 00:00:00.000,After_hack,0.01681344,0.01756175,0.01754007,0.01737462
2025-01-22 00:00:00.000,After_hack,0.01725247,0.01868988,0.01771962,0.01759157
2025-01-21 00:00:00.000,After_hack,0.0173486,0.01833606,0.01780545,0.0179905
2025-01-20 00:00:00.000,After_hack,0.01552474,0.01767489,0.01655453,0.01753431
2025-01-19 00:00:00.000,After_hack,0.01108765,0.01927859,0.01865105,0.01677281
2025-01-18 00:00:00.000,After_hack,0.01805543,0.01920742,0.01920742,0.01869585
2025-01-17 00:00:00.000,After_hack,0.01794149,0.01947431,0.01849154,0.01896755
2025-01-16 00:00:00.000,After_hack,0.01692949,0.01866202,0.01708196,0.01794639
2025-01-15 00:00:00.000,After_hack,0.01617238,0.0183078,0.01772098,0.01727261
2025-01-14 00:00:00.000,After_hack,0.01711978,0.01888911,0.01813409,0.01729626
2025-01-13 00:00:00.000,After_hack,0.01782243,0.01864059,0.01861361,0.01819626
2025-01-12 00:00:00.000,After_hack,0.01736077,0.01998847,0.01901282,0.01861245
2025-01-11 00:00:00.000,After_hack,0.01897454,0.02177722,0.02166723,0.01946011
2025-01-10 00:00:00.000,After_hack,0.02141423,0.02176051,0.02141423,0.02166024
2025-01-09 00:00:00.000,After_hack,0.02142097,0.02183581,0.02159875,0.02142304
2025-01-08 00:00:00.000,After_hack,0.02142539,0.0225217,0.02197664,0.02158813
2025-01-07 00:00:00.000,After_hack,0.02185447,0.02260753,0.02206985,0.02211476
2025-01-06 00:00:00.000,After_hack,0.02202314,0.02260704,0.02239483,0.0220545
2025-01-05 00:00:00.000,After_hack,0.02203181,0.02283924,0.02222815,0.02250432
2025-01-04 00:00:00.000,After_hack,0.0220016,0.02289096,0.02227016,0.02215381
2025-01-03 00:00:00.000,After_hack,0.02228352,0.02285579,0.02244903,0.02284425
2025-01-02 00:00:00.000,After_hack,0.02177637,0.02284824,0.02205625,0.0224972
2025-01-01 00:00:00.000,After_hack,0.02174465,0.02233881,0.02207522,0.02182968
2024-12-31 00:00:00.000,After_hack,0.0218828,0.02259248,0.02254087,0.02210797
2024-12-30 00:00:00.000,After_hack,0.02193154,0.02312948,0.0221846,0.02272716
2024-12-29 00:00:00.000,After_hack,0.02215048,0.02312869,0.02221382,0.02215048
2024-12-28 00:00:00.000,After_hack,0.02235146,0.02297855,0.02281683,0.02251652
2024-12-27 00:00:00.000,After_hack,0.02158925,0.02329168,0.0227077,0.02281902
2024-12-26 00:00:00.000,After_hack,0.02241735,0.02302222,0.02302222,0.02257433
2024-12-25 00:00:00.000,After_hack,0.02262114,0.0238188,0.02314519,0.02283442
2024-12-24 00:00:00.000,After_hack,0.02218507,0.02348577,0.02234796,0.02338177
2024-12-23 00:00:00.000,After_hack,0.02195792,0.02421203,0.02421203,0.02207368
2024-12-22 00:00:00.000,After_hack,0.02335136,0.02498693,0.02335136,0.02443207
2024-12-21 00:00:00.000,After_hack,0.02340562,0.02989672,0.02813599,0.0240167
2024-12-20 00:00:00.000,After_hack,0.0183033,0.0285983,0.0183033,0.02731918
2024-12-19 00:00:00.000,After_hack,0.01739194,0.02330019,0.02210421,0.01821199
2024-12-18 00:00:00.000,After_hack,0.02157505,0.02258972,0.02217164,0.02258972
2024-12-17 00:00:00.000,After_hack,0.02219432,0.02398037,0.02373198,0.02219432
2024-12-16 00:00:00.000,After_hack,0.02415052,0.02644066,0.02637594,0.02439201
2024-12-15 00:00:00.000,After_hack,0.02584412,0.02709286,0.02598346,0.02639076
2024-12-14 00:00:00.000,After_hack,0.02559077,0.02673068,0.02638758,0.02559077
2024-12-13 00:00:00.000,After_hack,0.0256813,0.02748789,0.0256813,0.02656195
2024-12-12 00:00:00.000,After_hack,0.02569524,0.02867438,0.02741323,0.02569524
2024-12-11 00:00:00.000,After_hack,0.02753788,0.02831796,0.02768724,0.02753788
2024-12-10 00:00:00.000,After_hack,0.02673601,0.03093531,0.03093531,0.02781763
2024-12-09 00:00:00.000,After_hack,0.03138817,0.0331841,0.03217492,0.03138817
2024-12-08 00:00:00.000,After_hack,0.02800903,0.03210489,0.02972452,0.03210489
2024-12-07 00:00:00.000,After_hack,0.02844747,0.02977383,0.02878061,0.02940219
2024-12-06 00:00:00.000,After_hack,0.0241165,0.03202632,0.03202632,0.02964577
2024-12-05 00:00:00.000,After_hack,0.03026987,0.03237956,0.03071288,0.03114067
2024-12-04 00:00:00.000,After_hack,0.02773738,0.03274985,0.02773738,0.03094879
2024-12-03 00:00:00.000,After_hack,0.0274696,0.02877868,0.02769741,0.02802587
2024-12-02 00:00:00.000,After_hack,0.02783759,0.02965384,0.02965384,0.02783759
2024-12-01 00:00:00.000,After_hack,0.02997217,0.0306658,0.03043344,0.03007129
2024-11-30 00:00:00.000,After_hack,0.03024449,0.03159584,0.03106375,0.03073277
2024-11-29 00:00:00.000,After_hack,0.03011202,0.03121537,0.03073773,0.03121537
2024-11-28 00:00:00.000,After_hack,0.02998108,0.03158158,0.03057069,0.03080525
2024-11-27 00:00:00.000,After_hack,0.03006064,0.03185032,0.03139153,0.03101526
2024-11-26 00:00:00.000,After_hack,0.02921946,0.03090636,0.02952131,0.03090636
2024-11-25 00:00:00.000,After_hack,0.02967075,0.03183254,0.03008897,0.02967075
2024-11-24 00:00:00.000,After_hack,0.02851543,0.03300038,0.03248327,0.03019789
2024-11-23 00:00:00.000,After_hack,0.03135351,0.03374471,0.03135351,0.03188465
2024-11-22 00:00:00.000,After_hack,0.03005318,0.04015702,0.03621724,0.03164669
2024-11-21 00:00:00.000,After_hack,0.02371503,0.0372044,0.02553855,0.0372044
2024-11-20 00:00:00.000,After_hack,0.02280454,0.02860581,0.02280454,0.02635679
2024-11-19 00:00:00.000,After_hack,0.02232607,0.02773791,0.02589664,0.02260918
2024-11-18 00:00:00.000,After_hack,0.02572295,0.03003763,0.02576788,0.02577844
2024-11-17 00:00:00.000,After_hack,0.02216419,0.02537739,0.02216419,0.02518475
2024-11-16 00:00:00.000,After_hack,0.02220048,0.02681336,0.02546928,0.02288484
2024-11-15 00:00:00.000,After_hack,0.0239505,0.02883426,0.02728992,0.02555565
2024-11-14 00:00:00.000,After_hack,0.02832162,0.04327744,0.03842824,0.02836689
2024-11-13 00:00:00.000,After_hack,0.02753038,0.04395369,0.02753038,0.03826577
2024-11-12 00:00:00.000,After_hack,0.0182799,0.02222596,0.01843796,0.02052149
2024-11-11 00:00:00.000,After_hack,0.01668786,0.01847765,0.01747043,0.01847765
2024-11-10 00:00:00.000,After_hack,0.01608129,0.0181169,0.01608129,0.01758623
2024-11-09 00:00:00.000,After_hack,0.01484949,0.01641352,0.01530833,0.01601135
2024-11-08 00:00:00.000,After_hack,0.01570838,0.01689865,0.01623727,0.01570838
2024-11-07 00:00:00.000,After_hack,0.0161315,0.0171809,0.0171809,0.01637431
2024-11-06 00:00:00.000,After_hack,0.01610362,0.01707058,0.0165429,0.01707058
2024-11-05 00:00:00.000,After_hack,0.01595287,0.01649018,0.0161904,0.01614353
2024-11-04 00:00:00.000,After_hack,0.01607225,0.01625729,0.01610283,0.01618534
2024-11-03 00:00:00.000,After_hack,0.01595996,0.01660877,0.01605481,0.01610382
2024-11-02 00:00:00.000,After_hack,0.01604268,0.01677021,0.01677021,0.01604268
2024-11-01 00:00:00.000,After_hack,0.01659346,0.01680123,0.01668887,0.01674252
2024-10-31 00:00:00.000,After_hack,0.01652509,0.0172347,0.01721622,0.01670935
2024-10-30 00:00:00.000,After_hack,0.01697406,0.01722144,0.01710866,0.01705541
2024-10-29 00:00:00.000,After_hack,0.01697614,0.03340499,0.01761911,0.01706505
2024-10-28 00:00:00.000,After_hack,0.01696263,0.01775375,0.01707212,0.01737649
2024-10-27 00:00:00.000,After_hack,0.01697281,0.0174021,0.01697281,0.01713689
2024-10-26 00:00:00.000,After_hack,0.01678848,0.0178931,0.01678934,0.01696083
2024-10-25 00:00:00.000,After_hack,0.01672017,0.01693292,0.01684585,0.01687465
2024-10-24 00:00:00.000,After_hack,0.01670197,0.0168779,0.01681595,0.01683825
2024-10-23 00:00:00.000,After_hack,0.01663105,0.01718166,0.01679709,0.01682387
2024-10-22 00:00:00.000,After_hack,0.01653439,0.01721341,0.01658875,0.01678077
2024-10-21 00:00:00.000,After_hack,0.01606055,0.01708579,0.01613495,0.01708579
2024-10-20 00:00:00.000,After_hack,0.01582123,0.01623458,0.01603656,0.01613778
2024-10-19 00:00:00.000,After_hack,0.01590841,0.01616619,0.01603468,0.01605267
2024-10-18 00:00:00.000,After_hack,0.01600558,0.01633352,0.01614257,0.01609692
2024-10-17 00:00:00.000,After_hack,0.0161327,0.01633891,0.01625874,0.01621721
2024-10-16 00:00:00.000,After_hack,0.01618486,0.01652767,0.01620211,0.01635724
2024-10-15 00:00:00.000,After_hack,0.01614947,0.01688004,0.01664455,0.01627254
2024-10-14 00:00:00.000,After_hack,0.01596237,0.01693497,0.01599903,0.01665747
2024-10-13 00:00:00.000,After_hack,0.01588128,0.01611682,0.01601316,0.01590021
2024-10-12 00:00:00.000,After_hack,0.01595956,0.01610814,0.0159885,0.01596602
2024-10-11 00:00:00.000,After_hack,0.01595929,0.01611247,0.01602578,0.01610877
2024-10-10 00:00:00.000,After_hack,0.01589828,0.01612944,0.015967,0.01600854
2024-10-09 00:00:00.000,After_hack,0.01586422,0.0161793,0.0161793,0.01601274
2024-10-08 00:00:00.000,After_hack,0.01587837,0.01615603,0.0159005,0.01615603
2024-10-07 00:00:00.000,After_hack,0.01589692,0.01611591,0.01610706,0.0159387
2024-10-06 00:00:00.000,After_hack,0.01597181,0.01613529,0.01609036,0.01609039
2024-10-05 00:00:00.000,After_hack,0.01599408,0.01625315,0.01619458,0.01603952
2024-10-04 00:00:00.000,After_hack,0.01605879,0.01624884,0.01611271,0.01614418
2024-10-03 00:00:00.000,After_hack,0.01604459,0.0171502,0.0171502,0.01604459
2024-10-02 00:00:00.000,After_hack,0.01636859,0.01861318,0.01644178,0.01725281
2024-10-01 00:00:00.000,After_hack,0.01633848,0.02007964,0.01856619,0.01640547
2024-09-30 00:00:00.000,After_hack,0.01427623,0.01910234,0.01448949,0.01853774
2024-09-29 00:00:00.000,After_hack,0.01432667,0.01504804,0.01504804,0.01460111
2024-09-28 00:00:00.000,After_hack,0.0145333,0.01541609,0.01496634,0.01491305
2024-09-27 00:00:00.000,After_hack,0.01444427,0.01522463,0.01453917,0.01463795
2024-09-26 00:00:00.000,After_hack,0.01421853,0.01493463,0.01440265,0.01470678
2024-09-25 00:00:00.000,After_hack,0.01434265,0.01484855,0.01476895,0.0146915
2024-09-24 00:00:00.000,After_hack,0.01436718,0.01487794,0.01466737,0.01436718
2024-09-23 00:00:00.000,After_hack,0.01463772,0.01598686,0.01592149,0.01467675
2024-09-22 00:00:00.000,After_hack,0.01522727,0.01583161,0.01535219,0.01564744
2024-09-21 00:00:00.000,After_hack,0.01520539,0.01540685,0.01520539,0.01535261
2024-09-20 00:00:00.000,After_hack,0.01499141,0.01530869,0.01499141,0.01525943
2024-09-19 00:00:00.000,After_hack,0.01465628,0.01509275,0.01484521,0.01502525
2024-09-18 00:00:00.000,After_hack,0.01464363,0.01488076,0.01469186,0.0147814
2024-09-17 00:00:00.000,After_hack,0.01464887,0.01482127,0.01474668,0.01468397
2024-09-16 00:00:00.000,After_hack,0.01470556,0.01486882,0.01474813,0.01476852
2024-09-15 00:00:00.000,After_hack,0.01465303,0.01535177,0.01471991,0.01485327
2024-09-14 00:00:00.000,After_hack,0.01466982,0.0149104,0.01479667,0.01477658
2024-09-13 00:00:00.000,After_hack,0.01477798,0.0148882,0.014854,0.01479643
2024-09-12 00:00:00.000,After_hack,0.01465932,0.0148372,0.01465932,0.01478004
2024-09-11 00:00:00.000,After_hack,0.01470678,0.01490375,0.01490375,0.01478714
2024-09-10 00:00:00.000,After_hack,0.01476625,0.01491403,0.01484458,0.01481547
2024-09-09 00:00:00.000,After_hack,0.01476514,0.01523055,0.01513119,0.01486297
2024-09-08 00:00:00.000,After_hack,0.01480827,0.01536369,0.01480827,0.01514539
2024-09-07 00:00:00.000,After_hack,0.01466038,0.01514161,0.01497659,0.01473718
2024-09-06 00:00:00.000,After_hack,0.0149549,0.01527315,0.01518058,0.01519586
2024-09-05 00:00:00.000,After_hack,0.01472109,0.01519824,0.01493156,0.01511401
2024-09-04 00:00:00.000,After_hack,0.01493374,0.01538725,0.01516857,0.01496147
2024-09-03 00:00:00.000,After_hack,0.01504971,0.01528995,0.01507706,0.01515598
2024-09-02 00:00:00.000,After_hack,0.0147843,0.01563852,0.01563852,0.01506467
2024-09-01 00:00:00.000,After_hack,0.01541369,0.01575179,0.01555133,0.01567015
2024-08-31 00:00:00.000,After_hack,0.01481853,0.01559095,0.01494253,0.01559095
2024-08-30 00:00:00.000,After_hack,0.01481408,0.01495083,0.01485354,0.01489848
2024-08-29 00:00:00.000,After_hack,0.01459243,0.01492846,0.01470628,0.01481413
2024-08-28 00:00:00.000,After_hack,0.01460485,0.01570741,0.01561786,0.01470184
2024-08-27 00:00:00.000,After_hack,0.01554485,0.0157195,0.01558731,0.0156568
2024-08-26 00:00:00.000,After_hack,0.01557408,0.01655876,0.01655876,0.01562891
2024-08-25 00:00:00.000,After_hack,0.01618373,0.01650701,0.01627021,0.01644159
2024-08-24 00:00:00.000,After_hack,0.01569625,0.01653387,0.01584168,0.01628919
2024-08-23 00:00:00.000,After_hack,0.01569819,0.01583096,0.01577561,0.0157421
2024-08-22 00:00:00.000,After_hack,0.01562933,0.0165554,0.01639019,0.01578885
2024-08-21 00:00:00.000,After_hack,0.01622354,0.01648493,0.01642499,0.01642255
2024-08-20 00:00:00.000,After_hack,0.01505091,0.01629796,0.0153781,0.01629796
2024-08-19 00:00:00.000,After_hack,0.01449972,0.01567989,0.01454398,0.01537019
2024-08-18 00:00:00.000,After_hack,0.014462,0.01469854,0.01469073,0.01456132
2024-08-17 00:00:00.000,After_hack,0.01468538,0.01476584,0.01474505,0.01473695
2024-08-16 00:00:00.000,After_hack,0.01489537,0.01658994,0.01625836,0.01489537
2024-08-15 00:00:00.000,After_hack,0.01622171,0.01693832,0.01634812,0.0162528
2024-08-14 00:00:00.000,After_hack,0.01499605,0.01640209,0.01499605,0.01637081
2024-08-13 00:00:00.000,After_hack,0.0145749,0.01498399,0.01460288,0.01495856
2024-08-12 00:00:00.000,After_hack,0.0147508,0.01503005,0.01489648,0.01484413
2024-08-11 00:00:00.000,After_hack,0.01468695,0.01491198,0.01478531,0.01491198
2024-08-10 00:00:00.000,After_hack,0.01466805,0.01483445,0.01473118,0.01481224
2024-08-09 00:00:00.000,After_hack,0.01457276,0.01508995,0.01457276,0.01479868
2024-08-08 00:00:00.000,After_hack,0.01443988,0.01468035,0.01465882,0.01453795
2024-08-07 00:00:00.000,After_hack,0.01454295,0.01506701,0.01498304,0.01500259
2024-08-06 00:00:00.000,After_hack,0.01457415,0.01498943,0.01457415,0.01498217
2024-08-05 00:00:00.000,After_hack,0.01449656,0.01782734,0.01782734,0.01456869
2024-08-04 00:00:00.000,After_hack,0.01767864,0.01815435,0.01815435,0.01767864
2024-08-03 00:00:00.000,After_hack,0.0179925,0.01813585,0.01801569,0.01811683
2024-08-02 00:00:00.000,After_hack,0.01798738,0.01842115,0.01812843,0.01798738
2024-08-01 00:00:00.000,After_hack,0.018127,0.01891002,0.01891002,0.018127
2024-07-31 00:00:00.000,After_hack,0.0182698,0.01926437,0.01887939,0.01880194
2024-07-30 00:00:00.000,After_hack,0.01881569,0.01964851,0.01957274,0.01891596
2024-07-29 00:00:00.000,After_hack,0.01955021,0.02127619,0.02124102,0.01958558
2024-07-28 00:00:00.000,After_hack,0.01997198,0.02160314,0.02039305,0.02124813
2024-07-27 00:00:00.000,After_hack,0.02031345,0.02068765,0.02039566,0.02031425
2024-07-26 00:00:00.000,After_hack,0.02031317,0.02138955,0.0213242,0.02031317
2024-07-25 00:00:00.000,After_hack,0.0213984,0.02207798,0.02140957,0.02144376
2024-07-24 00:00:00.000,After_hack,0.02081918,0.02141699,0.02141699,0.0211742
2024-07-23 00:00:00.000,After_hack,0.02136088,0.0223581,0.02223547,0.02136088
2024-07-22 00:00:00.000,After_hack,0.02210603,0.02249176,0.02227353,0.0222664
2024-07-21 00:00:00.000,After_hack,0.02216378,0.02241251,0.02224522,0.02234714
2024-07-20 00:00:00.000,After_hack,0.022038,0.02262698,0.02258424,0.02220006
2024-07-19 00:00:00.000,After_hack,0.02094601,0.02285655,0.0209901,0.02261468
2024-07-18 00:00:00.000,After_hack,0.0209403,0.02190836,0.02187048,0.02095684
2024-07-17 00:00:00.000,After_hack,0.02185265,0.02205935,0.02193996,0.02191727
2024-07-16 00:00:00.000,After_hack,0.02184124,0.02245724,0.021852,0.02192607
2024-07-15 00:00:00.000,After_hack,0.021361,0.0222298,0.0222298,0.02189969
2024-07-14 00:00:00.000,After_hack,0.02165195,0.02219191,0.02209084,0.02219191
2024-07-13 00:00:00.000,After_hack,0.0213273,0.02199914,0.0213273,0.02196371
2024-07-12 00:00:00.000,After_hack,0.02077074,0.02138253,0.02088838,0.02133987
2024-07-11 00:00:00.000,After_hack,0.02052675,0.02147095,0.02093439,0.02079491
2024-07-10 00:00:00.000,After_hack,0.02089563,0.02117976,0.02107703,0.02104724
2024-07-09 00:00:00.000,After_hack,0.02116354,0.02166031,0.0213316,0.02118009
2024-07-08 00:00:00.000,After_hack,0.02062156,0.02221625,0.02072889,0.0212786
2024-07-07 00:00:00.000,After_hack,0.0206589,0.02092681,0.02085926,0.0206589
2024-07-06 00:00:00.000,After_hack,0.020735,0.02096264,0.02080081,0.02086424
2024-07-05 00:00:00.000,After_hack,0.02069362,0.02215774,0.02215774,0.0207367
2024-07-04 00:00:00.000,After_hack,0.02146185,0.02385401,0.02384148,0.02146185
2024-07-03 00:00:00.000,After_hack,0.02366484,0.02393257,0.02377057,0.02383044
2024-07-02 00:00:00.000,After_hack,0.02368366,0.02390627,0.02390627,0.02390398
2024-07-01 00:00:00.000,After_hack,0.02372658,0.02396056,0.02379022,0.02396056
2024-06-30 00:00:00.000,After_hack,0.02326172,0.02402758,0.02386108,0.02389882
2024-06-29 00:00:00.000,After_hack,0.02373024,0.0243338,0.0238575,0.02400819
2024-06-28 00:00:00.000,After_hack,0.02380228,0.02505664,0.02505664,0.02447216
2024-06-27 00:00:00.000,After_hack,0.02493163,0.02512441,0.02493163,0.02502495
2024-06-26 00:00:00.000,After_hack,0.02491078,0.02581417,0.02575012,0.02510177
2024-06-25 00:00:00.000,After_hack,0.02431126,0.02588762,0.0250062,0.02575269
2024-06-24 00:00:00.000,After_hack,0.02502277,0.02599659,0.02583205,0.02517188
2024-06-23 00:00:00.000,After_hack,0.02570789,0.02697372,0.02687622,0.02570789
2024-06-22 00:00:00.000,After_hack,0.02687159,0.02759839,0.02749121,0.02694294
2024-06-21 00:00:00.000,After_hack,0.02687497,0.02778894,0.02707235,0.02762509
2024-06-20 00:00:00.000,After_hack,0.02642949,0.02767746,0.02649846,0.02692152
2024-06-19 00:00:00.000,After_hack,0.02631074,0.02663922,0.02663922,0.02641835
2024-06-18 00:00:00.000,After_hack,0.02650588,0.02821211,0.02788961,0.02650588
2024-06-17 00:00:00.000,After_hack,0.02777093,0.0282406,0.02820057,0.02784424
2024-06-16 00:00:00.000,After_hack,0.02729067,0.02845451,0.02739062,0.02812674
2024-06-15 00:00:00.000,After_hack,0.02665934,0.02768761,0.02768761,0.02746863
2024-06-14 00:00:00.000,After_hack,0.02557821,0.02774817,0.02603574,0.02707756
2024-06-13 00:00:00.000,After_hack,0.02575157,0.0264376,0.02587399,0.02612929
2024-06-12 00:00:00.000,After_hack,0.02544691,0.02605141,0.02575123,0.02588043
2024-06-11 00:00:00.000,After_hack,0.02525202,0.02611286,0.02611286,0.02569251
2024-06-10 00:00:00.000,After_hack,0.02568541,0.02651194,0.02596223,0.02615597
2024-06-09 00:00:00.000,After_hack,0.02580806,0.02642889,0.02580806,0.02612168
2024-06-08 00:00:00.000,After_hack,0.02554388,0.02685449,0.02670814,0.02583812
2024-06-07 00:00:00.000,After_hack,0.02636292,0.0277199,0.0277199,0.02672277
2024-06-06 00:00:00.000,After_hack,0.02744477,0.02843852,0.0276018,0.02778767
2024-06-05 00:00:00.000,After_hack,0.02715223,0.02813442,0.02810083,0.02736369
2024-06-04 00:00:00.000,After_hack,0.0278346,0.02811055,0.02801272,0.02795384
2024-06-03 00:00:00.000,After_hack,0.02704325,0.02811795,0.02803632,0.02803459
2024-06-02 00:00:00.000,After_hack,0.02784253,0.02890154,0.02871662,0.02807936
2024-06-01 00:00:00.000,After_hack,0.02814523,0.02859885,0.02836327,0.02844041
2024-05-31 00:00:00.000,After_hack,0.02644626,0.02872345,0.02655252,0.02865789
2024-05-30 00:00:00.000,After_hack,0.0270443,0.02859181,0.02859181,0.0270443
2024-05-29 00:00:00.000,After_hack,0.02865115,0.0292604,0.02908887,0.02865115
2024-05-28 00:00:00.000,After_hack,0.02891894,0.03008359,0.02983977,0.02934106
2024-05-27 00:00:00.000,After_hack,0.02924191,0.03024102,0.0299505,0.03000134
2024-05-26 00:00:00.000,After_hack,0.02987426,0.0303081,0.03012546,0.02999776
2024-05-25 00:00:00.000,After_hack,0.029691,0.03101172,0.02980572,0.03020287
2024-05-24 00:00:00.000,After_hack,0.02980861,0.03081037,0.030508,0.02980861
2024-05-23 00:00:00.000,After_hack,0.03040847,0.03195258,0.031092,0.03067801
2024-05-22 00:00:00.000,After_hack,0.03166717,0.0331175,0.03202688,0.03184388
2024-05-21 00:00:00.000,After_hack,0.03191555,0.0343374,0.0343374,0.03212362
2024-05-20 00:00:00.000,After_hack,0.03398354,0.03431675,0.03405222,0.03409239
2024-05-19 00:00:00.000,After_hack,0.03399831,0.03496069,0.03416234,0.03414036
2024-05-18 00:00:00.000,After_hack,0.03418491,0.03449134,0.03445223,0.03424005
2024-05-17 00:00:00.000,After_hack,0.03402791,0.03533726,0.03417247,0.03444211
2024-05-16 00:00:00.000,After_hack,0.03125068,0.03486292,0.03125068,0.03486292
2024-05-15 00:00:00.000,After_hack,0.03038664,0.03138789,0.03073127,0.03117951
2024-05-14 00:00:00.000,After_hack,0.02940012849,0.03093186,0.02991998249,0.03093186
2024-05-13 00:00:00.000,After_hack,0.02885237053,0.03008214354,0.02909518418,0.03008214354
2024-05-12 00:00:00.000,After_hack,0.02903762803,0.02940153027,0.02928988818,0.02905080368
2024-05-11 00:00:00.000,After_hack,0.02905899656,0.02946521217,0.02919915369,0.02924194304
2024-05-10 00:00:00.000,After_hack,0.02885508376,0.03001843961,0.03001843961,0.02909690758
2024-05-09 00:00:00.000,After_hack,0.02979803681,0.03077033785,0.03077033785,0.02999011594
2024-05-08 00:00:00.000,After_hack,0.02920941555,0.03103745213,0.02986947501,0.03103745213
2024-05-07 00:00:00.000,After_hack,0.02933619048,0.03095738423,0.03087420483,0.02975449596
2024-05-06 00:00:00.000,After_hack,0.03075383373,0.03140929888,0.03140929888,0.03081665125
2024-05-05 00:00:00.000,After_hack,0.03080517432,0.03138068244,0.03080517432,0.03107979231
2024-05-04 00:00:00.000,After_hack,0.03076558579,0.03107107086,0.030825452,0.0309683164
2024-05-03 00:00:00.000,After_hack,0.03023197806,0.03127063238,0.03023197806,0.0308284173
2024-05-02 00:00:00.000,After_hack,0.02904073015,0.03183722511,0.02912491396,0.03094016265
2024-05-01 00:00:00.000,After_hack,0.02815947808,0.0325990906,0.03259035621,0.02919636948
2024-04-30 00:00:00.000,After_hack,0.03168307245,0.03405004115,0.03402127023,0.03257021585
2024-04-29 00:00:00.000,After_hack,0.03269935485,0.03425209128,0.03417785425,0.03351910616
2024-04-28 00:00:00.000,After_hack,0.03410419058,0.03456437823,0.0343244255,0.0342290349
2024-04-27 00:00:00.000,After_hack,0.03371888623,0.0345394942,0.03431516265,0.0345394942
2024-04-26 00:00:00.000,After_hack,0.03203268763,0.03444020499,0.03203268763,0.03437497431
2024-04-25 00:00:00.000,After_hack,0.03139294152,0.03280594701,0.03140727566,0.03242257228
2024-04-24 00:00:00.000,After_hack,0.03108928939,0.03177215034,0.03169587331,0.0312430464
2024-04-23 00:00:00.000,After_hack,0.03105913566,0.03285652113,0.03278751231,0.03165620315
2024-04-22 00:00:00.000,After_hack,0.03079446322,0.03309593256,0.03163836659,0.03274041347
2024-04-21 00:00:00.000,After_hack,0.02771539209,0.03186159139,0.02781486131,0.03176741993
2024-04-20 00:00:00.000,After_hack,0.02774558675,0.02927916992,0.02909236195,0.02774558675
2024-04-19 00:00:00.000,After_hack,0.02896287697,0.03067040729,0.02974048287,0.02968218466
2024-04-18 00:00:00.000,After_hack,0.0262149982,0.02982891616,0.0262149982,0.02946892217
2024-04-17 00:00:00.000,After_hack,0.02528195798,0.02714318607,0.02565169523,0.02698148724
2024-04-16 00:00:00.000,After_hack,0.02543477856,0.03137847711,0.02785524032,0.02554095879
2024-04-15 00:00:00.000,After_hack,0.02342270669,0.02695965507,0.02343828715,0.02695965507
2024-04-14 00:00:00.000,After_hack,0.02301406097,0.02423186043,0.02301406097,0.02355881547
2024-04-13 00:00:00.000,After_hack,0.02295441179,0.0280877335,0.02501988434,0.02295441179
2024-04-12 00:00:00.000,After_hack,0.02436077141,0.03228960323,0.02947563117,0.02436077141
2024-04-11 00:00:00.000,After_hack,0.02995385933,0.03857890666,0.03832610934,0.02995385933
2024-04-10 00:00:00.000,After_hack,0.02827570994,0.03961032077,0.02981990351,0.03817224124
2024-04-09 00:00:00.000,After_hack,0.02194820825,0.029585315,0.0235343804,0.02773207067
2024-04-08 00:00:00.000,After_hack,0.02302079036,0.02714430812,0.02421477017,0.02302079036
2024-04-07 00:00:00.000,After_hack,0.02294045048,0.02594497541,0.02312743237,0.02401564986
2024-04-06 00:00:00.000,After_hack,0.01902059733,0.02463536379,0.01988970871,0.02334870239
2024-04-05 00:00:00.000,After_hack,0.01568910692,0.02018917699,0.01725673222,0.02018917699
2024-04-04 00:00:00.000,After_hack,0.01690964363,0.01725851795,0.0170792558,0.01725851795
2024-04-03 00:00:00.000,After_hack,0.01726486324,0.01776572321,0.01762883229,0.01726486324
2024-04-02 00:00:00.000,After_hack,0.0172831746,0.02025674898,0.02025674898,0.01739580019
2024-04-01 00:00:00.000,After_hack,0.01992367206,0.02262326577,0.01992367206,0.02010215956
2024-03-31 00:00:00.000,After_hack,0.01932187524,0.02099454596,0.02099454596,0.0198130617
2024-03-30 00:00:00.000,After_hack,0.01966879239,0.02241464867,0.01966879239,0.02133822671
2024-03-29 00:00:00.000,After_hack,0.01797986799,0.01960151669,0.01857504667,0.01960151669
2024-03-28 00:00:00.000,After_hack,0.01772388154,0.01929802219,0.01772388154,0.0185014708
2024-03-27 00:00:00.000,After_hack,0.01770997646,0.01953315459,0.01859196942,0.01770997646
2024-03-26 00:00:00.000,After_hack,0.01862196901,0.02004115588,0.01988562029,0.01862196901
2024-03-25 00:00:00.000,After_hack,0.01959413917,0.02047926764,0.02047926764,0.02041250773
2024-03-24 00:00:00.000,After_hack,0.01914661033,0.01996083396,0.01985145599,0.01996083396
2024-03-23 00:00:00.000,After_hack,0.02009361662,0.02271965959,0.02139729435,0.02009361662
2024-03-22 00:00:00.000,After_hack,0.02102123094,0.02257922912,0.02202984081,0.02122954852
2024-03-21 00:00:00.000,After_hack,0.02223178755,0.02372923565,0.02326921707,0.02223178755
2024-03-20 00:00:00.000,After_hack,0.02120281699,0.02508506914,0.02398971379,0.02351025373
2024-03-19 00:00:00.000,After_hack,0.0194851122,0.02241639163,0.0194851122,0.02241639163
2024-03-18 00:00:00.000,After_hack,0.01938750631,0.02553610344,0.02095368741,0.01938750631
2024-03-17 00:00:00.000,After_hack,0.01804082916,0.02399686692,0.01955373699,0.02025558603
2024-03-16 00:00:00.000,After_hack,0.01492887276,0.02754317997,0.01492887276,0.02124671247
2024-03-15 00:00:00.000,After_hack,0.0141303454,0.01481419263,0.01417462402,0.01481419263
2024-03-14 00:00:00.000,After_hack,0.01384677034,0.01494785887,0.01494785887,0.01396862955
2024-03-13 00:00:00.000,After_hack,0.01476464235,0.01514430809,0.01508739734,0.01489355581
2024-03-12 00:00:00.000,After_hack,0.01468538381,0.01514835301,0.01502455571,0.01495680332
2024-03-11 00:00:00.000,After_hack,0.01469289456,0.01510895905,0.01469289456,0.01504244301
2024-03-10 00:00:00.000,After_hack,0.01475669552,0.01507268149,0.01487563402,0.01475669552
2024-03-09 00:00:00.000,After_hack,0.01420768296,0.01501082208,0.01441758882,0.01489660446
2024-03-08 00:00:00.000,After_hack,0.01407865657,0.0144151706,0.01407865657,0.01421252253
2024-03-07 00:00:00.000,After_hack,0.01393323493,0.01468636431,0.01458460362,0.01410318023
2024-03-06 00:00:00.000,After_hack,0.01404203415,0.01460971126,0.01410523949,0.01428769584
2024-03-05 00:00:00.000,After_hack,0.01364536463,0.01492685403,0.01471378637,0.01409675192
2024-03-04 00:00:00.000,After_hack,0.01333722599,0.01627286179,0.01539045048,0.01458665074
2024-03-03 00:00:00.000,After_hack,0.01439601705,0.01459375182,0.01444752462,0.0145183881
2024-03-02 00:00:00.000,After_hack,0.01433972562,0.01452736896,0.01446980048,0.01447796356
2024-03-01 00:00:00.000,After_hack,0.01399509573,0.01445566703,0.01403954589,0.01438101683
2024-02-29 00:00:00.000,After_hack,0.01385545487,0.01437165779,0.01418065591,0.0141190901
2024-02-28 00:00:00.000,After_hack,0.01410837832,0.01462947433,0.01462947433,0.0142602254
2024-02-27 00:00:00.000,After_hack,0.01399450989,0.01553567654,0.01501792594,0.01415699602
2024-02-26 00:00:00.000,After_hack,0.01462552656,0.01500133622,0.01500133622,0.01493901749
2024-02-25 00:00:00.000,After_hack,0.01429989086,0.01506445037,0.01432334448,0.01499009057
2024-02-24 00:00:00.000,After_hack,0.013865495,0.01452429783,0.01410520968,0.01452065116
2024-02-23 00:00:00.000,After_hack,0.01353422388,0.01425768835,0.01413932295,0.01415465865
2024-02-22 00:00:00.000,After_hack,0.01345987885,0.01411330768,0.01399797256,0.01366753701
2024-02-21 00:00:00.000,After_hack,0.0139391902,0.01489538248,0.01486815587,0.0139391902
2024-02-20 00:00:00.000,After_hack,0.01484650117,0.01513766418,0.01506057059,0.01485452864
2024-02-19 00:00:00.000,After_hack,0.01404763894,0.01511675358,0.01404763894,0.01508880793
2024-02-18 00:00:00.000,After_hack,0.01360659515,0.01433742416,0.0140052168,0.01408302955
2024-02-17 00:00:00.000,After_hack,0.01363500294,0.01402969939,0.01372265945,0.01399982478
2024-02-16 00:00:00.000,After_hack,0.01369414317,0.01475428458,0.01450053099,0.01369414317
2024-02-15 00:00:00.000,After_hack,0.01426820954,0.0146883058,0.01426820954,0.01450129194
2024-02-14 00:00:00.000,After_hack,0.0144534957,0.01544675733,0.01530233254,0.0144534957
2024-02-13 00:00:00.000,After_hack,0.0152442602,0.01599059043,0.01572705024,0.01534503265
2024-02-12 00:00:00.000,After_hack,0.01444451087,0.01716719808,0.01444451087,0.01587071994
2024-02-11 00:00:00.000,After_hack,0.01214799991,0.01404334942,0.01268849851,0.01404334942
2024-02-10 00:00:00.000,After_hack,0.0121626343,0.01278384857,0.01260091127,0.01234016807
2024-02-09 00:00:00.000,After_hack,0.01245139807,0.0130169954,0.01298790839,0.01257424946
2024-02-08 00:00:00.000,After_hack,0.0128199918,0.01344410233,0.0128199918,0.01301475706
2024-02-07 00:00:00.000,After_hack,0.01187971574,0.01290592246,0.01189954918,0.01279528359
2024-02-06 00:00:00.000,After_hack,0.0116975158,0.01268715836,0.01268715836,0.01194908639
2024-02-05 00:00:00.000,After_hack,0.01259075886,0.01327389099,0.01327389099,0.01264198709
2024-02-04 00:00:00.000,After_hack,0.01292911447,0.01320872034,0.01309736303,0.01318404571
2024-02-03 00:00:00.000,After_hack,0.0130566994,0.01374473161,0.01355591545,0.0130566994
2024-02-02 00:00:00.000,After_hack,0.01244576178,0.01370387603,0.01279199863,0.01360736775
2024-02-01 00:00:00.000,After_hack,0.01270434154,0.01359552076,0.01348626647,0.01280684888
2024-01-31 00:00:00.000,After_hack,0.01331877066,0.01444351838,0.01400586754,0.01361365912
2024-01-30 00:00:00.000,After_hack,0.01352214792,0.01440462113,0.01363175583,0.01400017878
2024-01-29 00:00:00.000,After_hack,0.01432794888,0.01472486533,0.01459402677,0.01444701415
2024-01-28 00:00:00.000,After_hack,0.0143408329,0.01495526636,0.01443558869,0.01451108824
2024-01-27 00:00:00.000,After_hack,0.01338553954,0.01492512304,0.01415017972,0.0143418645
2024-01-26 00:00:00.000,After_hack,0.01353243148,0.0152783497,0.01518392434,0.01407584092
2024-01-25 00:00:00.000,After_hack,0.0151252328,0.01558191912,0.01550213586,0.01516469468
2024-01-24 00:00:00.000,After_hack,0.01524468479,0.01580753882,0.01524468479,0.0155194276
2024-01-23 00:00:00.000,After_hack,0.01483879606,0.01638778409,0.01638778409,0.01529224361
2024-01-22 00:00:00.000,After_hack,0.01639294511,0.01715980722,0.01715980722,0.01639294511
2024-01-21 00:00:00.000,After_hack,0.01720591746,0.01852278276,0.01721547345,0.01848529205
2024-01-20 00:00:00.000,After_hack,0.01625722583,0.01802440785,0.01712316645,0.0171373959
2024-01-19 00:00:00.000,After_hack,0.01595722182,0.01680653635,0.0162113784,0.01648078797
2024-01-18 00:00:00.000,After_hack,0.01586278881,0.01836932885,0.01793168856,0.01619299244
2024-01-17 00:00:00.000,After_hack,0.01742161051,0.01800142368,0.01755796836,0.01800142368
2024-01-16 00:00:00.000,After_hack,0.01726116328,0.01807919053,0.01726116328,0.01750188855
2024-01-15 00:00:00.000,After_hack,0.01726440777,0.01833543107,0.01776174838,0.01737845426
2024-01-14 00:00:00.000,After_hack,0.01762094708,0.01834801973,0.01770528684,0.01834801973
2024-01-13 00:00:00.000,After_hack,0.0174637779,0.01849304702,0.01823198408,0.01767523352
2024-01-12 00:00:00.000,After_hack,0.01792196678,0.01870867614,0.01792196678,0.01863206619
2024-01-11 00:00:00.000,After_hack,0.01754594927,0.01877248913,0.01767522603,0.01789144398
2024-01-10 00:00:00.000,After_hack,0.01746804828,0.01775287462,0.01746804828,0.01767540107
2024-01-09 00:00:00.000,After_hack,0.01748940477,0.01812054906,0.01771608402,0.01748940477
2024-01-08 00:00:00.000,After_hack,0.01764356577,0.01845055419,0.01831122033,0.01771127862
2024-01-07 00:00:00.000,After_hack,0.01797656725,0.01874833917,0.01853765623,0.01849995882
2024-01-06 00:00:00.000,After_hack,0.01889524683,0.01995604761,0.01942274516,0.01912841642
2024-01-05 00:00:00.000,After_hack,0.01934514173,0.02153800217,0.02153800217,0.01935054901
2024-01-04 00:00:00.000,After_hack,0.02054921374,0.02163883676,0.02135337625,0.02114470305
2024-01-03 00:00:00.000,After_hack,0.02136926896,0.02368497802,0.02368497802,0.02136926896
2024-01-02 00:00:00.000,After_hack,0.02334127577,0.02401245754,0.02401245754,0.02358177238
2024-01-01 00:00:00.000,After_hack,0.02372250474,0.02424673024,0.02422043705,0.023873746
2023-12-31 00:00:00.000,After_hack,0.02409432509,0.02528836829,0.02433430193,0.02409432509
2023-12-30 00:00:00.000,After_hack,0.02374804955,0.02478144139,0.02386356826,0.02427294918
2023-12-29 00:00:00.000,After_hack,0.02375342076,0.02500328408,0.02484267505,0.02375342076
2023-12-28 00:00:00.000,After_hack,0.02474226979,0.02728099373,0.0271984833,0.02477830677
2023-12-27 00:00:00.000,After_hack,0.02560684212,0.02746053367,0.0257807236,0.02706088582
2023-12-26 00:00:00.000,After_hack,0.02572925613,0.02722575812,0.02708058313,0.02572925613
2023-12-25 00:00:00.000,After_hack,0.02479523537,0.02750398987,0.02734591427,0.02683558397
2023-12-24 00:00:00.000,After_hack,0.02402603401,0.02760769276,0.02578002746,0.02712892899
2023-12-23 00:00:00.000,After_hack,0.02414322386,0.0250256007,0.02435708264,0.02446113981
2023-12-22 00:00:00.000,After_hack,0.02420946695,0.02567135905,0.02496834299,0.02422560956
2023-12-21 00:00:00.000,After_hack,0.02412295792,0.02544091141,0.02478708246,0.02526272409
2023-12-20 00:00:00.000,After_hack,0.02376961605,0.02541256542,0.02376961605,0.02497898809
2023-12-19 00:00:00.000,After_hack,0.02325555755,0.02554143969,0.023388775,0.02374600469
2023-12-18 00:00:00.000,After_hack,0.02289153134,0.02606289989,0.02482585648,0.02336162384
2023-12-17 00:00:00.000,After_hack,0.02368424783,0.02717497246,0.02717497246,0.02368424783
2023-12-16 00:00:00.000,After_hack,0.02254510582,0.02566703111,0.02278043427,0.02512948764
2023-12-15 00:00:00.000,After_hack,0.02259643161,0.02399981836,0.02269660964,0.02284049592
2023-12-14 00:00:00.000,After_hack,0.0221984381,0.02533742697,0.02516650644,0.02282335956
2023-12-13 00:00:00.000,After_hack,0.0216663078,0.02595938662,0.02531863301,0.02595938662
2023-12-12 00:00:00.000,After_hack,0.02295491512,0.0298078018,0.02335000464,0.02465493757
2023-12-11 00:00:00.000,After_hack,0.02144489991,0.0229518664,0.02146648448,0.0229518664
2023-12-10 00:00:00.000,After_hack,0.02037159143,0.02182656362,0.02062379735,0.02161938267
2023-12-09 00:00:00.000,After_hack,0.02118778709,0.0224779574,0.02213588127,0.02153983296
2023-12-08 00:00:00.000,After_hack,0.01848994127,0.02225636154,0.01869643626,0.02170995171
2023-12-07 00:00:00.000,After_hack,0.01841319623,0.01896630544,0.01887200577,0.01871795038
2023-12-06 00:00:00.000,After_hack,0.01871913799,0.02006216601,0.01929554419,0.01890861634
2023-12-05 00:00:00.000,After_hack,0.01890571911,0.01949519729,0.01940878972,0.01924669811
2023-12-04 00:00:00.000,After_hack,0.01888815669,0.02051695122,0.02051695122,0.01939365926
2023-12-03 00:00:00.000,After_hack,0.02009859626,0.02116818719,0.02097863652,0.02046672629
2023-12-02 00:00:00.000,After_hack,0.02074888671,0.02187189214,0.02187189214,0.02092429769
2023-12-01 00:00:00.000,After_hack,0.02168106708,0.0222811693,0.02176715717,0.02173157621
2023-11-30 00:00:00.000,After_hack,0.02168473097,0.02273515537,0.02172078469,0.02168473097
2023-11-29 00:00:00.000,After_hack,0.02097117384,0.02287974889,0.02097117384,0.02167456484
2023-11-28 00:00:00.000,After_hack,0.02015967202,0.02090027152,0.02069316647,0.02090027152
2023-11-27 00:00:00.000,After_hack,0.02061935727,0.02178691075,0.02080705081,0.02086533822
2023-11-26 00:00:00.000,After_hack,0.02008226158,0.0209082338,0.02008226158,0.0208856884
2023-11-25 00:00:00.000,After_hack,0.01986070914,0.02076376028,0.02006482048,0.02047662624
2023-11-24 00:00:00.000,After_hack,0.01950785798,0.02074176121,0.0197629909,0.02006999939
2023-11-23 00:00:00.000,After_hack,0.01905637809,0.01959794674,0.01942193453,0.01959794674
2023-11-22 00:00:00.000,After_hack,0.01910421011,0.01988616839,0.0194929065,0.01988616839
2023-11-21 00:00:00.000,After_hack,0.01921635784,0.01967366186,0.01948717056,0.01967366186
2023-11-20 00:00:00.000,After_hack,0.01845311923,0.02016490915,0.01932046351,0.01944573139
2023-11-19 00:00:00.000,After_hack,0.0190286931,0.01957610555,0.01955825028,0.01943068803
2023-11-18 00:00:00.000,After_hack,0.01951365131,0.02032792989,0.02032792989,0.01951365131
2023-11-17 00:00:00.000,After_hack,0.01999924928,0.02096716728,0.02059756415,0.02011798486
2023-11-16 00:00:00.000,After_hack,0.02060053322,0.02333415644,0.02307363299,0.02078084321
2023-11-15 00:00:00.000,After_hack,0.02157778357,0.0268071317,0.0268071317,0.0227916133
2023-11-14 00:00:00.000,After_hack,0.02203779079,0.02502090577,0.02203779079,0.02502090577
2023-11-13 00:00:00.000,After_hack,0.02169807697,0.02470165793,0.02308360681,0.02192126743
2023-11-12 00:00:00.000,After_hack,0.02140068344,0.0246590174,0.02140068344,0.02313840686
2023-11-11 00:00:00.000,After_hack,0.01819757586,0.02094368055,0.01819757586,0.02086112617
2023-11-10 00:00:00.000,After_hack,0.01787575118,0.01852755527,0.01824935506,0.01813387716
2023-11-09 00:00:00.000,After_hack,0.01839025972,0.02051480916,0.01980663721,0.01842093941
2023-11-08 00:00:00.000,After_hack,0.01980522606,0.02068563993,0.02068312325,0.01980630715
2023-11-07 00:00:00.000,After_hack,0.02060912737,0.02136227876,0.02100486545,0.02066207244
2023-11-06 00:00:00.000,After_hack,0.02023585408,0.02173481905,0.02023585408,0.02111740095
2023-11-05 00:00:00.000,After_hack,0.02008645389,0.02268589464,0.02268589464,0.02008645389
2023-11-04 00:00:00.000,After_hack,0.01841230534,0.02030034825,0.01854119657,0.02030034825
2023-11-03 00:00:00.000,After_hack,0.01807372995,0.01877498008,0.01876157735,0.01854647433
2023-11-02 00:00:00.000,After_hack,0.01875195468,0.02034581739,0.01967262206,0.01875195468
2023-11-01 00:00:00.000,After_hack,0.01754205174,0.0190495296,0.01875125845,0.0190495296
2023-10-31 00:00:00.000,After_hack,0.01794295199,0.02005482088,0.01820983474,0.01894913521
2023-10-30 00:00:00.000,After_hack,0.01578259065,0.01811638643,0.01624708464,0.01811638643
2023-10-29 00:00:00.000,After_hack,0.01618221682,0.01653796629,0.01643552216,0.01630507317
2023-10-28 00:00:00.000,After_hack,0.01615945197,0.01652851223,0.01634480908,0.01622054459
2023-10-27 00:00:00.000,After_hack,0.01611800546,0.01668284757,0.01616143381,0.01639171453
2023-10-26 00:00:00.000,After_hack,0.01620556446,0.01825035771,0.01809905216,0.01620556446
2023-10-25 00:00:00.000,After_hack,0.01796050233,0.02007213369,0.02000668457,0.01811782316
2023-10-24 00:00:00.000,After_hack,0.01631875746,0.02515399682,0.02515399682,0.01909247405
2023-10-23 00:00:00.000,After_hack,0.01379422632,0.02552595292,0.01379422632,0.02540481049
2023-10-22 00:00:00.000,After_hack,0.01147834221,0.01387870488,0.01188862702,0.01387870488
2023-10-21 00:00:00.000,After_hack,0.01175216293,0.01192426998,0.01180928697,0.01192426998
2023-10-20 00:00:00.000,After_hack,0.01183717137,0.01250415412,0.01236687745,0.01183717137
2023-10-19 00:00:00.000,After_hack,0.01211167023,0.0124607012,0.0121789361,0.01233637396
2023-10-18 00:00:00.000,After_hack,0.01220923213,0.01311895351,0.0130026279,0.01230942027
2023-10-17 00:00:00.000,After_hack,0.01273655446,0.01319238684,0.01296148821,0.01283124057
2023-10-16 00:00:00.000,After_hack,0.01294106231,0.0131053724,0.0130182587,0.01301535539
2023-10-15 00:00:00.000,After_hack,0.01290482149,0.013098646,0.01297801664,0.01305676197
2023-10-14 00:00:00.000,After_hack,0.01293867316,0.01331409146,0.01303005093,0.01300763821
2023-10-13 00:00:00.000,After_hack,0.01279499444,0.01326486463,0.01295306233,0.01306021219
2023-10-12 00:00:00.000,After_hack,0.01294391232,0.01348506142,0.01340535649,0.01300455209
2023-10-11 00:00:00.000,After_hack,0.01336727619,0.0136203686,0.01343824207,0.01357242375
2023-10-10 00:00:00.000,After_hack,0.0134030352,0.01390632366,0.01381582412,0.01351779925
2023-10-09 00:00:00.000,After_hack,0.01391012487,0.01413653945,0.01399797908,0.01392387021
2023-10-08 00:00:00.000,After_hack,0.01383074449,0.01424295198,0.01383074449,0.01395179989
2023-10-07 00:00:00.000,After_hack,0.01385212154,0.01433642595,0.01409579798,0.01385212154
2023-10-06 00:00:00.000,After_hack,0.01395783074,0.01425044335,0.01418705592,0.01400140599
2023-10-05 00:00:00.000,After_hack,0.01398984953,0.0144400692,0.01405876731,0.01421081779
2023-10-04 00:00:00.000,After_hack,0.01407929645,0.01461443508,0.01415719864,0.01413847756
2023-10-03 00:00:00.000,After_hack,0.01411079458,0.01456509558,0.01447746456,0.01418167379
2023-10-02 00:00:00.000,After_hack,0.01377250132,0.01474384013,0.01466871194,0.0142830295
2023-10-01 00:00:00.000,After_hack,0.01475809277,0.01499333957,0.01479228299,0.01488487182
2023-09-30 00:00:00.000,After_hack,0.01473090802,0.01494613717,0.01482770904,0.01484027622
2023-09-29 00:00:00.000,After_hack,0.0147944373,0.01516218247,0.01502541085,0.01488747719
2023-09-28 00:00:00.000,After_hack,0.01489698509,0.01512433557,0.01492189213,0.01511496061
2023-09-27 00:00:00.000,After_hack,0.01489513183,0.01515763229,0.01495744353,0.01503238869
2023-09-26 00:00:00.000,After_hack,0.01491072201,0.0155714382,0.01549818389,0.01497567631
2023-09-25 00:00:00.000,After_hack,0.01535299202,0.01563588879,0.01549842887,0.01561281023
2023-09-24 00:00:00.000,After_hack,0.0153949096,0.01561001239,0.01553482349,0.0153949096
2023-09-23 00:00:00.000,After_hack,0.01549017864,0.0156688538,0.01561624224,0.01549017864
2023-09-22 00:00:00.000,After_hack,0.01543490769,0.0156277419,0.01543896946,0.01552850153
2023-09-21 00:00:00.000,After_hack,0.01497294286,0.01556997092,0.01511534601,0.01547194546
2023-09-20 00:00:00.000,After_hack,0.01495196125,0.01513251766,0.01500688627,0.01500436599
2023-09-19 00:00:00.000,After_hack,0.01497122842,0.01520870629,0.01508729031,0.01506865466
2023-09-18 00:00:00.000,After_hack,0.01497194996,0.01517655835,0.01497194996,0.01506875326
2023-09-17 00:00:00.000,After_hack,0.01496632569,0.01513480671,0.01513480671,0.01497304081
2023-09-16 00:00:00.000,After_hack,0.01506265323,0.0152857777,0.01515242281,0.01520848434
2023-09-15 00:00:00.000,After_hack,0.01508103344,0.01645478061,0.01636902232,0.01508103344
2023-09-14 00:00:00.000,After_hack,0.01632322223,0.01649925502,0.01649158237,0.0164140641
2023-09-13 00:00:00.000,After_hack,0.01636784649,0.01703387894,0.01688485469,0.01636784649
2023-09-12 00:00:00.000,After_hack,0.01674480568,0.01702346993,0.01689404374,0.01680427544
2023-09-11 00:00:00.000,After_hack,0.01677592845,0.01709703013,0.01695852244,0.01690807295
2023-09-10 00:00:00.000,After_hack,0.01693532858,0.01708601874,0.01700036245,0.01696615815
2023-09-09 00:00:00.000,After_hack,0.01691427782,0.0170667897,0.01701094747,0.01699947334
2023-09-08 00:00:00.000,After_hack,0.0169523379,0.01714561749,0.01703325296,0.01702189926
2023-09-07 00:00:00.000,After_hack,0.01690481819,0.01720147076,0.01702162331,0.01714589883
2023-09-06 00:00:00.000,After_hack,0.01692246054,0.01716375841,0.01705750987,0.01700957514
2023-09-05 00:00:00.000,After_hack,0.01707213008,0.01762698963,0.01762698963,0.01712619432
2023-09-04 00:00:00.000,After_hack,0.01749589937,0.01766299631,0.01754067352,0.01760883194
2023-09-03 00:00:00.000,After_hack,0.01757932202,0.01777602952,0.01766100379,0.01758660176
2023-09-02 00:00:00.000,After_hack,0.01761189443,0.01774609505,0.01766079277,0.01771880572
2023-09-01 00:00:00.000,After_hack,0.01762424678,0.01784093382,0.01780527348,0.01762424678
2023-08-31 00:00:00.000,After_hack,0.01763193322,0.01785543878,0.01775319783,0.01775459738
2023-08-30 00:00:00.000,After_hack,0.01730801942,0.01784181662,0.01732092513,0.01772453729
2023-08-29 00:00:00.000,After_hack,0.017171186,0.01741741818,0.01720464386,0.01738200148
2023-08-28 00:00:00.000,After_hack,0.01712937399,0.01740413282,0.01729142195,0.01725447697
2023-08-27 00:00:00.000,After_hack,0.01718609627,0.01735198841,0.01721079241,0.01722286174
2023-08-26 00:00:00.000,After_hack,0.01715177767,0.01735070587,0.01729462116,0.01722494476
2023-08-25 00:00:00.000,After_hack,0.0171576155,0.01740425926,0.01726357489,0.01720456462
2023-08-24 00:00:00.000,After_hack,0.01714963155,0.01731937646,0.01729112112,0.01731937646
2023-08-23 00:00:00.000,After_hack,0.01707029655,0.01727257185,0.01709653376,0.01724604467
2023-08-22 00:00:00.000,After_hack,0.01710597412,0.01725079977,0.01715517752,0.01720490565
2023-08-21 00:00:00.000,After_hack,0.01707077182,0.01729301936,0.01717307472,0.01707697386
2023-08-20 00:00:00.000,After_hack,0.01710363677,0.01726608214,0.01719113902,0.01716437217
2023-08-19 00:00:00.000,After_hack,0.01704795888,0.01726304632,0.0171640497,0.01720924513
2023-08-18 00:00:00.000,After_hack,0.01709242279,0.01733705432,0.01718733975,0.01723160394
2023-08-17 00:00:00.000,After_hack,0.01708677731,0.01727510228,0.01722553878,0.0171965501
2023-08-16 00:00:00.000,After_hack,0.01708524164,0.01728506949,0.01728506949,0.01708786823
2023-08-15 00:00:00.000,After_hack,0.01715188847,0.01753748699,0.0174380417,0.01717399497
2023-08-14 00:00:00.000,After_hack,0.0173837928,0.01796322239,0.0177819438,0.01743664422
2023-08-13 00:00:00.000,After_hack,0.0176496758,0.01779782212,0.01769153039,0.01771079723
2023-08-12 00:00:00.000,After_hack,0.01765930737,0.01780094821,0.01776618794,0.01766153827
2023-08-11 00:00:00.000,After_hack,0.01763534451,0.01777454831,0.01776416688,0.01777238656
2023-08-10 00:00:00.000,After_hack,0.01764160294,0.01779130734,0.01778495032,0.01777319831
2023-08-09 00:00:00.000,After_hack,0.01740884754,0.01784874336,0.01741995533,0.01770192288
2023-08-08 00:00:00.000,After_hack,0.01736499762,0.01751724929,0.01748452063,0.01745368725
2023-08-07 00:00:00.000,After_hack,0.01735944797,0.01752364412,0.01741999821,0.01739482835
2023-08-06 00:00:00.000,After_hack,0.017347553,0.01751486111,0.01747260993,0.01746946746
2023-08-05 00:00:00.000,After_hack,0.01739170901,0.01755775008,0.01755775008,0.01750500207
2023-08-04 00:00:00.000,After_hack,0.0172381746,0.01758141206,0.01758141206,0.01750311453
2023-08-03 00:00:00.000,After_hack,0.01742756881,0.01760809324,0.01757954363,0.01756328944
2023-08-02 00:00:00.000,After_hack,0.01742866115,0.0178968043,0.01783392661,0.01751199441
2023-08-01 00:00:00.000,After_hack,0.01773133548,0.0178927425,0.01788856694,0.01775803512
2023-07-31 00:00:00.000,After_hack,0.01773294271,0.01791745587,0.01776937503,0.01782064675
2023-07-30 00:00:00.000,After_hack,0.01767724913,0.01791415197,0.01786999839,0.01782258847
2023-07-29 00:00:00.000,After_hack,0.01743137675,0.01787907201,0.01747091419,0.01787346852
2023-07-28 00:00:00.000,After_hack,0.0174336797,0.01759103313,0.01753217127,0.01755368238
2023-07-27 00:00:00.000,After_hack,0.01735957324,0.01760517247,0.01749488664,0.0174666286
2023-07-26 00:00:00.000,After_hack,0.01741846973,0.01759531005,0.01750395148,0.01750640283
2023-07-25 00:00:00.000,After_hack,0.01745888964,0.01762602699,0.01758136218,0.01749518267
2023-07-24 00:00:00.000,After_hack,0.01744050292,0.01775806433,0.01749232273,0.01758177856
2023-07-23 00:00:00.000,After_hack,0.01744118235,0.01760553446,0.0175923059,0.0174549896
2023-07-22 00:00:00.000,After_hack,0.01740293869,0.01755748196,0.01745188349,0.01754487363
2023-07-21 00:00:00.000,After_hack,0.01741784204,0.01757237384,0.01757237384,0.01748447875
2023-07-20 00:00:00.000,After_hack,0.01742643028,0.01763295707,0.01744054278,0.0174506208
2023-07-19 00:00:00.000,After_hack,0.0173094779,0.01780381465,0.01770466417,0.01737441825
2023-07-18 00:00:00.000,After_hack,0.01770515792,0.01819538773,0.01819538773,0.01782015009
2023-07-17 00:00:00.000,After_hack,0.01801742025,0.01818357222,0.01813486166,0.01815135972
2023-07-16 00:00:00.000,After_hack,0.01802220986,0.01820694093,0.01807153553,0.01816677411
2023-07-15 00:00:00.000,After_hack,0.01813932481,0.0183037792,0.01823108958,0.01824228479
2023-07-14 00:00:00.000,After_hack,0.01808299502,0.01829908738,0.0182294293,0.01820557899
2023-07-13 00:00:00.000,After_hack,0.01759160018,0.01831106579,0.01772812978,0.01831106579
2023-07-12 00:00:00.000,After_hack,0.01749921798,0.01773469381,0.01755528099,0.0175785066
2023-07-11 00:00:00.000,After_hack,0.01747512921,0.01764212119,0.01759170262,0.01760919355
2023-07-10 00:00:00.000,After_hack,0.01746620064,0.01776336834,0.01753284507,0.01776336834
2023-07-09 00:00:00.000,After_hack,0.01746543852,0.01763802206,0.01746543852,0.01763461321
2023-07-08 00:00:00.000,After_hack,0.01697787637,0.01755889786,0.01707032182,0.01755889786
2023-07-07 00:00:00.000,After_hack,0.01702581887,0.01744791118,0.01739490378,0.01702581887
2023-07-06 00:00:00.000,After_hack,0.01730129515,0.01772686118,0.01771444761,0.01738493008
2023-07-05 00:00:00.000,After_hack,0.01758054837,0.01774556526,0.01760972149,0.01766871204
2023-07-04 00:00:00.000,After_hack,0.01758444868,0.01777529133,0.01769042113,0.01770902901
2023-07-03 00:00:00.000,After_hack,0.01726800107,0.01791042145,0.01770760747,0.01776758408
2023-07-02 00:00:00.000,After_hack,0.01756556532,0.01791108959,0.01779957622,0.01763292788
2023-07-01 00:00:00.000,After_hack,0.01708790064,0.01789455675,0.01708790064,0.01785303008
2023-06-30 00:00:00.000,After_hack,0.01707022097,0.01723412646,0.01707526104,0.01715229931
2023-06-29 00:00:00.000,After_hack,0.01702770952,0.01719115123,0.0171496196,0.01718338717
2023-06-28 00:00:00.000,After_hack,0.01703453697,0.01721856239,0.01708608317,0.01714230375
2023-06-27 00:00:00.000,After_hack,0.01705166777,0.0172399261,0.01718551314,0.01712638463
2023-06-26 00:00:00.000,After_hack,0.01708684438,0.0172721925,0.0172721925,0.01715475581
2023-06-25 00:00:00.000,After_hack,0.01714605097,0.01734355917,0.01731400247,0.01719924435
2023-06-24 00:00:00.000,After_hack,0.01719736099,0.01739294704,0.01729724539,0.01719736099
2023-06-23 00:00:00.000,After_hack,0.01721876412,0.01775568941,0.01772972604,0.01721876412
2023-06-22 00:00:00.000,After_hack,0.0172139821,0.01791685371,0.01742927698,0.01770261487
2023-06-21 00:00:00.000,After_hack,0.01738028665,0.0175532698,0.01755051424,0.01754648991
2023-06-20 00:00:00.000,After_hack,0.01729660216,0.01755199607,0.01742683358,0.01739394158
2023-06-19 00:00:00.000,After_hack,0.01738425465,0.01753651724,0.01738425465,0.01751907591
2023-06-18 00:00:00.000,After_hack,0.01731706574,0.01747968413,0.01739560553,0.01743135263
2023-06-17 00:00:00.000,After_hack,0.01734449733,0.01748168124,0.01746506926,0.01743332336
2023-06-16 00:00:00.000,After_hack,0.01728948064,0.01771387652,0.01771387652,0.01747168836
2023-06-15 00:00:00.000,After_hack,0.01753313264,0.0177310182,0.0176640977,0.01760250318
2023-06-14 00:00:00.000,After_hack,0.01641372003,0.01772739662,0.01661950754,0.0177214698
2023-06-13 00:00:00.000,After_hack,0.0146964014,0.01658163052,0.01473509591,0.01649654262
2023-06-12 00:00:00.000,After_hack,0.01450767872,0.01608205123,0.01602607003,0.01465223267
2023-06-11 00:00:00.000,After_hack,0.01596562661,0.01613617428,0.01599252964,0.01603757192
2023-06-10 00:00:00.000,After_hack,0.01593815515,0.0161831468,0.01611871649,0.01600614985
2023-06-09 00:00:00.000,After_hack,0.01602733319,0.01624557031,0.01623440723,0.01611169583
2023-06-08 00:00:00.000,After_hack,0.01609508834,0.01625010029,0.01611359893,0.01616508971
2023-06-07 00:00:00.000,After_hack,0.01611311265,0.01625052975,0.01620070453,0.01615201212
2023-06-06 00:00:00.000,After_hack,0.01608721579,0.01623697885,0.01614994653,0.01613632949
2023-06-05 00:00:00.000,After_hack,0.01602870304,0.01635076065,0.01623608307,0.01617097898
2023-06-04 00:00:00.000,After_hack,0.01579512897,0.01644093775,0.01594916971,0.01619718815
2023-06-03 00:00:00.000,After_hack,0.01577951142,0.01597961632,0.01582875252,0.01591890389
2023-06-02 00:00:00.000,After_hack,0.01493613876,0.01596873531,0.01493613876,0.01577918988
2023-06-01 00:00:00.000,After_hack,0.01515812371,0.01853097226,0.01809730788,0.01518081014
2023-05-31 00:00:00.000,After_hack,0.01806997658,0.01824235018,0.01812482357,0.01807248298
2023-05-30 00:00:00.000,After_hack,0.01734946821,0.01816112034,0.01745170127,0.01807749054
2023-05-29 00:00:00.000,After_hack,0.01740897055,0.01804257479,0.01793858123,0.01740897055
2023-05-28 00:00:00.000,After_hack,0.01793954263,0.01840752154,0.01817519365,0.01800802883
2023-05-27 00:00:00.000,After_hack,0.0178675619,0.01806742148,0.01793103465,0.01804832382
2023-05-26 00:00:00.000,After_hack,0.01744327343,0.01806632634,0.01752231199,0.01806632634
2023-05-25 00:00:00.000,After_hack,0.01742761444,0.01789870271,0.01781778572,0.01742761444
2023-05-24 00:00:00.000,After_hack,0.01771574178,0.01794494813,0.01773670661,0.01777437062
2023-05-23 00:00:00.000,After_hack,0.01710911517,0.01784798198,0.01722786642,0.01775721541
2023-05-22 00:00:00.000,After_hack,0.01707284879,0.01724809062,0.01714372057,0.01724809062
2023-05-21 00:00:00.000,After_hack,0.01704067322,0.01728417786,0.0172053257,0.01710349294
2023-05-20 00:00:00.000,After_hack,0.01712097743,0.01738041845,0.01734351698,0.0171615871
2023-05-19 00:00:00.000,After_hack,0.01726060213,0.01768222616,0.01736234321,0.01734097147
2023-05-18 00:00:00.000,After_hack,0.01723997823,0.01750198254,0.01750198254,0.01733744696
2023-05-17 00:00:00.000,After_hack,0.01737284179,0.01756218163,0.01752885179,0.01752215801
2023-05-16 00:00:00.000,After_hack,0.01744841642,0.01761881266,0.01749315825,0.01747385674
2023-05-15 00:00:00.000,After_hack,0.01745798983,0.0176140064,0.01753994742,0.01754286555
2023-05-14 00:00:00.000,After_hack,0.01714678492,0.01759357927,0.01726578677,0.01750406389
2023-05-13 00:00:00.000,After_hack,0.01637631702,0.01734507914,0.0165413974,0.01719371592
2023-05-12 00:00:00.000,After_hack,0.01634808309,0.01765986468,0.0176222734,0.01648574702
2023-05-11 00:00:00.000,After_hack,0.01749314572,0.01767604507,0.01758503796,0.01754511275
2023-05-10 00:00:00.000,After_hack,0.01749182665,0.0177276399,0.01753390545,0.01751900162
2023-05-09 00:00:00.000,After_hack,0.01701945655,0.01764681535,0.01718509433,0.01764681535
2023-05-08 00:00:00.000,After_hack,0.01702197962,0.01770767458,0.01750927638,0.01714959596
2023-05-07 00:00:00.000,After_hack,0.01740339742,0.01762424061,0.01753508301,0.01750599239
2023-05-06 00:00:00.000,After_hack,0.01749212613,0.0183581715,0.01770511447,0.01760820878
2023-05-05 00:00:00.000,After_hack,0.01669670777,0.0176640598,0.01701559691,0.01752497598
2023-05-04 00:00:00.000,After_hack,0.01694515497,0.01710918655,0.01703339302,0.01709361
2023-05-03 00:00:00.000,After_hack,0.0169142153,0.01713507491,0.01709420516,0.01704472227
2023-05-02 00:00:00.000,After_hack,0.01691642304,0.01754309613,0.01746472825,0.01696634432
2023-05-01 00:00:00.000,After_hack,0.01750349641,0.01798561826,0.01782919616,0.01759507539
2023-04-30 00:00:00.000,After_hack,0.01781088833,0.01822029928,0.01822029928,0.01793343972
2023-04-29 00:00:00.000,After_hack,0.01809154989,0.01836547093,0.01826370268,0.01812179568
2023-04-28 00:00:00.000,After_hack,0.01816627065,0.01836637611,0.01823359576,0.01826117816
2023-04-27 00:00:00.000,After_hack,0.0181877719,0.01842617655,0.01835371784,0.01829186346
2023-04-26 00:00:00.000,After_hack,0.0182957589,0.01882701911,0.01875902747,0.0182957589
2023-04-25 00:00:00.000,After_hack,0.01795987083,0.01879397267,0.01857756234,0.01870194361
2023-04-24 00:00:00.000,After_hack,0.01866775557,0.01888691053,0.01882076793,0.01866775557
2023-04-23 00:00:00.000,After_hack,0.01870776357,0.01882290302,0.01877609555,0.01877094524
2023-04-22 00:00:00.000,After_hack,0.01872016409,0.01882514682,0.01879652038,0.01877007443
2023-04-21 00:00:00.000,After_hack,0.01804307036,0.01881850746,0.01843722075,0.01881850746
2023-04-20 00:00:00.000,After_hack,0.01839497558,0.01859543106,0.01859543106,0.01846124547
2023-04-19 00:00:00.000,After_hack,0.01857379152,0.01876037988,0.01871524596,0.01859259104
2023-04-18 00:00:00.000,After_hack,0.01879006793,0.01892193023,0.01883906472,0.01890713136
2023-04-17 00:00:00.000,After_hack,0.01880620882,0.01891603926,0.0188502286,0.01881572816
2023-04-16 00:00:00.000,After_hack,0.01876086386,0.01889992305,0.0188412479,0.01881164121
2023-04-15 00:00:00.000,After_hack,0.01883912886,0.01897037042,0.01890397759,0.01885558637
2023-04-14 00:00:00.000,After_hack,0.01841654028,0.01893070073,0.0188020181,0.01890028861
2023-04-13 00:00:00.000,After_hack,0.01806733851,0.01889390187,0.01808906289,0.0187513563
2023-04-12 00:00:00.000,After_hack,0.01794972397,0.01814351837,0.01797180148,0.01812995242
2023-04-11 00:00:00.000,After_hack,0.01784946465,0.01806572366,0.01806572366,0.01799145043
2023-04-10 00:00:00.000,After_hack,0.01801795638,0.01847868295,0.01830633037,0.01801795638
2023-04-09 00:00:00.000,After_hack,0.01799916457,0.01919691484,0.01919691484,0.01830731336
2023-04-08 00:00:00.000,After_hack,0.01888697175,0.01912346724,0.01898243166,0.01892384831
2023-04-07 00:00:00.000,After_hack,0.01857946069,0.01919266288,0.01861998191,0.01893380188
2023-04-06 00:00:00.000,After_hack,0.0184843937,0.01883830714,0.01883655997,0.0186007684
2023-04-05 00:00:00.000,After_hack,0.01877710096,0.02005419161,0.01938228053,0.01885785434
2023-04-04 00:00:00.000,After_hack,0.01947749344,0.01991314496,0.01986865979,0.01947749344
2023-04-03 00:00:00.000,After_hack,0.01918796444,0.01989517219,0.01950334774,0.01989517219
2023-04-02 00:00:00.000,After_hack,0.01996081443,0.02055902625,0.0202572638,0.01998963409
2023-04-01 00:00:00.000,After_hack,0.02013803931,0.020500303,0.02016873739,0.02028898023
2023-03-31 00:00:00.000,After_hack,0.01935162856,0.020183271,0.01960050385,0.02012582841
2023-03-30 00:00:00.000,After_hack,0.01927655255,0.02028413679,0.01973026528,0.01946957102
2023-03-29 00:00:00.000,After_hack,0.01979003687,0.01999589228,0.01979003687,0.01987500642
2023-03-28 00:00:00.000,After_hack,0.01965041355,0.02054146158,0.01965041355,0.0199635632
2023-03-27 00:00:00.000,After_hack,0.0192867095,0.02016281662,0.01943459443,0.01997966809
2023-03-26 00:00:00.000,After_hack,0.0192282444,0.0197034935,0.01954011644,0.01944095702
2023-03-25 00:00:00.000,After_hack,0.01918162222,0.01957328128,0.01951383717,0.01957328128
2023-03-24 00:00:00.000,After_hack,0.01943689227,0.01970860711,0.01961590641,0.01949275041
2023-03-23 00:00:00.000,After_hack,0.01940749862,0.01990371619,0.01985793992,0.01967728498
2023-03-22 00:00:00.000,After_hack,0.01858166176,0.01993325285,0.01879055182,0.01989298066
2023-03-21 00:00:00.000,After_hack,0.01824339112,0.02005636608,0.02005636608,0.01889449815
2023-03-20 00:00:00.000,After_hack,0.0184823286,0.01894627593,0.01888996036,0.0185792851
2023-03-19 00:00:00.000,After_hack,0.01885138492,0.02042323321,0.0197018148,0.01885138492
2023-03-18 00:00:00.000,After_hack,0.01953797256,0.02077852123,0.01994252838,0.02012191447
2023-03-17 00:00:00.000,After_hack,0.01924374323,0.02058315029,0.02043744448,0.01994367477
2023-03-16 00:00:00.000,After_hack,0.01910497703,0.02049425129,0.02041585831,0.02049425129
2023-03-15 00:00:00.000,After_hack,0.01907813709,0.02041019086,0.02004320327,0.01912477191
2023-03-14 00:00:00.000,After_hack,0.01914753281,0.02053589672,0.02053589672,0.02036319823
2023-03-13 00:00:00.000,After_hack,0.0193409684,0.0204451753,0.01935341719,0.02022599158
2023-03-12 00:00:00.000,After_hack,0.01898641901,0.02020978511,0.02017765099,0.02007515022
2023-03-11 00:00:00.000,After_hack,0.01887593262,0.02033460026,0.02007395389,0.0196730599
2023-03-10 00:00:00.000,After_hack,0.01906218102,0.02032454973,0.0196633036,0.02011856099
2023-03-09 00:00:00.000,After_hack,0.01900778793,0.02033030184,0.01903690161,0.01928994744
2023-03-08 00:00:00.000,After_hack,0.01890075717,0.02021210207,0.01958126422,0.01961112657
2023-03-07 00:00:00.000,After_hack,0.01911358986,0.02055199791,0.01948129716,0.01993258298
2023-03-06 00:00:00.000,After_hack,0.01947628969,0.02062618251,0.02010236309,0.01993609013
2023-03-05 00:00:00.000,After_hack,0.01950993286,0.020958053,0.020958053,0.01997440051
2023-03-04 00:00:00.000,After_hack,0.02023730929,0.02090757913,0.02023730929,0.02043130804
2023-03-03 00:00:00.000,After_hack,0.02017822661,0.02089775852,0.02064911953,0.02046495171
2023-03-02 00:00:00.000,After_hack,0.01945607632,0.02063802833,0.02022595747,0.02051004019
2023-03-01 00:00:00.000,After_hack,0.01951212115,0.02063578963,0.01951212115,0.0203131365
2023-02-28 00:00:00.000,After_hack,0.01885028018,0.01974236229,0.01895587903,0.01939167619
2023-02-27 00:00:00.000,After_hack,0.01863649544,0.02030989918,0.02027881319,0.01885950632
2023-02-26 00:00:00.000,After_hack,0.01991959927,0.022039482,0.02163634393,0.02031296197
2023-02-25 00:00:00.000,After_hack,0.02142159252,0.02260331377,0.02180196602,0.02142159252
2023-02-24 00:00:00.000,After_hack,0.02071330878,0.02207006166,0.02071330878,0.02204167718
2023-02-23 00:00:00.000,After_hack,0.02071316919,0.02095060713,0.02089407071,0.02073787682
2023-02-22 00:00:00.000,After_hack,0.02082653225,0.02138297648,0.02132521538,0.02082653225
2023-02-21 00:00:00.000,After_hack,0.02023072565,0.02149449072,0.02048374208,0.02133801055
2023-02-20 00:00:00.000,After_hack,0.02026659407,0.02071804609,0.02026659407,0.02050043495
2023-02-19 00:00:00.000,After_hack,0.02063162647,0.02111086018,0.02063162647,0.0208486513
2023-02-18 00:00:00.000,After_hack,0.0201773481,0.02059880903,0.02020749217,0.02055833735
2023-02-17 00:00:00.000,After_hack,0.01986699568,0.02067255924,0.02046581065,0.02025933766
2023-02-16 00:00:00.000,After_hack,0.01997758322,0.02058570708,0.01999124251,0.02049267812
2023-02-15 00:00:00.000,After_hack,0.01952404632,0.01998950888,0.01967963513,0.01984176407
2023-02-14 00:00:00.000,After_hack,0.01966672384,0.01994986711,0.01980730107,0.01975575198
2023-02-13 00:00:00.000,After_hack,0.01967161293,0.01999499637,0.01979687776,0.01989946705
2023-02-12 00:00:00.000,After_hack,0.01959699094,0.01990828595,0.01959699094,0.0196776739
2023-02-11 00:00:00.000,After_hack,0.01940471725,0.01972518033,0.01955510056,0.01961716124
2023-02-10 00:00:00.000,After_hack,0.01940421112,0.01985401314,0.01964850607,0.01946370018
2023-02-09 00:00:00.000,After_hack,0.01931002795,0.02000233279,0.01997188379,0.01966665666
2023-02-08 00:00:00.000,After_hack,0.01964592844,0.02019911011,0.01985795258,0.01997013331
2023-02-07 00:00:00.000,After_hack,0.01959544444,0.02007227003,0.01996683201,0.01990763768
2023-02-06 00:00:00.000,After_hack,0.01947089788,0.01993614619,0.01960602091,0.01990751801
2023-02-05 00:00:00.000,After_hack,0.01960238519,0.02014299436,0.02001394602,0.01960529914
2023-02-04 00:00:00.000,After_hack,0.01975527403,0.02027908943,0.01995362446,0.01992564915
2023-02-03 00:00:00.000,After_hack,0.01976866296,0.0203331081,0.01990661102,0.01993248571
2023-02-02 00:00:00.000,After_hack,0.01989525816,0.02040241499,0.02017290285,0.02000914629
2023-02-01 00:00:00.000,After_hack,0.01973333437,0.02035145831,0.01992924538,0.02035145831
2023-01-31 00:00:00.000,After_hack,0.01990281797,0.02057983236,0.02024516278,0.02002077985
2023-01-30 00:00:00.000,After_hack,0.02045311261,0.02081677658,0.0208002489,0.02047324294
2023-01-29 00:00:00.000,After_hack,0.02021851388,0.02101721284,0.02038638265,0.02071789559
2023-01-28 00:00:00.000,After_hack,0.02009895464,0.02070635924,0.02062837034,0.02023849464
2023-01-27 00:00:00.000,After_hack,0.01996693935,0.02101302272,0.02019229931,0.02060326237
2023-01-26 00:00:00.000,After_hack,0.01986288311,0.02079768476,0.02079768476,0.02035704694
2023-01-25 00:00:00.000,After_hack,0.02039070487,0.02102345427,0.02089803684,0.02039070487
2023-01-24 00:00:00.000,After_hack,0.02075670933,0.02162124774,0.02090885082,0.02101450033
2023-01-23 00:00:00.000,After_hack,0.02017374965,0.02163682473,0.0214165211,0.02085645261
2023-01-22 00:00:00.000,After_hack,0.02098224074,0.02204684786,0.02122443719,0.0213505827
2023-01-21 00:00:00.000,After_hack,0.01845290806,0.02278531624,0.0195036603,0.02124426975
2023-01-20 00:00:00.000,After_hack,0.01879289102,0.02019515266,0.02003113309,0.01894643115
2023-01-19 00:00:00.000,After_hack,0.02006725168,0.02153658084,0.02153658084,0.0200719132
2023-01-18 00:00:00.000,After_hack,0.02121417623,0.02174856948,0.02150473029,0.021657553
2023-01-17 00:00:00.000,After_hack,0.02159817547,0.02586223693,0.02586223693,0.02172577296
2023-01-16 00:00:00.000,After_hack,0.01954584852,0.02274859239,0.01954584852,0.02274859239
2023-01-15 00:00:00.000,After_hack,0.01946940318,0.02039419985,0.01966076391,0.01976350074
2023-01-14 00:00:00.000,After_hack,0.01929128819,0.02012365456,0.01958226337,0.01963562679
2023-01-13 00:00:00.000,After_hack,0.01905779519,0.01971952277,0.01916671821,0.01921859339
2023-01-12 00:00:00.000,After_hack,0.01901152281,0.01956959362,0.01944480947,0.01913736157
2023-01-11 00:00:00.000,After_hack,0.01918227389,0.01941616706,0.01926831468,0.01940812226
2023-01-10 00:00:00.000,After_hack,0.0193090847,0.01969567943,0.01969567943,0.01934106998
2023-01-09 00:00:00.000,After_hack,0.01920507553,0.01972989841,0.01922755865,0.01969260011
2023-01-08 00:00:00.000,After_hack,0.01920983346,0.0202603149,0.01968293711,0.01941720664
2023-01-07 00:00:00.000,After_hack,0.01956151468,0.02024533116,0.02020428983,0.01965062597
2023-01-06 00:00:00.000,After_hack,0.01989495662,0.02047329887,0.01995879672,0.02023612268
2023-01-05 00:00:00.000,After_hack,0.01942540319,0.02010553162,0.01942540319,0.01997172681
2023-01-04 00:00:00.000,After_hack,0.01928606729,0.01971375713,0.01947849595,0.01952790795
2023-01-03 00:00:00.000,After_hack,0.01836606412,0.01942614274,0.01836606412,0.01942614274
2023-01-02 00:00:00.000,After_hack,0.01790407727,0.018315703,0.01829119334,0.018315703
2023-01-01 00:00:00.000,After_hack,0.01780732991,0.01890263385,0.01873731583,0.01818668579
2022-12-31 00:00:00.000,After_hack,0.01861986646,0.01931687237,0.01902611574,0.01871194243
2022-12-30 00:00:00.000,After_hack,0.01895013667,0.01933467375,0.01904362456,0.01913664542
2022-12-29 00:00:00.000,After_hack,0.01900097673,0.01951041231,0.01947284429,0.01900097673
2022-12-28 00:00:00.000,After_hack,0.0195886842,0.02032437917,0.02002972247,0.01976021585
2022-12-27 00:00:00.000,After_hack,0.01974161855,0.02010206337,0.01984174038,0.01981488057
2022-12-26 00:00:00.000,After_hack,0.01934226816,0.02012122829,0.01963013128,0.01979248204
2022-12-25 00:00:00.000,After_hack,0.01966943114,0.02088876129,0.01999895157,0.01968417449
2022-12-24 00:00:00.000,After_hack,0.01961470913,0.0200705017,0.02005857561,0.01998760729
2022-12-23 00:00:00.000,After_hack,0.01943909724,0.0206429435,0.0206429435,0.02010987247
2022-12-22 00:00:00.000,After_hack,0.01955882129,0.02131990131,0.02044002028,0.02131990131
2022-12-21 00:00:00.000,After_hack,0.02037791789,0.02082015741,0.02076725945,0.02038554668
2022-12-20 00:00:00.000,After_hack,0.02000009266,0.02087470267,0.02055511507,0.02075676724
2022-12-19 00:00:00.000,After_hack,0.02017369018,0.02182818317,0.02028879281,0.02083090458
2022-12-18 00:00:00.000,After_hack,0.02043268737,0.02162873123,0.02128702546,0.02043268737
2022-12-17 00:00:00.000,After_hack,0.02057983926,0.02205703372,0.02091291923,0.02126778934
2022-12-16 00:00:00.000,After_hack,0.02062819221,0.02207865522,0.02121624029,0.02080384711
2022-12-15 00:00:00.000,After_hack,0.02100183091,0.02269000705,0.02269000705,0.02142714248
2022-12-14 00:00:00.000,After_hack,0.02259974811,0.0232774102,0.02287881411,0.02267771658
2022-12-13 00:00:00.000,After_hack,0.02280971143,0.02445630378,0.02286089828,0.02282934098
2022-12-12 00:00:00.000,After_hack,0.02189569364,0.02517492271,0.02499343816,0.02260449019
2022-12-11 00:00:00.000,After_hack,0.02443347819,0.02610686209,0.02504663324,0.02517243502
2022-12-10 00:00:00.000,After_hack,0.02459084028,0.02553409034,0.0249762956,0.0251304157
2022-12-09 00:00:00.000,After_hack,0.02363451929,0.02483762506,0.02409366791,0.02483762506
2022-12-08 00:00:00.000,After_hack,0.02391978264,0.02634735777,0.02634735777,0.02392110924
2022-12-07 00:00:00.000,After_hack,0.0249165903,0.02650309664,0.02596859364,0.0249165903
2022-12-06 00:00:00.000,After_hack,0.02494954988,0.02635496765,0.02494954988,0.02587475447
2022-12-05 00:00:00.000,After_hack,0.02474998999,0.02639868946,0.02474998999,0.02498496803
2022-12-04 00:00:00.000,After_hack,0.02303655071,0.02583820966,0.02583820966,0.0250003578
2022-12-03 00:00:00.000,After_hack,0.02106988556,0.0251589657,0.02228667868,0.0250783557
2022-12-02 00:00:00.000,After_hack,0.01987143301,0.02072869886,0.02003344005,0.02072869886
2022-12-01 00:00:00.000,After_hack,0.01986255773,0.02020740702,0.02005331981,0.01995932733
2022-11-30 00:00:00.000,After_hack,0.01973482162,0.02060267134,0.01990536538,0.01993727146
2022-11-29 00:00:00.000,After_hack,0.01938979047,0.020363247,0.01972832714,0.01977032789
2022-11-28 00:00:00.000,After_hack,0.01975838374,0.0205806679,0.01988443547,0.0205806679
2022-11-27 00:00:00.000,After_hack,0.0194365949,0.02034249448,0.01994294816,0.01993184879
2022-11-26 00:00:00.000,After_hack,0.01932681863,0.02093224692,0.02014406705,0.02006874455
2022-11-25 00:00:00.000,After_hack,0.01965344117,0.02106200163,0.02009738002,0.02089389953
2022-11-24 00:00:00.000,After_hack,0.01983820639,0.02119918485,0.02086837859,0.01985389192
2022-11-23 00:00:00.000,After_hack,0.01933265107,0.02190986089,0.02026020926,0.01933265107
2022-11-22 00:00:00.000,After_hack,0.01931248845,0.02125083232,0.02012762404,0.02022251121
2022-11-21 00:00:00.000,After_hack,0.0186638714,0.02115596002,0.01898131323,0.01951068275
2022-11-20 00:00:00.000,After_hack,0.01802198947,0.02029980086,0.01830659844,0.01913563075
2022-11-19 00:00:00.000,After_hack,0.01527309786,0.01969206293,0.01530868149,0.0179453194
2022-11-18 00:00:00.000,After_hack,0.01440210885,0.01540549002,0.01440210885,0.01528667261
2022-11-17 00:00:00.000,After_hack,0.01401980672,0.01497864382,0.01489319685,0.01441084759
2022-11-16 00:00:00.000,After_hack,0.0140073319,0.01678604019,0.01496269191,0.01486172111
2022-11-15 00:00:00.000,After_hack,0.01202590522,0.01533829228,0.01251852103,0.01533829228
2022-11-14 00:00:00.000,After_hack,0.01166148017,0.01393481946,0.01166148017,0.01203458579
2022-11-13 00:00:00.000,After_hack,0.0106621477,0.01842739837,0.01433943065,0.01163918508
2022-11-12 00:00:00.000,After_hack,0.009664222068,0.01503721279,0.009664222068,0.01449347189
2022-11-11 00:00:00.000,After_hack,0.009867227022,0.01281024073,0.01231675866,0.009867227022
2022-11-10 00:00:00.000,After_hack,0.01014657422,0.01311913378,0.01166268715,0.01229989541
2022-11-09 00:00:00.000,After_hack,0.0112767497,0.01382446912,0.01382446912,0.01251791492
2022-11-08 00:00:00.000,After_hack,0.01346748259,0.0167660112,0.01630449058,0.01391157249
2022-11-07 00:00:00.000,After_hack,0.01615810554,0.01744835454,0.01704953176,0.01678776326
2022-11-06 00:00:00.000,After_hack,0.01728160012,0.02063851847,0.01728160012,0.01764288182
2022-11-05 00:00:00.000,After_hack,0.01657755414,0.01744196902,0.01670298607,0.01744196902
2022-11-04 00:00:00.000,After_hack,0.01569510283,0.01655344558,0.01569510283,0.01655344558
2022-11-03 00:00:00.000,After_hack,0.01552077774,0.0167470633,0.01552077774,0.01575507037
2022-11-02 00:00:00.000,After_hack,0.01557676018,0.01639153868,0.01628515671,0.01560900515
2022-11-01 00:00:00.000,After_hack,0.01589867059,0.01668971308,0.01656555845,0.01619311522
2022-10-31 00:00:00.000,After_hack,0.01564772291,0.01670454779,0.01642783718,0.01643285279
2022-10-30 00:00:00.000,After_hack,0.01645465426,0.017429856,0.01739815128,0.01645465426
2022-10-29 00:00:00.000,After_hack,0.01743367092,0.01761425984,0.01749524289,0.01743367092
2022-10-28 00:00:00.000,After_hack,0.01715488342,0.01752788112,0.01751653507,0.01748341417
2022-10-27 00:00:00.000,After_hack,0.01751939333,0.0177341849,0.01769286867,0.01751939333
2022-10-26 00:00:00.000,After_hack,0.01757209628,0.01835912971,0.01834283875,0.01763863873
2022-10-25 00:00:00.000,After_hack,0.01793857874,0.01851025454,0.01804509023,0.01836809039
2022-10-24 00:00:00.000,After_hack,0.01801925008,0.01897794875,0.01865064946,0.0180555099
2022-10-23 00:00:00.000,After_hack,0.01741566007,0.01948368353,0.01948368353,0.01830451877
2022-10-22 00:00:00.000,After_hack,0.02113696185,0.02166333307,0.02143835687,0.02115961524
2022-10-21 00:00:00.000,After_hack,0.02096077239,0.02183904099,0.02166897838,0.02140059154
2022-10-20 00:00:00.000,After_hack,0.0210721098,0.02292299148,0.02127324568,0.02209610972
2022-10-19 00:00:00.000,After_hack,0.02093962553,0.02276211163,0.02276211163,0.02125693535
2022-10-18 00:00:00.000,After_hack,0.02285475083,0.024122486,0.02412129948,0.02285475083
2022-10-17 00:00:00.000,After_hack,0.02360719515,0.02480704972,0.02480704972,0.023981987
2022-10-16 00:00:00.000,After_hack,0.02384252918,0.02485786713,0.02396391131,0.02480918019
2022-10-15 00:00:00.000,After_hack,0.02425333604,0.02702290983,0.02561224115,0.02425333604
2022-10-14 00:00:00.000,After_hack,0.02312096138,0.02743788051,0.02328006184,0.02566186114
2022-10-13 00:00:00.000,After_hack,0.02265641736,0.02767868926,0.02767868926,0.02449206967
2022-10-12 00:00:00.000,After_hack,0.0188487822,0.02875604647,0.02476367769,0.02745432288
2022-10-11 00:00:00.000,During_hack,0.03877754993,0.03989237213,0.03987884914,0.03881520745
2022-10-10 00:00:00.000,Before_hack,0.03996663278,0.04087992778,0.04068067253,0.03996663278
2022-10-09 00:00:00.000,Before_hack,0.04052216904,0.04091371348,0.0405533614,0.04067700849
2022-10-08 00:00:00.000,Before_hack,0.04065513847,0.04110049,0.04099708825,0.04065513847
2022-10-07 00:00:00.000,Before_hack,0.04093124608,0.04146626995,0.04143711833,0.04101491784
2022-10-06 00:00:00.000,Before_hack,0.04137664541,0.04215036288,0.04180876599,0.04144446914
2022-10-05 00:00:00.000,Before_hack,0.04142117088,0.04206884214,0.04196071204,0.04170856346
2022-10-04 00:00:00.000,Before_hack,0.04148268079,0.04213081012,0.04166407735,0.04201242555
2022-10-03 00:00:00.000,Before_hack,0.04108218767,0.04186431652,0.04186431652,0.04152961801
2022-10-02 00:00:00.000,Before_hack,0.04170617754,0.04211315724,0.04201541011,0.04175220861
2022-10-01 00:00:00.000,Before_hack,0.04194581838,0.04242372725,0.04214561101,0.04197711085
2022-09-30 00:00:00.000,Before_hack,0.04222326093,0.04302613379,0.04247410549,0.04250562621
2022-09-29 00:00:00.000,Before_hack,0.0423412924,0.04277665761,0.0424725144,0.04238460335
2022-09-28 00:00:00.000,Before_hack,0.04156962024,0.04266120172,0.04206492343,0.04239111405
2022-09-27 00:00:00.000,Before_hack,0.04206473364,0.04322967209,0.04230791425,0.04215765709
2022-09-26 00:00:00.000,Before_hack,0.04139093788,0.04241955975,0.04139158021,0.04222699239
2022-09-25 00:00:00.000,Before_hack,0.04126744466,0.04162667345,0.04144104604,0.04146465091
2022-09-24 00:00:00.000,Before_hack,0.04139939326,0.04189932334,0.04139939326,0.04163361646
2022-09-23 00:00:00.000,Before_hack,0.0409826118,0.04209691827,0.04166913468,0.04116680483
2022-09-22 00:00:00.000,Before_hack,0.04047232379,0.04181962404,0.04047232379,0.04170353462
2022-09-21 00:00:00.000,Before_hack,0.04082858352,0.04258398278,0.04173211829,0.04082858352
2022-09-20 00:00:00.000,Before_hack,0.04150125064,0.04201784948,0.04199182077,0.04175618164
2022-09-19 00:00:00.000,Before_hack,0.04046839051,0.04186841915,0.04125666493,0.04186841915
2022-09-18 00:00:00.000,Before_hack,0.04151044657,0.04219353663,0.04212834047,0.04151044657
2022-09-17 00:00:00.000,Before_hack,0.04161805269,0.04213178833,0.04173471461,0.04209098896
2022-09-16 00:00:00.000,Before_hack,0.04149874709,0.04211279181,0.04211279181,0.04172951621
2022-09-15 00:00:00.000,Before_hack,0.04177079721,0.04268392367,0.04191361196,0.04222761656
2022-09-14 00:00:00.000,Before_hack,0.04125425417,0.0423603678,0.0423603678,0.0414066597
2022-09-13 00:00:00.000,Before_hack,0.04189338401,0.04408635776,0.04386996975,0.04244341122
2022-09-12 00:00:00.000,Before_hack,0.04383367942,0.04504804941,0.04495897872,0.04396008602
2022-09-11 00:00:00.000,Before_hack,0.0448887754,0.04565184418,0.04551881623,0.04515463345
2022-09-10 00:00:00.000,Before_hack,0.04528929044,0.04574515875,0.04572702458,0.04573083915
2022-09-09 00:00:00.000,Before_hack,0.04551835936,0.04606728626,0.04558902321,0.04572230492
2022-09-08 00:00:00.000,Before_hack,0.04516961642,0.04596756016,0.04591690819,0.04562897172
2022-09-07 00:00:00.000,Before_hack,0.0447445147,0.04603995012,0.04526798624,0.04580446473
2022-09-06 00:00:00.000,Before_hack,0.04516088502,0.04679707736,0.04583151134,0.04527273048
2022-09-05 00:00:00.000,Before_hack,0.04548916405,0.04585803548,0.04566414737,0.04577406202
2022-09-04 00:00:00.000,Before_hack,0.04511219388,0.04585150592,0.04531683184,0.04562655724
2022-09-03 00:00:00.000,Before_hack,0.04506379569,0.04548241482,0.04508388373,0.04523030572
2022-09-02 00:00:00.000,Before_hack,0.04463356288,0.04569194278,0.04489572585,0.04528798975
2022-09-01 00:00:00.000,Before_hack,0.04436258476,0.04492661149,0.04492661149,0.04484544547
2022-08-31 00:00:00.000,Before_hack,0.04386622599,0.04493054406,0.04413674956,0.04479318598
2022-08-30 00:00:00.000,Before_hack,0.04349931612,0.04497524978,0.04432595534,0.04421391283
2022-08-29 00:00:00.000,Before_hack,0.04313740529,0.04430714898,0.04385095096,0.04429563091
2022-08-28 00:00:00.000,Before_hack,0.04380023462,0.04415986142,0.0438982931,0.04406681699
2022-08-27 00:00:00.000,Before_hack,0.04334924654,0.04386206426,0.04386206426,0.04383852081
2022-08-26 00:00:00.000,Before_hack,0.04388901232,0.04559124784,0.04548813408,0.04390678636
2022-08-25 00:00:00.000,Before_hack,0.04534554515,0.04660920592,0.04581370805,0.04557787632
2022-08-24 00:00:00.000,Before_hack,0.04520457263,0.04618330453,0.04588523329,0.04592797186
2022-08-23 00:00:00.000,Before_hack,0.04560516462,0.04660841859,0.04602509528,0.04578886487
2022-08-22 00:00:00.000,Before_hack,0.04510777903,0.04736442363,0.04736442363,0.04588936474
2022-08-21 00:00:00.000,Before_hack,0.04715718766,0.04818116489,0.04715718766,0.04761220321
2022-08-20 00:00:00.000,Before_hack,0.04706640753,0.04797779038,0.04757185246,0.0472810047
2022-08-19 00:00:00.000,Before_hack,0.04741432263,0.04950525615,0.04950525615,0.04776382582
2022-08-18 00:00:00.000,Before_hack,0.04884914675,0.04954898582,0.0489080375,0.04947099242
2022-08-17 00:00:00.000,Before_hack,0.04880991308,0.0505641625,0.04942194899,0.04882542688
2022-08-16 00:00:00.000,Before_hack,0.04912749193,0.04954738481,0.04954738481,0.0495313069
2022-08-15 00:00:00.000,Before_hack,0.04908758569,0.05031951852,0.05031951852,0.04952266577
2022-08-14 00:00:00.000,Before_hack,0.04957430545,0.05090778301,0.05041536943,0.05040075715
2022-08-13 00:00:00.000,Before_hack,0.05031684739,0.05123200182,0.05033794632,0.05036143339
2022-08-12 00:00:00.000,Before_hack,0.04941892139,0.05051856892,0.04967523707,0.05048231177
2022-08-11 00:00:00.000,Before_hack,0.04949701678,0.05356627982,0.05302376579,0.04949701678
2022-08-10 00:00:00.000,Before_hack,0.05003197156,0.05258781543,0.05073049748,0.05255144151
2022-08-09 00:00:00.000,Before_hack,0.0498295593,0.05105305629,0.05021002724,0.05070754845
2022-08-08 00:00:00.000,Before_hack,0.04857706777,0.0506450063,0.04907501587,0.05041307982
2022-08-07 00:00:00.000,Before_hack,0.04802176014,0.04915442781,0.04862590321,0.04905615543
2022-08-06 00:00:00.000,Before_hack,0.04844301342,0.04886049301,0.04853149909,0.04864405624
2022-08-05 00:00:00.000,Before_hack,0.04762060807,0.04890423037,0.04762060807,0.048406326
2022-08-04 00:00:00.000,Before_hack,0.04759785215,0.04843276581,0.04824109104,0.04759860583
2022-08-03 00:00:00.000,Before_hack,0.04757385176,0.04885288754,0.04876084455,0.04837971759
2022-08-02 00:00:00.000,Before_hack,0.04778768463,0.04925803315,0.0488313177,0.04879021266
2022-08-01 00:00:00.000,Before_hack,0.04855849364,0.0495670963,0.04918766359,0.04855849364
2022-07-31 00:00:00.000,Before_hack,0.04961079301,0.05043173617,0.04979087019,0.05008664164
2022-07-30 00:00:00.000,Before_hack,0.04937490565,0.05132066894,0.04982003066,0.04975341288
2022-07-29 00:00:00.000,Before_hack,0.04914587796,0.05072640217,0.05015982354,0.04957170772
2022-07-28 00:00:00.000,Before_hack,0.04763619524,0.05042342335,0.04770553322,0.05031045333
2022-07-27 00:00:00.000,Before_hack,0.04445912953,0.0474995803,0.04445912953,0.0474995803
2022-07-26 00:00:00.000,Before_hack,0.04386580829,0.04553564305,0.04553564305,0.0443446149
2022-07-25 00:00:00.000,Before_hack,0.04534240688,0.04805549924,0.04805549924,0.04575727952
2022-07-24 00:00:00.000,Before_hack,0.04691399177,0.04742782677,0.04691399177,0.04738835347
2022-07-23 00:00:00.000,Before_hack,0.046196984,0.04749683516,0.04668959865,0.04646147137
2022-07-22 00:00:00.000,Before_hack,0.04665237361,0.04840490487,0.04759721588,0.04666960563
2022-07-21 00:00:00.000,Before_hack,0.04600486291,0.0475789449,0.04697440374,0.04755270486
2022-07-20 00:00:00.000,Before_hack,0.04679937461,0.04921050209,0.04895555118,0.04680118522
2022-07-19 00:00:00.000,Before_hack,0.04683524641,0.04926079497,0.04683524641,0.04926079497
2022-07-18 00:00:00.000,Before_hack,0.0449400495,0.04752536666,0.04525663539,0.04667073196
2022-07-17 00:00:00.000,Before_hack,0.04517880563,0.04605093811,0.04563157994,0.04524445583
2022-07-16 00:00:00.000,Before_hack,0.0436854268,0.04557264662,0.04477456907,0.04549963773
2022-07-15 00:00:00.000,Before_hack,0.04418058502,0.04490637162,0.04434633605,0.04476237435
2022-07-14 00:00:00.000,Before_hack,0.04284215188,0.04459136745,0.04328638373,0.04425214782
2022-07-13 00:00:00.000,Before_hack,0.04237911832,0.04329622517,0.04281941986,0.04324622264
2022-07-12 00:00:00.000,Before_hack,0.04270453112,0.04367287638,0.0436302287,0.0427729806
2022-07-11 00:00:00.000,Before_hack,0.0439108917,0.04538613505,0.04534291025,0.0439108917
2022-07-10 00:00:00.000,Before_hack,0.04530642185,0.04716653538,0.04711829336,0.04565026768
2022-07-09 00:00:00.000,Before_hack,0.04649295983,0.04734951616,0.04689786505,0.04715230296
2022-07-08 00:00:00.000,Before_hack,0.04628965544,0.04769480855,0.04702727037,0.04693326354
2022-07-07 00:00:00.000,Before_hack,0.04602762216,0.04726402162,0.04666070952,0.04716084995
2022-07-06 00:00:00.000,Before_hack,0.04617122309,0.04717334464,0.04717334464,0.04634734656
2022-07-05 00:00:00.000,Before_hack,0.04653151386,0.04839232054,0.0481763384,0.04717891677
2022-07-04 00:00:00.000,Before_hack,0.0471218538,0.04817555318,0.047749503,0.04817555318
2022-07-03 00:00:00.000,Before_hack,0.04734227852,0.04798760289,0.04798760289,0.04779829871
2022-07-02 00:00:00.000,Before_hack,0.04743111716,0.04850590708,0.04842248529,0.04813955248
2022-07-01 00:00:00.000,Before_hack,0.04750435773,0.0492884251,0.04814815357,0.04849215887
2022-06-30 00:00:00.000,Before_hack,0.04802256883,0.04990443401,0.04990443401,0.04810651348
2022-06-29 00:00:00.000,Before_hack,0.04988000981,0.05120418141,0.05120418141,0.04997941744
2022-06-28 00:00:00.000,Before_hack,0.05137346535,0.05221318484,0.05184456135,0.05167416799
2022-06-27 00:00:00.000,Before_hack,0.05137331688,0.05214481256,0.05155534623,0.05179090958
2022-06-26 00:00:00.000,Before_hack,0.05154258798,0.05272197934,0.05272197934,0.05188636543
2022-06-25 00:00:00.000,Before_hack,0.05196912351,0.05342310658,0.05342310658,0.0528414898
2022-06-24 00:00:00.000,Before_hack,0.05169065897,0.05344076964,0.05169065897,0.05344076964
2022-06-23 00:00:00.000,Before_hack,0.05025317053,0.05163932218,0.05025317053,0.0516112668
2022-06-22 00:00:00.000,Before_hack,0.05014703096,0.05177483242,0.05160737676,0.05030922214
2022-06-21 00:00:00.000,Before_hack,0.05118424622,0.05388428789,0.05213474503,0.05156519428
2022-06-20 00:00:00.000,Before_hack,0.04929732403,0.05326314082,0.05118952638,0.05207322476
2022-06-19 00:00:00.000,Before_hack,0.04711889832,0.05136292633,0.04767316323,0.05110529232
2022-06-18 00:00:00.000,Before_hack,0.04578905914,0.04882020692,0.04802362412,0.04659905798
2022-06-17 00:00:00.000,Before_hack,0.04456393833,0.04794126234,0.04536367649,0.0478105787
2022-06-16 00:00:00.000,Before_hack,0.04540420037,0.04827270523,0.0477900277,0.04592600038
2022-06-15 00:00:00.000,Before_hack,0.04031439178,0.04767011613,0.04211270578,0.04767011613
2022-06-14 00:00:00.000,Before_hack,0.04191100753,0.04477875865,0.04375994078,0.04191100753
2022-06-13 00:00:00.000,Before_hack,0.04294008136,0.04764524981,0.04764524981,0.04392373471
2022-06-12 00:00:00.000,Before_hack,0.04705931641,0.04862787052,0.04862787052,0.04832059899
2022-06-11 00:00:00.000,Before_hack,0.04786709855,0.05071706445,0.05018549249,0.04849056493
2022-06-10 00:00:00.000,Before_hack,0.05005619267,0.05225325102,0.05187673845,0.05030698698
2022-06-09 00:00:00.000,Before_hack,0.05178345025,0.05397855045,0.05241311002,0.05188075193
2022-06-08 00:00:00.000,Before_hack,0.05143979097,0.05260763988,0.05229320689,0.05237145404
2022-06-07 00:00:00.000,Before_hack,0.05229746567,0.0551452527,0.0551452527,0.05334895763
2022-06-06 00:00:00.000,Before_hack,0.05506242219,0.05682877859,0.05518965124,0.05572686617
2022-06-05 00:00:00.000,Before_hack,0.054436214,0.05555476218,0.05523716019,0.05514242337
2022-06-04 00:00:00.000,Before_hack,0.0540091217,0.05533526326,0.05506698292,0.05517795923
2022-06-03 00:00:00.000,Before_hack,0.05437824277,0.05581323965,0.05577815999,0.0548285967
2022-06-02 00:00:00.000,Before_hack,0.05489340133,0.05577160289,0.05528086906,0.05576104854
2022-06-01 00:00:00.000,Before_hack,0.05507072187,0.05696088431,0.05696088431,0.05507072187
2022-05-31 00:00:00.000,Before_hack,0.05662652546,0.05876508131,0.05860037667,0.05676761586
2022-05-30 00:00:00.000,Before_hack,0.05595243844,0.05812220207,0.05603736746,0.05812220207
2022-05-29 00:00:00.000,Before_hack,0.05585004296,0.05697200938,0.05632601641,0.05590438084
2022-05-28 00:00:00.000,Before_hack,0.05547511471,0.05688692736,0.05557419917,0.05657956868
2022-05-27 00:00:00.000,Before_hack,0.05434217209,0.05615116737,0.05615116737,0.05567061516
2022-05-26 00:00:00.000,Before_hack,0.05595160217,0.06025931432,0.06025931432,0.0562662252
2022-05-25 00:00:00.000,Before_hack,0.05983792861,0.06247112535,0.06230147449,0.06036268604
2022-05-24 00:00:00.000,Before_hack,0.06199993748,0.06332294013,0.06244317839,0.06222321033
2022-05-23 00:00:00.000,Before_hack,0.06322596129,0.06633406947,0.06461995707,0.06328505628
2022-05-22 00:00:00.000,Before_hack,0.0636580639,0.06512183516,0.06467437423,0.06403997148
2022-05-21 00:00:00.000,Before_hack,0.06435548316,0.06670219721,0.06670219721,0.06435548316
2022-05-20 00:00:00.000,Before_hack,0.06676087294,0.07005327823,0.06924206383,0.06676087294
2022-05-19 00:00:00.000,Before_hack,0.06619459342,0.06922373307,0.06703079396,0.06922373307
2022-05-18 00:00:00.000,Before_hack,0.06689482489,0.07006498271,0.06968587939,0.06713202005
2022-05-17 00:00:00.000,Before_hack,0.06811816354,0.06937396589,0.06909813192,0.06937396589
2022-05-16 00:00:00.000,Before_hack,0.06692506644,0.07274664016,0.07274664016,0.06860178915
2022-05-15 00:00:00.000,Before_hack,0.06887193764,0.07240438719,0.070482508,0.07240438719
2022-05-14 00:00:00.000,Before_hack,0.06834649601,0.07410071038,0.07303463036,0.07003042507
2022-05-13 00:00:00.000,Before_hack,0.06888530022,0.075964912,0.07048135187,0.07381577716
2022-05-12 00:00:00.000,Before_hack,0.06983550418,0.07750814642,0.07491418728,0.0704288396
2022-05-11 00:00:00.000,Before_hack,0.07476620123,0.08804728557,0.08749028539,0.07476620123
2022-05-10 00:00:00.000,Before_hack,0.08156060403,0.0909922092,0.08446911894,0.08635233767
2022-05-09 00:00:00.000,Before_hack,0.08432805618,0.09661786379,0.09642955486,0.0844319293
2022-05-08 00:00:00.000,Before_hack,0.09552906122,0.09946869119,0.0987261379,0.09649319715
2022-05-07 00:00:00.000,Before_hack,0.09903007702,0.1009761076,0.1000553636,0.1009761076
2022-05-06 00:00:00.000,Before_hack,0.09998285582,0.1034766523,0.103226564,0.1001752984
2022-05-05 00:00:00.000,Before_hack,0.102687824,0.1110318537,0.1105473592,0.1035567167
2022-05-04 00:00:00.000,Before_hack,0.1064990098,0.1108452213,0.1075271332,0.1105313976
2022-05-03 00:00:00.000,Before_hack,0.1072702042,0.1124626808,0.1124626808,0.107906983
2022-05-02 00:00:00.000,Before_hack,0.1117597499,0.1149638928,0.1130951676,0.1126016729
2022-05-01 00:00:00.000,Before_hack,0.1128585332,0.1147842296,0.1147238736,0.1133937701
2022-04-30 00:00:00.000,Before_hack,0.1154034464,0.1197743803,0.1197743803,0.1154034464
2022-04-29 00:00:00.000,Before_hack,0.1192835211,0.1235481847,0.123238641,0.119528704
2022-04-28 00:00:00.000,Before_hack,0.1233616564,0.12767298,0.12767298,0.1233616564
2022-04-27 00:00:00.000,Before_hack,0.1242128553,0.1356000911,0.1353585124,0.1269453962
2022-04-26 00:00:00.000,Before_hack,0.1361277441,0.1462059781,0.1462059781,0.1364646548
2022-04-25 00:00:00.000,Before_hack,0.1287432089,0.1476904552,0.1367550654,0.146798667
2022-04-24 00:00:00.000,Before_hack,0.136653575,0.13927971,0.1379888141,0.1368591899
2022-04-23 00:00:00.000,Before_hack,0.136654639,0.1384927454,0.1368371947,0.1378058325
2022-04-22 00:00:00.000,Before_hack,0.134197145,0.1402496634,0.134197145,0.1371927822
2022-04-21 00:00:00.000,Before_hack,0.1392886188,0.1415903947,0.1415903947,0.1397178684
2022-04-20 00:00:00.000,Before_hack,0.1403743172,0.1432096922,0.1430498848,0.1416622214
2022-04-19 00:00:00.000,Before_hack,0.1402771928,0.1431386611,0.1422088727,0.1431386611
2022-04-18 00:00:00.000,Before_hack,0.1410303795,0.1442081559,0.1442081559,0.1422601335
2022-04-17 00:00:00.000,Before_hack,0.1432761642,0.1444847818,0.1443588695,0.144240662
2022-04-16 00:00:00.000,Before_hack,0.1430178829,0.1443473036,0.1437471722,0.1442872834
2022-04-15 00:00:00.000,Before_hack,0.1437272983,0.147340369,0.1472689972,0.1437272983
2022-04-14 00:00:00.000,Before_hack,0.1468415853,0.1516387524,0.1516387524,0.1475985396
2022-04-13 00:00:00.000,Before_hack,0.15101874,0.1533546493,0.1512240447,0.1513738915
2022-04-12 00:00:00.000,Before_hack,0.1481831524,0.1510417493,0.1485025122,0.1510138418
2022-04-11 00:00:00.000,Before_hack,0.1481055328,0.1538086311,0.1538086311,0.1481055328
2022-04-10 00:00:00.000,Before_hack,0.1526229465,0.1545826201,0.1537807489,0.1542799558
2022-04-09 00:00:00.000,Before_hack,0.1530554484,0.1545041028,0.1536091273,0.1537310201
2022-04-08 00:00:00.000,Before_hack,0.1537888446,0.1586124224,0.1571815685,0.1538411056
2022-04-07 00:00:00.000,Before_hack,0.1554126506,0.1572275359,0.1555443834,0.1570813171
2022-04-06 00:00:00.000,Before_hack,0.1547431559,0.1601834262,0.1589532455,0.1560948334
2022-04-05 00:00:00.000,Before_hack,0.1592645097,0.1646489457,0.1646489457,0.1594063252
2022-04-04 00:00:00.000,Before_hack,0.1637487614,0.1686292568,0.1658468931,0.1645467942
2022-04-03 00:00:00.000,Before_hack,0.1654200495,0.1696948783,0.1696948783,0.1658284605
2022-04-02 00:00:00.000,Before_hack,0.1696172571,0.1751809092,0.1718810306,0.1707854343
2022-04-01 00:00:00.000,Before_hack,0.1626526971,0.1720078638,0.1689322387,0.1720078638
2022-03-31 00:00:00.000,Before_hack,0.1685703215,0.1768307971,0.1740419953,0.1692985003
2022-03-30 00:00:00.000,Before_hack,0.1679026897,0.1761336508,0.1680412733,0.1739478341
2022-03-29 00:00:00.000,Before_hack,0.1652016438,0.1700503101,0.165964904,0.1681731742
2022-03-28 00:00:00.000,Before_hack,0.1574722527,0.1680502111,0.1574722527,0.1662013365
2022-03-27 00:00:00.000,Before_hack,0.1528226309,0.1571320862,0.1533680358,0.1571320862
2022-03-26 00:00:00.000,Before_hack,0.1524232221,0.155152494,0.155152494,0.1534023809
2022-03-25 00:00:00.000,Before_hack,0.1542244065,0.1571029197,0.1568400095,0.1556664575
2022-03-24 00:00:00.000,Before_hack,0.1554219719,0.15976289,0.1554219719,0.1568112862
2022-03-23 00:00:00.000,Before_hack,0.1508052911,0.1554687188,0.1547729553,0.1553844064
2022-03-22 00:00:00.000,Before_hack,0.1515476518,0.1553660376,0.1542801647,0.1548280538
2022-03-21 00:00:00.000,Before_hack,0.1517009017,0.1545559903,0.1517774062,0.1542406433
2022-03-20 00:00:00.000,Before_hack,0.1509875702,0.1583331887,0.1583331887,0.1516164933
2022-03-19 00:00:00.000,Before_hack,0.150310541,0.1603635824,0.1505488082,0.1589901156
2022-03-18 00:00:00.000,Before_hack,0.1498650217,0.1508794009,0.1504331111,0.1505904211
2022-03-17 00:00:00.000,Before_hack,0.1496220778,0.1505285875,0.1496220778,0.1505160712
2022-03-16 00:00:00.000,Before_hack,0.1448988276,0.1501761371,0.1458817237,0.1499750814
2022-03-15 00:00:00.000,Before_hack,0.1464388043,0.1521406224,0.1515928283,0.1464388043
2022-03-14 00:00:00.000,Before_hack,0.1488115816,0.1518823503,0.1498954725,0.1510421785
2022-03-13 00:00:00.000,Before_hack,0.1502996211,0.1557681208,0.1515474454,0.1502996211
2022-03-12 00:00:00.000,Before_hack,0.1516360964,0.1523104846,0.1523104846,0.1518686537
2022-03-11 00:00:00.000,Before_hack,0.1519010478,0.1569194933,0.1569194933,0.1519010478
2022-03-10 00:00:00.000,Before_hack,0.1523705671,0.1564658661,0.152977249,0.1564658661
2022-03-09 00:00:00.000,Before_hack,0.1524056352,0.1540615202,0.1528772429,0.1534991685
2022-03-08 00:00:00.000,Before_hack,0.1494774357,0.1529734055,0.1499678092,0.1529213016
2022-03-07 00:00:00.000,Before_hack,0.1490020714,0.1523384171,0.1509689061,0.1503607804
2022-03-06 00:00:00.000,Before_hack,0.1511442608,0.1602288397,0.1600950613,0.1511442608
2022-03-05 00:00:00.000,Before_hack,0.1582744703,0.1605592741,0.1584425013,0.159861241
2022-03-04 00:00:00.000,Before_hack,0.1582370668,0.1617384351,0.1601152849,0.1582452446
2022-03-03 00:00:00.000,Before_hack,0.1588077752,0.1629557631,0.1625491887,0.1593756937
2022-03-02 00:00:00.000,Before_hack,0.1581028544,0.1623256731,0.158390376,0.1623256731
2022-03-01 00:00:00.000,Before_hack,0.1534070783,0.1571528303,0.1546378786,0.1571528303
2022-02-28 00:00:00.000,Before_hack,0.1508405744,0.1548413114,0.1526066586,0.1538869564
2022-02-27 00:00:00.000,Before_hack,0.1529636042,0.1545920344,0.154220308,0.1529636042
2022-02-26 00:00:00.000,Before_hack,0.152282129,0.1551931385,0.152643744,0.1545151333
2022-02-25 00:00:00.000,Before_hack,0.1477034651,0.1532513745,0.1477034651,0.1532513745
2022-02-24 00:00:00.000,Before_hack,0.147875892,0.153130891,0.152840144,0.1479885343
2022-02-23 00:00:00.000,Before_hack,0.1495155685,0.1539771409,0.1496228001,0.152790907
2022-02-22 00:00:00.000,Before_hack,0.1502117724,0.1579956311,0.1579956311,0.1502958859
2022-02-21 00:00:00.000,Before_hack,0.1588293544,0.1716966764,0.1697782702,0.1588293544
2022-02-20 00:00:00.000,Before_hack,0.1693380024,0.1725359445,0.1723114868,0.1694903523
2022-02-19 00:00:00.000,Before_hack,0.1725169678,0.1740061249,0.1729302435,0.1725586365
2022-02-18 00:00:00.000,Before_hack,0.1708162048,0.1744843657,0.1709369924,0.1711059828
2022-02-17 00:00:00.000,Before_hack,0.1707469191,0.1816972269,0.1805968411,0.1709586047
2022-02-16 00:00:00.000,Before_hack,0.1788791152,0.1831387146,0.1831387146,0.1803273248
2022-02-15 00:00:00.000,Before_hack,0.178093356,0.1888520551,0.1785251255,0.1830370447
2022-02-14 00:00:00.000,Before_hack,0.1762502679,0.1811563804,0.1762502679,0.1784947767
2022-02-13 00:00:00.000,Before_hack,0.1681869643,0.1773726205,0.1685537155,0.1767649237
2022-02-12 00:00:00.000,Before_hack,0.1686355519,0.1728736666,0.1728736666,0.1686355519
2022-02-11 00:00:00.000,Before_hack,0.1738277321,0.181620637,0.1787863855,0.1738277321
2022-02-10 00:00:00.000,Before_hack,0.1755941993,0.182163092,0.1791215138,0.1783086327
2022-02-09 00:00:00.000,Before_hack,0.1662602803,0.1815315293,0.1662602803,0.1799876754
2022-02-08 00:00:00.000,Before_hack,0.1654904938,0.1741684934,0.1727103777,0.167143426
2022-02-07 00:00:00.000,Before_hack,0.1621627815,0.1720093645,0.1639033369,0.1719932177
2022-02-06 00:00:00.000,Before_hack,0.1590257666,0.1641793121,0.1590650667,0.1639431626
2022-02-05 00:00:00.000,Before_hack,0.1507119798,0.153624408,0.1512398936,0.1529390965
2022-02-04 00:00:00.000,Before_hack,0.1435078152,0.1510613046,0.1435078152,0.1510613046
2022-02-03 00:00:00.000,Before_hack,0.1417139412,0.1474723632,0.1472951122,0.1437669016
2022-02-02 00:00:00.000,Before_hack,0.1468437668,0.158053645,0.1561583635,0.1468437668
2022-02-01 00:00:00.000,Before_hack,0.1473129072,0.1558809409,0.1511528226,0.1557857754
2022-01-31 00:00:00.000,Before_hack,0.1482849512,0.1520626662,0.1518130793,0.1506694024
2022-01-30 00:00:00.000,Before_hack,0.15240161,0.1541529666,0.1525905642,0.15240161
2022-01-29 00:00:00.000,Before_hack,0.1464658032,0.1538359353,0.1471505622,0.1532546107
2022-01-28 00:00:00.000,Before_hack,0.1455661087,0.1547302946,0.1528289933,0.1479370406
2022-01-27 00:00:00.000,Before_hack,0.1505832885,0.158417702,0.1524122007,0.1505832885
2022-01-26 00:00:00.000,Before_hack,0.1525387505,0.157044823,0.1531508007,0.1526307475
2022-01-25 00:00:00.000,Before_hack,0.1480838161,0.1560415949,0.1509639545,0.1535686835
2022-01-24 00:00:00.000,Before_hack,0.1430129434,0.1582205348,0.1578763337,0.1506645476
2022-01-23 00:00:00.000,Before_hack,0.1569227549,0.162081567,0.1586246449,0.1572373227
2022-01-22 00:00:00.000,Before_hack,0.1579313464,0.1834248248,0.1834248248,0.1597461814
2022-01-21 00:00:00.000,Before_hack,0.1820752688,0.2061228666,0.2061228666,0.1820752688
2022-01-20 00:00:00.000,Before_hack,0.1999349119,0.2093316357,0.2006695845,0.2052905936
2022-01-19 00:00:00.000,Before_hack,0.1987613266,0.2026201619,0.2026201619,0.2006039527
2022-01-18 00:00:00.000,Before_hack,0.1980831573,0.2014012194,0.198970125,0.2014012194
2022-01-17 00:00:00.000,Before_hack,0.1976535366,0.2001833182,0.1991535977,0.1986457324
2022-01-16 00:00:00.000,Before_hack,0.1936225792,0.1989459333,0.1960768018,0.1989459333
2022-01-15 00:00:00.000,Before_hack,0.1952306266,0.1991896336,0.1986919405,0.1955086706
2022-01-14 00:00:00.000,Before_hack,0.1948206052,0.2007128149,0.1988983111,0.2007128149
2022-01-13 00:00:00.000,Before_hack,0.196192782,0.2116207112,0.2116207112,0.1998798156
2022-01-12 00:00:00.000,Before_hack,0.2068307126,0.2143794725,0.209268966,0.2111614713
2022-01-11 00:00:00.000,Before_hack,0.1953497082,0.2047298609,0.1961183036,0.2043164237
2022-01-10 00:00:00.000,Before_hack,0.1908768456,0.1967253899,0.1928856776,0.1950148267
2022-01-09 00:00:00.000,Before_hack,0.1872525799,0.1931970042,0.1875351894,0.1931970042
2022-01-08 00:00:00.000,Before_hack,0.1848389301,0.1932591253,0.1915483189,0.1888844397
2022-01-07 00:00:00.000,Before_hack,0.1903011851,0.2107259527,0.2107259527,0.1931795505
2022-01-06 00:00:00.000,Before_hack,0.2036224501,0.221532606,0.221532606,0.210396078
2022-01-05 00:00:00.000,Before_hack,0.2232419742,0.2364198411,0.2333860412,0.2232419742
2022-01-04 00:00:00.000,Before_hack,0.2168695698,0.2343388196,0.2168695698,0.233893679
2022-01-03 00:00:00.000,Before_hack,0.2109064665,0.2178211095,0.2114323132,0.2165358391
2022-01-02 00:00:00.000,Before_hack,0.2079991682,0.2172710483,0.2166746497,0.2098026999
2022-01-01 00:00:00.000,Before_hack,0.2062580102,0.2174212392,0.2065772836,0.2163659184
2021-12-31 00:00:00.000,Before_hack,0.2075921166,0.2185094213,0.217403157,0.2075921166
2021-12-30 00:00:00.000,Before_hack,0.2137044686,0.2221868184,0.214026876,0.2172640227
2021-12-29 00:00:00.000,Before_hack,0.2147895623,0.2441151262,0.2431845747,0.2161626543
2021-12-28 00:00:00.000,Before_hack,0.2431525438,0.2609807755,0.2609807755,0.2431846826
2021-12-27 00:00:00.000,Before_hack,0.2645037891,0.2713417826,0.2713417826,0.2645037891
2021-12-26 00:00:00.000,Before_hack,0.2693185861,0.2891108874,0.2862484223,0.2699338751
2021-12-25 00:00:00.000,Before_hack,0.2407653608,0.2965448116,0.2407653608,0.2951233858
2021-12-24 00:00:00.000,Before_hack,0.2229505677,0.2330284194,0.2230008156,0.2330284194
2021-12-23 00:00:00.000,Before_hack,0.1940527906,0.2243161758,0.1968251195,0.222948501
2021-12-22 00:00:00.000,Before_hack,0.1904406041,0.1945183865,0.1904406041,0.1940133388
2021-12-21 00:00:00.000,Before_hack,0.1833500457,0.1889666445,0.1833852606,0.1889666445
2021-12-20 00:00:00.000,Before_hack,0.1806787945,0.1891992857,0.1879099845,0.1833955221
2021-12-19 00:00:00.000,Before_hack,0.1873143026,0.1913601238,0.1913601238,0.1879185089
2021-12-18 00:00:00.000,Before_hack,0.1899278407,0.1933125676,0.191914736,0.1912704017
2021-12-17 00:00:00.000,Before_hack,0.1895596228,0.1940540505,0.1940540505,0.1895596228
2021-12-16 00:00:00.000,Before_hack,0.1936228089,0.201179614,0.2006162639,0.1936228089
2021-12-15 00:00:00.000,Before_hack,0.1927192649,0.2010336887,0.1929024807,0.2001863905
2021-12-14 00:00:00.000,Before_hack,0.1869344531,0.1948340722,0.1948340722,0.1931717014
2021-12-13 00:00:00.000,Before_hack,0.1925753026,0.2248784481,0.2248784481,0.1945578467
2021-12-12 00:00:00.000,Before_hack,0.2232013578,0.2283401278,0.2268884255,0.2243667877
2021-12-11 00:00:00.000,Before_hack,0.2222453475,0.227095262,0.227095262,0.2255176512
2021-12-10 00:00:00.000,Before_hack,0.2322690472,0.2534621954,0.2524992943,0.2322690472
2021-12-09 00:00:00.000,Before_hack,0.2515525272,0.2612644318,0.2607279516,0.2539388353
2021-12-08 00:00:00.000,Before_hack,0.2597417232,0.2649950557,0.2597417232,0.2602754422
2021-12-07 00:00:00.000,Before_hack,0.2581317678,0.266561493,0.2581317678,0.2598010859
2021-12-06 00:00:00.000,Before_hack,0.2517844036,0.2580860139,0.2571396661,0.2580860139
2021-12-05 00:00:00.000,Before_hack,0.2558126288,0.2716389403,0.2716389403,0.2576176915
2021-12-04 00:00:00.000,Before_hack,0.2647122806,0.3015626686,0.3013301943,0.2647122806
2021-12-03 00:00:00.000,Before_hack,0.3006639247,0.3148243295,0.3128480669,0.3019371698
2021-12-02 00:00:00.000,Before_hack,0.2994681189,0.3123592729,0.3113616868,0.3118218237
2021-12-01 00:00:00.000,Before_hack,0.2999373577,0.3124134461,0.2999373577,0.3103770454
2021-11-30 00:00:00.000,Before_hack,0.2947710424,0.3179159811,0.3179159811,0.2990957821
2021-11-29 00:00:00.000,Before_hack,0.2836450494,0.32011551,0.2836450494,0.3198698434
2021-11-28 00:00:00.000,Before_hack,0.2697261864,0.2870680872,0.2870680872,0.2827476262
2021-11-27 00:00:00.000,Before_hack,0.2867742907,0.2943987262,0.2913324573,0.2877597864
2021-11-26 00:00:00.000,Before_hack,0.281154164,0.3141613658,0.312977045,0.291993494
2021-11-25 00:00:00.000,Before_hack,0.2992282921,0.3159086624,0.2992282921,0.3135509978
2021-11-24 00:00:00.000,Before_hack,0.2997571399,0.3183536288,0.3183536288,0.2998527135
2021-11-23 00:00:00.000,Before_hack,0.3084980226,0.3190577977,0.308958245,0.3176439121
2021-11-22 00:00:00.000,Before_hack,0.3075657184,0.3228732949,0.3228732949,0.3091865252
2021-11-21 00:00:00.000,Before_hack,0.3178994466,0.3262488918,0.3262488918,0.3219201118
2021-11-20 00:00:00.000,Before_hack,0.3242333252,0.3327820214,0.3308467617,0.3267426887
2021-11-19 00:00:00.000,Before_hack,0.3071020126,0.3294751366,0.3073071882,0.3293370341
2021-11-18 00:00:00.000,Before_hack,0.306377707,0.3344222169,0.3248363726,0.3108778265
2021-11-17 00:00:00.000,Before_hack,0.3235927821,0.3463677796,0.3449934651,0.3256500826
2021-11-16 00:00:00.000,Before_hack,0.342349713,0.3837654243,0.3837654243,0.3471477761
2021-11-15 00:00:00.000,Before_hack,0.3602496788,0.404435354,0.3603730166,0.3832236538
2021-11-14 00:00:00.000,Before_hack,0.3580719806,0.364775316,0.3598246983,0.3593228797
2021-11-13 00:00:00.000,Before_hack,0.3504972257,0.3613182672,0.3601932283,0.3601037335
2021-11-12 00:00:00.000,Before_hack,0.3491822831,0.3810112255,0.3748214597,0.3604768714
2021-11-11 00:00:00.000,Before_hack,0.3669423805,0.3828683053,0.3688460948,0.3794976864
2021-11-10 00:00:00.000,Before_hack,0.3669214135,0.4000358926,0.3933650083,0.3669214135
2021-11-09 00:00:00.000,Before_hack,0.3938608737,0.437667162,0.4237101114,0.4086212421
2021-11-08 00:00:00.000,Before_hack,0.402243288,0.4285077291,0.402243288,0.4230121287
2021-11-07 00:00:00.000,Before_hack,0.3996121271,0.4307937062,0.418655684,0.3996121271
2021-11-06 00:00:00.000,Before_hack,0.375394923,0.4198780632,0.3760019709,0.4198780632
2021-11-05 00:00:00.000,Before_hack,0.3744004389,0.4163624581,0.3856474804,0.3744004389
2021-11-04 00:00:00.000,Before_hack,0.3420377107,0.4222514192,0.3420377107,0.3779070054
2021-11-03 00:00:00.000,Before_hack,0.2973084811,0.3401101511,0.2973084811,0.3401101511
2021-11-02 00:00:00.000,Before_hack,0.2935043165,0.3132484777,0.2935043165,0.3002837549
2021-11-01 00:00:00.000,Before_hack,0.2733324956,0.2899121583,0.2889310692,0.2897320064
2021-10-31 00:00:00.000,Before_hack,0.2825242904,0.2954453755,0.294181834,0.2887829497
2021-10-30 00:00:00.000,Before_hack,0.288718309,0.2946843194,0.2910555968,0.294327169
2021-10-29 00:00:00.000,Before_hack,0.2743250152,0.2923767262,0.2743250152,0.290018753
2021-10-28 00:00:00.000,Before_hack,0.2611224756,0.2738077791,0.2642542866,0.2738077791
2021-10-27 00:00:00.000,Before_hack,0.2688779886,0.3002185912,0.2965846635,0.2688779886
2021-10-26 00:00:00.000,Before_hack,0.2632835455,0.3057914417,0.2632835455,0.2974744531
2021-10-25 00:00:00.000,Before_hack,0.2510852585,0.2719153281,0.2510852585,0.2617112921
2021-10-24 00:00:00.000,Before_hack,0.2421941369,0.2541290488,0.2520413826,0.2476815274
2021-10-23 00:00:00.000,Before_hack,0.246592902,0.2574051614,0.2572771819,0.2512768493
2021-10-22 00:00:00.000,Before_hack,0.25726353,0.2935810012,0.2670320588,0.25726353
2021-10-21 00:00:00.000,Before_hack,0.2675526921,0.2927421371,0.2675526921,0.2680414567
2021-10-20 00:00:00.000,Before_hack,0.2394857387,0.2674637167,0.2405894209,0.2674637167
2021-10-19 00:00:00.000,Before_hack,0.2404676579,0.2538634997,0.2481939882,0.2404676579
2021-10-18 00:00:00.000,Before_hack,0.2403008485,0.2659653606,0.2659653606,0.2475544991
2021-10-17 00:00:00.000,Before_hack,0.2592792518,0.265228692,0.2644871503,0.2592792518
2021-10-16 00:00:00.000,Before_hack,0.262617713,0.2777135654,0.2757196387,0.2631935923
2021-10-15 00:00:00.000,Before_hack,0.2641403691,0.2780767832,0.2649354465,0.2762144575
2021-10-14 00:00:00.000,Before_hack,0.2638531832,0.2733853683,0.270753832,0.2648084758
2021-10-13 00:00:00.000,Before_hack,0.2606943803,0.2720584194,0.2637828682,0.2720584194
2021-10-12 00:00:00.000,Before_hack,0.2549702452,0.2714362178,0.2702004693,0.2633924592
2021-10-11 00:00:00.000,Before_hack,0.2708494569,0.2823656551,0.2773864598,0.2708494569
2021-10-10 00:00:00.000,Before_hack,0.2699071336,0.286364982,0.2823235087,0.2699071336
2021-10-09 00:00:00.000,Before_hack,0.2813621503,0.291764118,0.282584137,0.2830279714
2021-10-08 00:00:00.000,Before_hack,0.2824504321,0.3085585963,0.3071256903,0.2841151209
2021-10-07 00:00:00.000,Before_hack,0.3115865792,0.3192430789,0.3192430789,0.3120620642
2021-10-06 00:00:00.000,Before_hack,0.3123470771,0.3362680474,0.3356267396,0.3188455608
2021-10-05 00:00:00.000,Before_hack,0.3343032086,0.3445168424,0.3376393967,0.3364165176
2021-10-04 00:00:00.000,Before_hack,0.3357264311,0.3414056821,0.3394487246,0.3396382639
2021-10-03 00:00:00.000,Before_hack,0.3395488071,0.36436127,0.36436127,0.3395488071
2021-10-02 00:00:00.000,Before_hack,0.3473108316,0.3647131936,0.3478497059,0.3638428192
2021-10-01 00:00:00.000,Before_hack,0.3214543996,0.3524157328,0.3223816764,0.3490582847
2021-09-30 00:00:00.000,Before_hack,0.2970068826,0.3358075878,0.3037102427,0.3331391146
2021-09-29 00:00:00.000,Before_hack,0.3025975366,0.3284407414,0.3108435058,0.3025975366
2021-09-28 00:00:00.000,Before_hack,0.3016118107,0.347010052,0.3462826785,0.3087331409
2021-09-27 00:00:00.000,Before_hack,0.2980398333,0.35581755,0.3007847103,0.3484981694
2021-09-26 00:00:00.000,Before_hack,0.2601178882,0.3101553033,0.2738505855,0.3101553033
2021-09-25 00:00:00.000,Before_hack,0.2805674192,0.2867144502,0.2867144502,0.2809034635
2021-09-24 00:00:00.000,Before_hack,0.2821066304,0.3036860522,0.3036860522,0.2852983265
2021-09-23 00:00:00.000,Before_hack,0.2777176645,0.3014139154,0.2777176645,0.3011710774
2021-09-22 00:00:00.000,Before_hack,0.2494100515,0.2813814345,0.2530845334,0.2813814345
2021-09-21 00:00:00.000,Before_hack,0.252005368,0.2885581853,0.2842354266,0.2560833818
2021-09-20 00:00:00.000,Before_hack,0.2830307745,0.3352171508,0.332154123,0.2847418275
2021-09-19 00:00:00.000,Before_hack,0.3315766659,0.3481775794,0.3460729241,0.3366218181
2021-09-18 00:00:00.000,Before_hack,0.3305633282,0.3504627054,0.3305633282,0.3458396772
2021-09-17 00:00:00.000,Before_hack,0.3234597235,0.3815198176,0.3509895927,0.3311896153
2021-09-16 00:00:00.000,Before_hack,0.3477628176,0.3719297915,0.3719297915,0.3541312731
2021-09-15 00:00:00.000,Before_hack,0.3519266571,0.3740911205,0.3519266571,0.3708944066
2021-09-14 00:00:00.000,Before_hack,0.3481348898,0.4025812557,0.4018229728,0.3481348898
2021-09-13 00:00:00.000,Before_hack,0.3765031621,0.4145586921,0.4121280268,0.4010578174
2021-09-12 00:00:00.000,Before_hack,0.4102187482,0.4460968825,0.4460968825,0.4102187482
2021-09-11 00:00:00.000,Before_hack,0.3938580322,0.4678910655,0.3938580322,0.4508307475
2021-09-10 00:00:00.000,Before_hack,0.3822782491,0.4598222438,0.4598222438,0.3933525343
2021-09-09 00:00:00.000,Before_hack,0.3779410399,0.4751298158,0.3797932581,0.458691999
2021-09-08 00:00:00.000,Before_hack,0.3087504621,0.3808256112,0.3761968481,0.3642422379
2021-09-07 00:00:00.000,Before_hack,0.3615075419,0.4694062779,0.4072031385,0.3770268775
2021-09-06 00:00:00.000,Before_hack,0.3530295276,0.401158602,0.363995727,0.401158602
2021-09-05 00:00:00.000,Before_hack,0.3413193463,0.3646449283,0.3562489088,0.3646449283
2021-09-04 00:00:00.000,Before_hack,0.3443099929,0.3607095587,0.3449036417,0.356628434
2021-09-03 00:00:00.000,Before_hack,0.3403409642,0.3664077198,0.3513585373,0.3523956836
2021-09-02 00:00:00.000,Before_hack,0.3488370897,0.3714089868,0.3614170475,0.3519074472
2021-09-01 00:00:00.000,Before_hack,0.318256175,0.3624905095,0.3207955117,0.3624905095
2021-08-31 00:00:00.000,Before_hack,0.3336253662,0.363502274,0.3561019509,0.3341125408
2021-08-30 00:00:00.000,Before_hack,0.3510631899,0.3865635748,0.3549119579,0.3647638086
2021-08-29 00:00:00.000,Before_hack,0.3335208707,0.379946328,0.3475687744,0.347996665
2021-08-28 00:00:00.000,Before_hack,0.2950237511,0.3640255578,0.2950237511,0.3502418152
2021-08-27 00:00:00.000,Before_hack,0.2534754621,0.2906426148,0.2598458363,0.2904274499
2021-08-26 00:00:00.000,Before_hack,0.2456120166,0.2863173009,0.2826784573,0.2579470544
2021-08-25 00:00:00.000,Before_hack,0.2587478349,0.2903597538,0.2748247285,0.2831542459
2021-08-24 00:00:00.000,Before_hack,0.2715608197,0.3140337178,0.3104454072,0.2773057176
2021-08-23 00:00:00.000,Before_hack,0.2935385499,0.3170781582,0.3090773882,0.3092509209
2021-08-22 00:00:00.000,Before_hack,0.276657683,0.3280787688,0.286447305,0.3047905025
2021-08-21 00:00:00.000,Before_hack,0.2429733061,0.2992722143,0.2474790519,0.2857288768
2021-08-20 00:00:00.000,Before_hack,0.2258244193,0.2513302462,0.2262599879,0.2500207237
2021-08-19 00:00:00.000,Before_hack,0.2062649695,0.2261404907,0.2062649695,0.2254327843
2021-08-18 00:00:00.000,Before_hack,0.200575,0.225975,0.2069,0.2051513085
2021-08-17 00:00:00.000,Before_hack,0.2078251605,0.2483766774,0.231325,0.2078251605
2021-08-16 00:00:00.000,Before_hack,0.2363974439,0.2659988258,0.242225,0.237156184
2021-08-15 00:00:00.000,Before_hack,0.2006190019,0.2253,0.2253,0.217375
2021-08-14 00:00:00.000,Before_hack,0.2103139649,0.2650410898,0.2650410898,0.2282
2021-08-13 00:00:00.000,Before_hack,0.2091857403,0.267775,0.219,0.267775
2021-08-12 00:00:00.000,Before_hack,0.179975,0.2412691278,0.217367,0.22
﻿