EVENT,BLOCK_TIMESTAMP,TX_ID,SENDER,ROUTE,SYMBOL,AMOUNT,AMOUNT_USD
Transfered,2022-07-02 22:32:42.000,4rPDRpJqzi23BWaHsh37AzJwAFqejxKngLgvom7rvizZkkfJeCNixUkob1mHyX3M4TGFA1K84UJNLahFzTPVHHpe,Esmx2QjmDZMjJ15yBJ2nhqisjEt7Gqro4jSkofdoVsvY,inbound,USDC,120.51,120.66
Transfered,2022-07-02 22:53:49.000,2Z3PeH2Z9zMcq3dWuP5fdWd8k8UgpwyPT6m4tnz3gFcJo78UEs71xcmDYU3GKD4LJ5mr6JiAdvuyBqc1Gec24hKp,Esmx2QjmDZMjJ15yBJ2nhqisjEt7Gqro4jSkofdoVsvY,outbound,USDC,2368580.64,2371594.66
Transfered,2022-07-02 23:51:18.000,4bTRBFo9kAnZAz1ryEwH53NvWCt1JBCjdSdaSo8o6WBXjUTw7AfcfQCWnGEr7uDq5Nb4ABdYAa8PH45xiAqvGLz6,Esmx2QjmDZMjJ15yBJ2nhqisjEt7Gqro4jSkofdoVsvY,outbound,USDC,19129.68,19154.03
Transfered,2022-07-02 22:06:26.000,5tGmRT8fWF8TCPbdwkw7RKnquqKJ8KKsHn8CveNnEF2WPfXSG87JTbBBp4aqFJMzCTA9eK2kWj2ubfi1MitMr3td,Esmx2QjmDZMjJ15yBJ2nhqisjEt7Gqro4jSkofdoVsvY,inbound,USDC,6808.38,6817.05
Transfered,2022-07-02 22:06:26.000,5tGmRT8fWF8TCPbdwkw7RKnquqKJ8KKsHn8CveNnEF2WPfXSG87JTbBBp4aqFJMzCTA9eK2kWj2ubfi1MitMr3td,Esmx2QjmDZMjJ15yBJ2nhqisjEt7Gqro4jSkofdoVsvY,inbound,USDC,6808.38,6817.05
Transfered,2022-07-02 22:25:26.000,pit8jmLpxF2bsHTfeQngUM7sR6cvbwXynYnCUHUjybiKaLPKPcRbCFQeoK2pdtquvybSaqpvk4jHJ7GuAb9xn5u,Esmx2QjmDZMjJ15yBJ2nhqisjEt7Gqro4jSkofdoVsvY,inbound,USDC,120.51,120.66
Transfered,2022-07-02 21:57:55.000,2TLDzCCFQ2LdApQBhnXBdbYF7ebTmBgZ8MtQFjYE29BbBxHdBgAmyikmK2s76xQRQErPmR8KsE9jLFnJbJHy3Mvn,Esmx2QjmDZMjJ15yBJ2nhqisjEt7Gqro4jSkofdoVsvY,inbound,USDC,84900.35,85008.39
Transfered,2022-07-02 23:56:19.000,rpHy2cX4PuCGkM3USAYq7H5maYhmNL5z7Eh8NqgDTTkKNMxyXuNwP62h3KsvMBMa7tv8VEKDg1bdPWHKomy5imo,Esmx2QjmDZMjJ15yBJ2nhqisjEt7Gqro4jSkofdoVsvY,inbound,USDC,692368.94,693249.98
Transfered,2022-07-02 22:33:38.000,NoW32ZzkADJVRmJCXcHoV9ee9SsQg8f1b8HR6jAKs3pCncYEqAMSjcsCdRUw8dRK5AywSMrj12dm1vTkWnpZ4u4,Esmx2QjmDZMjJ15yBJ2nhqisjEt7Gqro4jSkofdoVsvY,outbound,USDC,199722.08,199976.23
Transfered,2022-07-02 22:29:01.000,4Vp4vBqbJXz5UHwdwXbV4GzD93uZBKwykRLi3ezfX1g9Rph2PTZpCGE9EsN4Lhjsr2fiqRJwEj2L1jBDVfbyKC2s,Esmx2QjmDZMjJ15yBJ2nhqisjEt7Gqro4jSkofdoVsvY,inbound,USDC,120.51,120.66
Transfered,2022-07-02 22:31:09.000,2YD1imPBkUpq8pgQTHufBpBQX1q4QxjpWAHhf9i9fzstbidm7boS2S9rBKz7UEQgJ5gKJwZnkQFfTVSEdAgAkX4z,Esmx2QjmDZMjJ15yBJ2nhqisjEt7Gqro4jSkofdoVsvY,inbound,USDC,120.51,120.66
Transfered,2022-07-02 22:53:49.000,2Z3PeH2Z9zMcq3dWuP5fdWd8k8UgpwyPT6m4tnz3gFcJo78UEs71xcmDYU3GKD4LJ5mr6JiAdvuyBqc1Gec24hKp,Esmx2QjmDZMjJ15yBJ2nhqisjEt7Gqro4jSkofdoVsvY,inbound,USDC,2368580.64,2371594.66
Transfered,2022-07-02 22:31:09.000,2YD1imPBkUpq8pgQTHufBpBQX1q4QxjpWAHhf9i9fzstbidm7boS2S9rBKz7UEQgJ5gKJwZnkQFfTVSEdAgAkX4z,Esmx2QjmDZMjJ15yBJ2nhqisjEt7Gqro4jSkofdoVsvY,inbound,USDC,120.51,120.66
Transfered,2022-07-02 00:16:04.000,31iq3TuevxHqw9iNekMF1FNGCTh1q7UXESmnZ9rpDRdT2JArp8tUDhzKMtKHZJp9Sjvhwk5gSUUCVgWJ9qcNu4FX,Esmx2QjmDZMjJ15yBJ2nhqisjEt7Gqro4jSkofdoVsvY,inbound,USDC,33.1,33.15
Transfered,2022-07-02 22:37:24.000,56Xs3yxWGcwW3drBsGNxfzeM8AuaQWNMyEbiuW1mRRsCxfAVdEkETu33DwoeVsumZWaezoKhU8NZWHEqFXNBcUGV,Esmx2QjmDZMjJ15yBJ2nhqisjEt7Gqro4jSkofdoVsvY,inbound,USDC,120.51,120.66
Transfered,2022-07-02 21:59:12.000,6AhmXSeoDj6zsDtxRuUUGJYJfrKGGF5CjzCKuBvq7E3AFZQCXxU1ccksXi8HbARJLR3EFgbJkEVcWQYbYzUUmGd,Esmx2QjmDZMjJ15yBJ2nhqisjEt7Gqro4jSkofdoVsvY,inbound,USDC,85155.04,85263.4
Transfered,2022-07-02 21:59:12.000,6AhmXSeoDj6zsDtxRuUUGJYJfrKGGF5CjzCKuBvq7E3AFZQCXxU1ccksXi8HbARJLR3EFgbJkEVcWQYbYzUUmGd,Esmx2QjmDZMjJ15yBJ2nhqisjEt7Gqro4jSkofdoVsvY,inbound,USDC,85155.04,85263.4
Transfered,2022-07-02 22:30:21.000,TRfTVawVybCDnN3QruRP8pDjAFbzuLhupauTDXGTST1Ef2XLGxyqcPY5oVqGbPg2u9nBiFNh4tEPhfrZicyCKPq,Esmx2QjmDZMjJ15yBJ2nhqisjEt7Gqro4jSkofdoVsvY,inbound,USDC,120.51,120.66
Transfered,2022-07-02 21:59:12.000,6AhmXSeoDj6zsDtxRuUUGJYJfrKGGF5CjzCKuBvq7E3AFZQCXxU1ccksXi8HbARJLR3EFgbJkEVcWQYbYzUUmGd,Esmx2QjmDZMjJ15yBJ2nhqisjEt7Gqro4jSkofdoVsvY,inbound,USDC,85155.04,85263.4
Transfered,2022-07-02 23:07:51.000,5fdwRJQFxTzGdHqFjVkZhCpKCfR1Gt9uQnJtwEhq7cAgKiLHn7FrUrMEg3pEzd5qrzZmbo22vYZQCPBwj1AZayV2,Esmx2QjmDZMjJ15yBJ2nhqisjEt7Gqro4jSkofdoVsvY,outbound,USDC,1,1
Transfered,2022-07-02 22:27:18.000,38engihTn3tCM5XdtRE6nG7QfyCJPu77HwZzFtK8KRwU8JjDxyVWgEFro6LgF2o4E6B7AZK5z6Vkrkq6wNkfBDwH,Esmx2QjmDZMjJ15yBJ2nhqisjEt7Gqro4jSkofdoVsvY,inbound,USDC,120.51,120.66
Transfered,2022-07-02 22:33:38.000,NoW32ZzkADJVRmJCXcHoV9ee9SsQg8f1b8HR6jAKs3pCncYEqAMSjcsCdRUw8dRK5AywSMrj12dm1vTkWnpZ4u4,Esmx2QjmDZMjJ15yBJ2nhqisjEt7Gqro4jSkofdoVsvY,inbound,USDC,199722.08,199976.23
Transfered,2022-07-02 23:58:31.000,4vybUkA5FaA8mShEcEDTayZ127VC6bu85fihEKtEhFiPQZJbToSNbxySaKtDVsqYfVnRRsGiUrnz4ucVzzRQZnGQ,Esmx2QjmDZMjJ15yBJ2nhqisjEt7Gqro4jSkofdoVsvY,outbound,USDC,331213.81,331635.28
Transfered,2022-07-02 22:27:18.000,38engihTn3tCM5XdtRE6nG7QfyCJPu77HwZzFtK8KRwU8JjDxyVWgEFro6LgF2o4E6B7AZK5z6Vkrkq6wNkfBDwH,Esmx2QjmDZMjJ15yBJ2nhqisjEt7Gqro4jSkofdoVsvY,inbound,USDC,120.51,120.66
Transfered,2022-07-02 22:29:01.000,4Vp4vBqbJXz5UHwdwXbV4GzD93uZBKwykRLi3ezfX1g9Rph2PTZpCGE9EsN4Lhjsr2fiqRJwEj2L1jBDVfbyKC2s,Esmx2QjmDZMjJ15yBJ2nhqisjEt7Gqro4jSkofdoVsvY,inbound,USDC,120.51,120.66
Transfered,2022-07-02 22:06:26.000,5tGmRT8fWF8TCPbdwkw7RKnquqKJ8KKsHn8CveNnEF2WPfXSG87JTbBBp4aqFJMzCTA9eK2kWj2ubfi1MitMr3td,Esmx2QjmDZMjJ15yBJ2nhqisjEt7Gqro4jSkofdoVsvY,inbound,USDC,6808.38,6817.05
Transfered,2022-07-02 00:23:59.000,4QH3iVGHyddYHMDqVj1p73kNgAeU17JyrNgGbvV2Faq4LJ6skL7a9aCYZYqEXSYhP2DmosVjGyGKMm15T9JstCfc,Esmx2QjmDZMjJ15yBJ2nhqisjEt7Gqro4jSkofdoVsvY,outbound,USDC,1,1
Transfered,2022-07-02 22:06:57.000,4A2BeL7aTseMmH88sad37D5WVhuSPPPEKDGCEM2MFjBWZJoMwZ19pyp6MC7884BdFuSaSvGhhYHbVHWFPF5dMwTr,Esmx2QjmDZMjJ15yBJ2nhqisjEt7Gqro4jSkofdoVsvY,inbound,USDC,6828.79,6837.48
Transfered,2022-07-02 22:06:57.000,4A2BeL7aTseMmH88sad37D5WVhuSPPPEKDGCEM2MFjBWZJoMwZ19pyp6MC7884BdFuSaSvGhhYHbVHWFPF5dMwTr,Esmx2QjmDZMjJ15yBJ2nhqisjEt7Gqro4jSkofdoVsvY,inbound,USDC,6828.79,6837.48
Transfered,2022-07-02 23:07:51.000,5fdwRJQFxTzGdHqFjVkZhCpKCfR1Gt9uQnJtwEhq7cAgKiLHn7FrUrMEg3pEzd5qrzZmbo22vYZQCPBwj1AZayV2,Esmx2QjmDZMjJ15yBJ2nhqisjEt7Gqro4jSkofdoVsvY,inbound,USDC,1,1
Transfered,2022-07-02 22:31:09.000,2YD1imPBkUpq8pgQTHufBpBQX1q4QxjpWAHhf9i9fzstbidm7boS2S9rBKz7UEQgJ5gKJwZnkQFfTVSEdAgAkX4z,Esmx2QjmDZMjJ15yBJ2nhqisjEt7Gqro4jSkofdoVsvY,inbound,USDC,120.51,120.66
Transfered,2022-07-02 22:32:42.000,4rPDRpJqzi23BWaHsh37AzJwAFqejxKngLgvom7rvizZkkfJeCNixUkob1mHyX3M4TGFA1K84UJNLahFzTPVHHpe,Esmx2QjmDZMjJ15yBJ2nhqisjEt7Gqro4jSkofdoVsvY,inbound,USDC,120.51,120.66
Transfered,2022-07-02 22:06:57.000,4A2BeL7aTseMmH88sad37D5WVhuSPPPEKDGCEM2MFjBWZJoMwZ19pyp6MC7884BdFuSaSvGhhYHbVHWFPF5dMwTr,Esmx2QjmDZMjJ15yBJ2nhqisjEt7Gqro4jSkofdoVsvY,inbound,USDC,6828.79,6837.48
Transfered,2022-07-02 23:51:18.000,4bTRBFo9kAnZAz1ryEwH53NvWCt1JBCjdSdaSo8o6WBXjUTw7AfcfQCWnGEr7uDq5Nb4ABdYAa8PH45xiAqvGLz6,Esmx2QjmDZMjJ15yBJ2nhqisjEt7Gqro4jSkofdoVsvY,inbound,USDC,0.07,0.07
Transfered,2022-07-02 22:31:09.000,2YD1imPBkUpq8pgQTHufBpBQX1q4QxjpWAHhf9i9fzstbidm7boS2S9rBKz7UEQgJ5gKJwZnkQFfTVSEdAgAkX4z,Esmx2QjmDZMjJ15yBJ2nhqisjEt7Gqro4jSkofdoVsvY,inbound,USDC,120.51,120.66
Transfered,2022-07-02 22:29:01.000,4Vp4vBqbJXz5UHwdwXbV4GzD93uZBKwykRLi3ezfX1g9Rph2PTZpCGE9EsN4Lhjsr2fiqRJwEj2L1jBDVfbyKC2s,Esmx2QjmDZMjJ15yBJ2nhqisjEt7Gqro4jSkofdoVsvY,inbound,USDC,120.51,120.66
Transfered,2022-07-02 22:37:48.000,K94QdevVpQsNYs53knTvfTJyrqXgCgxMhJRm2QHs65pqWaoozcy716e4AeNRME23F3UUUwcFUK7wPkn7boDwFf8,Esmx2QjmDZMjJ15yBJ2nhqisjEt7Gqro4jSkofdoVsvY,outbound,USDC,997499.02,998768.34
Transfered,2022-07-02 22:30:21.000,TRfTVawVybCDnN3QruRP8pDjAFbzuLhupauTDXGTST1Ef2XLGxyqcPY5oVqGbPg2u9nBiFNh4tEPhfrZicyCKPq,Esmx2QjmDZMjJ15yBJ2nhqisjEt7Gqro4jSkofdoVsvY,inbound,USDC,120.51,120.66
Transfered,2022-07-02 22:34:09.000,5ecGgfCKpd4YiVP6YCvGQZGo536iZia4qqzNoBBDNAq66UpChQapzMdDgb1jdmZ4qVGttA1iGKs5mwe6Z5dgFxrS,Esmx2QjmDZMjJ15yBJ2nhqisjEt7Gqro4jSkofdoVsvY,inbound,USDC,120.51,120.66
Transfered,2022-07-02 22:27:18.000,38engihTn3tCM5XdtRE6nG7QfyCJPu77HwZzFtK8KRwU8JjDxyVWgEFro6LgF2o4E6B7AZK5z6Vkrkq6wNkfBDwH,Esmx2QjmDZMjJ15yBJ2nhqisjEt7Gqro4jSkofdoVsvY,inbound,USDC,120.51,120.66
Transfered,2022-07-02 22:32:42.000,4rPDRpJqzi23BWaHsh37AzJwAFqejxKngLgvom7rvizZkkfJeCNixUkob1mHyX3M4TGFA1K84UJNLahFzTPVHHpe,Esmx2QjmDZMjJ15yBJ2nhqisjEt7Gqro4jSkofdoVsvY,inbound,USDC,120.51,120.66
Transfered,2022-07-02 22:37:24.000,56Xs3yxWGcwW3drBsGNxfzeM8AuaQWNMyEbiuW1mRRsCxfAVdEkETu33DwoeVsumZWaezoKhU8NZWHEqFXNBcUGV,Esmx2QjmDZMjJ15yBJ2nhqisjEt7Gqro4jSkofdoVsvY,inbound,USDC,120.51,120.66
Transfered,2022-07-02 23:56:19.000,rpHy2cX4PuCGkM3USAYq7H5maYhmNL5z7Eh8NqgDTTkKNMxyXuNwP62h3KsvMBMa7tv8VEKDg1bdPWHKomy5imo,Esmx2QjmDZMjJ15yBJ2nhqisjEt7Gqro4jSkofdoVsvY,outbound,USDC,692368.94,693249.98
Transfered,2022-07-02 22:32:42.000,4rPDRpJqzi23BWaHsh37AzJwAFqejxKngLgvom7rvizZkkfJeCNixUkob1mHyX3M4TGFA1K84UJNLahFzTPVHHpe,Esmx2QjmDZMjJ15yBJ2nhqisjEt7Gqro4jSkofdoVsvY,inbound,USDC,120.51,120.66
Transfered,2022-07-02 21:57:55.000,2TLDzCCFQ2LdApQBhnXBdbYF7ebTmBgZ8MtQFjYE29BbBxHdBgAmyikmK2s76xQRQErPmR8KsE9jLFnJbJHy3Mvn,Esmx2QjmDZMjJ15yBJ2nhqisjEt7Gqro4jSkofdoVsvY,inbound,USDC,84900.35,85008.39
Transfered,2022-07-02 20:08:52.000,2mGpZ6c3sjC38csNqspsy3WpJFrA3xe8jR944CFPm86XGac7pinYLyhEJ9wbhMk8Ke8jM3DCok1J3oxpWZVwN1Qe,Esmx2QjmDZMjJ15yBJ2nhqisjEt7Gqro4jSkofdoVsvY,inbound,USDC,120.15,120.3
Transfered,2022-07-02 21:57:55.000,2TLDzCCFQ2LdApQBhnXBdbYF7ebTmBgZ8MtQFjYE29BbBxHdBgAmyikmK2s76xQRQErPmR8KsE9jLFnJbJHy3Mvn,Esmx2QjmDZMjJ15yBJ2nhqisjEt7Gqro4jSkofdoVsvY,inbound,USDC,84900.35,85008.39
Transfered,2022-07-02 23:54:18.000,3rbJBCkL9RUA1AfuqjK4fMXePDTixyU29rBSwaNC3Rg26urPHc1anQ5b2BDjY2A9YhUoYTGZ4FzGnsrCTF29kbkk,Esmx2QjmDZMjJ15yBJ2nhqisjEt7Gqro4jSkofdoVsvY,outbound,USDC,654523.01,655355.89
Transfered,2022-07-02 23:04:36.000,3ZrTVuTaMExKsoKkEoTzrNuJLZa8bJ5dywiypny1BzkViqHxfUdT3QCzVNYU8hSDpMLLtdP7oYwboT898E4hmpVE,Esmx2QjmDZMjJ15yBJ2nhqisjEt7Gqro4jSkofdoVsvY,inbound,USDC,1,1
Transfered,2022-07-02 22:06:26.000,5tGmRT8fWF8TCPbdwkw7RKnquqKJ8KKsHn8CveNnEF2WPfXSG87JTbBBp4aqFJMzCTA9eK2kWj2ubfi1MitMr3td,Esmx2QjmDZMjJ15yBJ2nhqisjEt7Gqro4jSkofdoVsvY,inbound,USDC,6808.38,6817.05
Transfered,2022-07-02 21:57:55.000,2TLDzCCFQ2LdApQBhnXBdbYF7ebTmBgZ8MtQFjYE29BbBxHdBgAmyikmK2s76xQRQErPmR8KsE9jLFnJbJHy3Mvn,Esmx2QjmDZMjJ15yBJ2nhqisjEt7Gqro4jSkofdoVsvY,inbound,USDC,84900.35,85008.39
Transfered,2022-07-02 22:06:26.000,5tGmRT8fWF8TCPbdwkw7RKnquqKJ8KKsHn8CveNnEF2WPfXSG87JTbBBp4aqFJMzCTA9eK2kWj2ubfi1MitMr3td,Esmx2QjmDZMjJ15yBJ2nhqisjEt7Gqro4jSkofdoVsvY,inbound,USDC,6808.38,6817.05
Transfered,2022-07-02 22:34:09.000,5ecGgfCKpd4YiVP6YCvGQZGo536iZia4qqzNoBBDNAq66UpChQapzMdDgb1jdmZ4qVGttA1iGKs5mwe6Z5dgFxrS,Esmx2QjmDZMjJ15yBJ2nhqisjEt7Gqro4jSkofdoVsvY,inbound,USDC,120.51,120.66
Transfered,2022-07-02 22:26:18.000,3tS9uYJK4fxRYc7YCs6m99erXUtfMEPJ8jhycpq62DJsB166hAiMDmNWLiWunFVCw6MpnuimfDY7LJ9dBj3zNhx,Esmx2QjmDZMjJ15yBJ2nhqisjEt7Gqro4jSkofdoVsvY,inbound,USDC,120.51,120.66
Transfered,2022-07-02 22:06:57.000,4A2BeL7aTseMmH88sad37D5WVhuSPPPEKDGCEM2MFjBWZJoMwZ19pyp6MC7884BdFuSaSvGhhYHbVHWFPF5dMwTr,Esmx2QjmDZMjJ15yBJ2nhqisjEt7Gqro4jSkofdoVsvY,inbound,USDC,6828.79,6837.48
Transfered,2022-07-02 20:08:52.000,2mGpZ6c3sjC38csNqspsy3WpJFrA3xe8jR944CFPm86XGac7pinYLyhEJ9wbhMk8Ke8jM3DCok1J3oxpWZVwN1Qe,Esmx2QjmDZMjJ15yBJ2nhqisjEt7Gqro4jSkofdoVsvY,inbound,USDC,120.15,120.3
Transfered,2022-07-02 22:37:24.000,56Xs3yxWGcwW3drBsGNxfzeM8AuaQWNMyEbiuW1mRRsCxfAVdEkETu33DwoeVsumZWaezoKhU8NZWHEqFXNBcUGV,Esmx2QjmDZMjJ15yBJ2nhqisjEt7Gqro4jSkofdoVsvY,inbound,USDC,120.51,120.66
Transfered,2022-07-02 22:25:26.000,pit8jmLpxF2bsHTfeQngUM7sR6cvbwXynYnCUHUjybiKaLPKPcRbCFQeoK2pdtquvybSaqpvk4jHJ7GuAb9xn5u,Esmx2QjmDZMjJ15yBJ2nhqisjEt7Gqro4jSkofdoVsvY,inbound,USDC,120.51,120.66
Transfered,2022-07-02 20:08:52.000,2mGpZ6c3sjC38csNqspsy3WpJFrA3xe8jR944CFPm86XGac7pinYLyhEJ9wbhMk8Ke8jM3DCok1J3oxpWZVwN1Qe,Esmx2QjmDZMjJ15yBJ2nhqisjEt7Gqro4jSkofdoVsvY,inbound,USDC,120.15,120.3
Transfered,2022-07-02 23:51:18.000,4bTRBFo9kAnZAz1ryEwH53NvWCt1JBCjdSdaSo8o6WBXjUTw7AfcfQCWnGEr7uDq5Nb4ABdYAa8PH45xiAqvGLz6,Esmx2QjmDZMjJ15yBJ2nhqisjEt7Gqro4jSkofdoVsvY,inbound,USDC,19129.68,19154.03
Transfered,2022-07-02 22:29:01.000,4Vp4vBqbJXz5UHwdwXbV4GzD93uZBKwykRLi3ezfX1g9Rph2PTZpCGE9EsN4Lhjsr2fiqRJwEj2L1jBDVfbyKC2s,Esmx2QjmDZMjJ15yBJ2nhqisjEt7Gqro4jSkofdoVsvY,inbound,USDC,120.51,120.66
Transfered,2022-07-02 22:07:23.000,4jMeCb7vom4a9xGC678Q5kFr2zyPzM6a1ty7arGsBiT56CiXBmkcU87itE7q9nfV6ocB6ur373Z7WjUmYhwYJwtC,Esmx2QjmDZMjJ15yBJ2nhqisjEt7Gqro4jSkofdoVsvY,inbound,USDC,6828.79,6837.48
Transfered,2022-07-02 22:30:21.000,TRfTVawVybCDnN3QruRP8pDjAFbzuLhupauTDXGTST1Ef2XLGxyqcPY5oVqGbPg2u9nBiFNh4tEPhfrZicyCKPq,Esmx2QjmDZMjJ15yBJ2nhqisjEt7Gqro4jSkofdoVsvY,inbound,USDC,120.51,120.66
Transfered,2022-07-02 22:28:10.000,5DN5WUXpiNCAUm2jD6UZ1QWruPKFR3jw5jdNXSoB8jFjZ12HQMd8zNinTYkXy9fo57vjemHKMnrxTJwLMDEvruxr,Esmx2QjmDZMjJ15yBJ2nhqisjEt7Gqro4jSkofdoVsvY,inbound,USDC,120.51,120.66
Transfered,2022-07-02 22:27:18.000,38engihTn3tCM5XdtRE6nG7QfyCJPu77HwZzFtK8KRwU8JjDxyVWgEFro6LgF2o4E6B7AZK5z6Vkrkq6wNkfBDwH,Esmx2QjmDZMjJ15yBJ2nhqisjEt7Gqro4jSkofdoVsvY,inbound,USDC,120.51,120.66
Transfered,2022-07-02 22:28:10.000,5DN5WUXpiNCAUm2jD6UZ1QWruPKFR3jw5jdNXSoB8jFjZ12HQMd8zNinTYkXy9fo57vjemHKMnrxTJwLMDEvruxr,Esmx2QjmDZMjJ15yBJ2nhqisjEt7Gqro4jSkofdoVsvY,inbound,USDC,120.51,120.66
Transfered,2022-07-02 22:28:10.000,5DN5WUXpiNCAUm2jD6UZ1QWruPKFR3jw5jdNXSoB8jFjZ12HQMd8zNinTYkXy9fo57vjemHKMnrxTJwLMDEvruxr,Esmx2QjmDZMjJ15yBJ2nhqisjEt7Gqro4jSkofdoVsvY,inbound,USDC,120.51,120.66
Transfered,2022-07-02 22:28:10.000,5DN5WUXpiNCAUm2jD6UZ1QWruPKFR3jw5jdNXSoB8jFjZ12HQMd8zNinTYkXy9fo57vjemHKMnrxTJwLMDEvruxr,Esmx2QjmDZMjJ15yBJ2nhqisjEt7Gqro4jSkofdoVsvY,inbound,USDC,120.51,120.66
Transfered,2022-07-02 20:08:52.000,2mGpZ6c3sjC38csNqspsy3WpJFrA3xe8jR944CFPm86XGac7pinYLyhEJ9wbhMk8Ke8jM3DCok1J3oxpWZVwN1Qe,Esmx2QjmDZMjJ15yBJ2nhqisjEt7Gqro4jSkofdoVsvY,inbound,USDC,120.15,120.3
Transfered,2022-07-02 21:59:12.000,6AhmXSeoDj6zsDtxRuUUGJYJfrKGGF5CjzCKuBvq7E3AFZQCXxU1ccksXi8HbARJLR3EFgbJkEVcWQYbYzUUmGd,Esmx2QjmDZMjJ15yBJ2nhqisjEt7Gqro4jSkofdoVsvY,inbound,USDC,85155.04,85263.4
Transfered,2022-07-02 22:25:26.000,pit8jmLpxF2bsHTfeQngUM7sR6cvbwXynYnCUHUjybiKaLPKPcRbCFQeoK2pdtquvybSaqpvk4jHJ7GuAb9xn5u,Esmx2QjmDZMjJ15yBJ2nhqisjEt7Gqro4jSkofdoVsvY,inbound,USDC,120.51,120.66
Transfered,2022-07-02 22:28:23.000,41AE3M12hFfuJbH5Q5nZWZyevjnoJ7PgVQmawEqVzXsaNWiXALQr1JE8jwM8wFQX1t8naq4nUsf6qbsT384PwESa,Esmx2QjmDZMjJ15yBJ2nhqisjEt7Gqro4jSkofdoVsvY,outbound,USDC,955044.31,956259.6
Transfered,2022-07-02 22:26:18.000,3tS9uYJK4fxRYc7YCs6m99erXUtfMEPJ8jhycpq62DJsB166hAiMDmNWLiWunFVCw6MpnuimfDY7LJ9dBj3zNhx,Esmx2QjmDZMjJ15yBJ2nhqisjEt7Gqro4jSkofdoVsvY,inbound,USDC,120.51,120.66
Transfered,2022-07-02 21:57:55.000,2TLDzCCFQ2LdApQBhnXBdbYF7ebTmBgZ8MtQFjYE29BbBxHdBgAmyikmK2s76xQRQErPmR8KsE9jLFnJbJHy3Mvn,Esmx2QjmDZMjJ15yBJ2nhqisjEt7Gqro4jSkofdoVsvY,inbound,USDC,84900.35,85008.39
Transfered,2022-07-02 23:51:47.000,5JBuST1irXi18JhBC2J5gVcKTtFdPowdjqCMoDewonRTPikNNGBD8WQRL2oAqMYGEestSphPvRYPeGVFgxV2jrbL,Esmx2QjmDZMjJ15yBJ2nhqisjEt7Gqro4jSkofdoVsvY,inbound,USDC,43852.85,43908.65
Transfered,2022-07-02 22:28:10.000,5DN5WUXpiNCAUm2jD6UZ1QWruPKFR3jw5jdNXSoB8jFjZ12HQMd8zNinTYkXy9fo57vjemHKMnrxTJwLMDEvruxr,Esmx2QjmDZMjJ15yBJ2nhqisjEt7Gqro4jSkofdoVsvY,inbound,USDC,120.51,120.66
Transfered,2022-07-02 23:04:36.000,3ZrTVuTaMExKsoKkEoTzrNuJLZa8bJ5dywiypny1BzkViqHxfUdT3QCzVNYU8hSDpMLLtdP7oYwboT898E4hmpVE,Esmx2QjmDZMjJ15yBJ2nhqisjEt7Gqro4jSkofdoVsvY,outbound,USDC,1,1
Transfered,2022-07-02 21:59:12.000,6AhmXSeoDj6zsDtxRuUUGJYJfrKGGF5CjzCKuBvq7E3AFZQCXxU1ccksXi8HbARJLR3EFgbJkEVcWQYbYzUUmGd,Esmx2QjmDZMjJ15yBJ2nhqisjEt7Gqro4jSkofdoVsvY,inbound,USDC,85155.04,85263.4
Transfered,2022-07-02 22:07:23.000,4jMeCb7vom4a9xGC678Q5kFr2zyPzM6a1ty7arGsBiT56CiXBmkcU87itE7q9nfV6ocB6ur373Z7WjUmYhwYJwtC,Esmx2QjmDZMjJ15yBJ2nhqisjEt7Gqro4jSkofdoVsvY,inbound,USDC,6828.79,6837.48
Transfered,2022-07-02 22:30:44.000,38gy8ZpRTvQSPKUcqWcxP9JWXxdoCWSwFjyknLJgqgZ44GYoRr4jHMPB2kqLkz1mduoJVRNiwKT6GMNNUu1etKfT,Esmx2QjmDZMjJ15yBJ2nhqisjEt7Gqro4jSkofdoVsvY,inbound,USDC,0.03,0.03
Transfered,2022-07-02 22:27:18.000,38engihTn3tCM5XdtRE6nG7QfyCJPu77HwZzFtK8KRwU8JjDxyVWgEFro6LgF2o4E6B7AZK5z6Vkrkq6wNkfBDwH,Esmx2QjmDZMjJ15yBJ2nhqisjEt7Gqro4jSkofdoVsvY,outbound,PAI,842520,841175.77
Transfered,2022-07-02 22:32:42.000,4rPDRpJqzi23BWaHsh37AzJwAFqejxKngLgvom7rvizZkkfJeCNixUkob1mHyX3M4TGFA1K84UJNLahFzTPVHHpe,Esmx2QjmDZMjJ15yBJ2nhqisjEt7Gqro4jSkofdoVsvY,inbound,PAI,504,503.2
Transfered,2022-07-02 22:26:18.000,3tS9uYJK4fxRYc7YCs6m99erXUtfMEPJ8jhycpq62DJsB166hAiMDmNWLiWunFVCw6MpnuimfDY7LJ9dBj3zNhx,Esmx2QjmDZMjJ15yBJ2nhqisjEt7Gqro4jSkofdoVsvY,inbound,PAI,840000,838659.79
Transfered,2022-07-02 20:08:52.000,2mGpZ6c3sjC38csNqspsy3WpJFrA3xe8jR944CFPm86XGac7pinYLyhEJ9wbhMk8Ke8jM3DCok1J3oxpWZVwN1Qe,Esmx2QjmDZMjJ15yBJ2nhqisjEt7Gqro4jSkofdoVsvY,inbound,PAI,1133.93,1132.12
Transfered,2022-07-02 20:07:08.000,5zZC8ZrANAaCfPvUeBGFY7q46CFYakbTWhbUqht8VwZD2FsfPecqDuwsqbmkx3iX7uqhqYtyRoeYPtdBtBJY6NpH,Esmx2QjmDZMjJ15yBJ2nhqisjEt7Gqro4jSkofdoVsvY,outbound,PAI,0,0
Transfered,2022-07-02 22:32:42.000,4rPDRpJqzi23BWaHsh37AzJwAFqejxKngLgvom7rvizZkkfJeCNixUkob1mHyX3M4TGFA1K84UJNLahFzTPVHHpe,Esmx2QjmDZMjJ15yBJ2nhqisjEt7Gqro4jSkofdoVsvY,inbound,PAI,1137.33,1135.52
Transfered,2022-07-02 22:25:26.000,pit8jmLpxF2bsHTfeQngUM7sR6cvbwXynYnCUHUjybiKaLPKPcRbCFQeoK2pdtquvybSaqpvk4jHJ7GuAb9xn5u,Esmx2QjmDZMjJ15yBJ2nhqisjEt7Gqro4jSkofdoVsvY,outbound,PAI,842520,841175.77
Transfered,2022-07-02 22:26:18.000,3tS9uYJK4fxRYc7YCs6m99erXUtfMEPJ8jhycpq62DJsB166hAiMDmNWLiWunFVCw6MpnuimfDY7LJ9dBj3zNhx,Esmx2QjmDZMjJ15yBJ2nhqisjEt7Gqro4jSkofdoVsvY,inbound,PAI,842520,841175.77
Transfered,2022-07-02 22:32:42.000,4rPDRpJqzi23BWaHsh37AzJwAFqejxKngLgvom7rvizZkkfJeCNixUkob1mHyX3M4TGFA1K84UJNLahFzTPVHHpe,Esmx2QjmDZMjJ15yBJ2nhqisjEt7Gqro4jSkofdoVsvY,inbound,PAI,840000,838659.79
Transfered,2022-07-02 22:28:10.000,5DN5WUXpiNCAUm2jD6UZ1QWruPKFR3jw5jdNXSoB8jFjZ12HQMd8zNinTYkXy9fo57vjemHKMnrxTJwLMDEvruxr,Esmx2QjmDZMjJ15yBJ2nhqisjEt7Gqro4jSkofdoVsvY,inbound,PAI,842520,841175.77
Transfered,2022-07-02 22:32:42.000,4rPDRpJqzi23BWaHsh37AzJwAFqejxKngLgvom7rvizZkkfJeCNixUkob1mHyX3M4TGFA1K84UJNLahFzTPVHHpe,Esmx2QjmDZMjJ15yBJ2nhqisjEt7Gqro4jSkofdoVsvY,outbound,PAI,842520,841175.77
Transfered,2022-07-02 20:08:52.000,2mGpZ6c3sjC38csNqspsy3WpJFrA3xe8jR944CFPm86XGac7pinYLyhEJ9wbhMk8Ke8jM3DCok1J3oxpWZVwN1Qe,Esmx2QjmDZMjJ15yBJ2nhqisjEt7Gqro4jSkofdoVsvY,outbound,PAI,840001,838660.8
Transfered,2022-07-02 22:29:01.000,4Vp4vBqbJXz5UHwdwXbV4GzD93uZBKwykRLi3ezfX1g9Rph2PTZpCGE9EsN4Lhjsr2fiqRJwEj2L1jBDVfbyKC2s,Esmx2QjmDZMjJ15yBJ2nhqisjEt7Gqro4jSkofdoVsvY,inbound,PAI,842520,841175.77
Transfered,2022-07-02 18:58:29.000,LmMzd5e9B47VokcRVqxmbUroLNYXqZie4GiNKR5PC3ScLWj1DiXhAe6ijkpXG5T2TpVbYEys8zWPkN3Jcec7g5e,Esmx2QjmDZMjJ15yBJ2nhqisjEt7Gqro4jSkofdoVsvY,outbound,PAI,0,0
Transfered,2022-07-02 22:26:18.000,3tS9uYJK4fxRYc7YCs6m99erXUtfMEPJ8jhycpq62DJsB166hAiMDmNWLiWunFVCw6MpnuimfDY7LJ9dBj3zNhx,Esmx2QjmDZMjJ15yBJ2nhqisjEt7Gqro4jSkofdoVsvY,inbound,PAI,1137.33,1135.52
Transfered,2022-07-02 22:30:21.000,TRfTVawVybCDnN3QruRP8pDjAFbzuLhupauTDXGTST1Ef2XLGxyqcPY5oVqGbPg2u9nBiFNh4tEPhfrZicyCKPq,Esmx2QjmDZMjJ15yBJ2nhqisjEt7Gqro4jSkofdoVsvY,outbound,PAI,842520,841175.77
Transfered,2022-07-02 19:00:11.000,4pvD6obuu6NhRtb4srBHyQr6PmYXTPvGVVp1L7JVGcQgHpJc8hCTo6McrGha91JbyDnHixxURdpuNj3k9xGYWNsb,Esmx2QjmDZMjJ15yBJ2nhqisjEt7Gqro4jSkofdoVsvY,outbound,PAI,0,0
Transfered,2022-07-02 20:08:52.000,2mGpZ6c3sjC38csNqspsy3WpJFrA3xe8jR944CFPm86XGac7pinYLyhEJ9wbhMk8Ke8jM3DCok1J3oxpWZVwN1Qe,Esmx2QjmDZMjJ15yBJ2nhqisjEt7Gqro4jSkofdoVsvY,inbound,PAI,840001,838660.8
Transfered,2022-07-02 22:31:09.000,2YD1imPBkUpq8pgQTHufBpBQX1q4QxjpWAHhf9i9fzstbidm7boS2S9rBKz7UEQgJ5gKJwZnkQFfTVSEdAgAkX4z,Esmx2QjmDZMjJ15yBJ2nhqisjEt7Gqro4jSkofdoVsvY,inbound,PAI,1137.33,1135.52
Transfered,2022-07-02 22:37:24.000,56Xs3yxWGcwW3drBsGNxfzeM8AuaQWNMyEbiuW1mRRsCxfAVdEkETu33DwoeVsumZWaezoKhU8NZWHEqFXNBcUGV,Esmx2QjmDZMjJ15yBJ2nhqisjEt7Gqro4jSkofdoVsvY,inbound,PAI,842520,841175.77
Transfered,2022-07-02 22:37:24.000,56Xs3yxWGcwW3drBsGNxfzeM8AuaQWNMyEbiuW1mRRsCxfAVdEkETu33DwoeVsumZWaezoKhU8NZWHEqFXNBcUGV,Esmx2QjmDZMjJ15yBJ2nhqisjEt7Gqro4jSkofdoVsvY,inbound,PAI,842520,841175.77
Transfered,2022-07-02 22:32:42.000,4rPDRpJqzi23BWaHsh37AzJwAFqejxKngLgvom7rvizZkkfJeCNixUkob1mHyX3M4TGFA1K84UJNLahFzTPVHHpe,Esmx2QjmDZMjJ15yBJ2nhqisjEt7Gqro4jSkofdoVsvY,outbound,PAI,842520,841175.77
Transfered,2022-07-02 22:31:09.000,2YD1imPBkUpq8pgQTHufBpBQX1q4QxjpWAHhf9i9fzstbidm7boS2S9rBKz7UEQgJ5gKJwZnkQFfTVSEdAgAkX4z,Esmx2QjmDZMjJ15yBJ2nhqisjEt7Gqro4jSkofdoVsvY,inbound,PAI,842520,841175.77
Transfered,2022-07-02 22:37:24.000,56Xs3yxWGcwW3drBsGNxfzeM8AuaQWNMyEbiuW1mRRsCxfAVdEkETu33DwoeVsumZWaezoKhU8NZWHEqFXNBcUGV,Esmx2QjmDZMjJ15yBJ2nhqisjEt7Gqro4jSkofdoVsvY,inbound,PAI,1137.33,1135.52
Transfered,2022-07-02 22:30:21.000,TRfTVawVybCDnN3QruRP8pDjAFbzuLhupauTDXGTST1Ef2XLGxyqcPY5oVqGbPg2u9nBiFNh4tEPhfrZicyCKPq,Esmx2QjmDZMjJ15yBJ2nhqisjEt7Gqro4jSkofdoVsvY,inbound,PAI,842520,841175.77
Transfered,2022-07-02 22:30:21.000,TRfTVawVybCDnN3QruRP8pDjAFbzuLhupauTDXGTST1Ef2XLGxyqcPY5oVqGbPg2u9nBiFNh4tEPhfrZicyCKPq,Esmx2QjmDZMjJ15yBJ2nhqisjEt7Gqro4jSkofdoVsvY,inbound,PAI,1137.33,1135.52
Transfered,2022-07-02 22:36:15.000,4fcpLnm9VRH6Ethhj4HzxXh1U9psC7hRFt3heE6XDe34m4RmKJP1KDbEigQyTCi8MxnaQdF2VX96k7FPcsgNLtAk,Esmx2QjmDZMjJ15yBJ2nhqisjEt7Gqro4jSkofdoVsvY,inbound,PAI,1137.33,1135.52
Transfered,2022-07-02 22:25:26.000,pit8jmLpxF2bsHTfeQngUM7sR6cvbwXynYnCUHUjybiKaLPKPcRbCFQeoK2pdtquvybSaqpvk4jHJ7GuAb9xn5u,Esmx2QjmDZMjJ15yBJ2nhqisjEt7Gqro4jSkofdoVsvY,inbound,PAI,840000,838659.79
Transfered,2022-07-02 22:29:01.000,4Vp4vBqbJXz5UHwdwXbV4GzD93uZBKwykRLi3ezfX1g9Rph2PTZpCGE9EsN4Lhjsr2fiqRJwEj2L1jBDVfbyKC2s,Esmx2QjmDZMjJ15yBJ2nhqisjEt7Gqro4jSkofdoVsvY,outbound,PAI,842520,841175.77
Transfered,2022-07-02 20:08:52.000,2mGpZ6c3sjC38csNqspsy3WpJFrA3xe8jR944CFPm86XGac7pinYLyhEJ9wbhMk8Ke8jM3DCok1J3oxpWZVwN1Qe,Esmx2QjmDZMjJ15yBJ2nhqisjEt7Gqro4jSkofdoVsvY,inbound,PAI,840000,838659.79
Transfered,2022-07-02 22:28:10.000,5DN5WUXpiNCAUm2jD6UZ1QWruPKFR3jw5jdNXSoB8jFjZ12HQMd8zNinTYkXy9fo57vjemHKMnrxTJwLMDEvruxr,Esmx2QjmDZMjJ15yBJ2nhqisjEt7Gqro4jSkofdoVsvY,inbound,PAI,840000,838659.79
Transfered,2022-07-02 22:28:10.000,5DN5WUXpiNCAUm2jD6UZ1QWruPKFR3jw5jdNXSoB8jFjZ12HQMd8zNinTYkXy9fo57vjemHKMnrxTJwLMDEvruxr,Esmx2QjmDZMjJ15yBJ2nhqisjEt7Gqro4jSkofdoVsvY,outbound,PAI,842520,841175.77
Transfered,2022-07-02 18:56:44.000,DPKiDApQydKpaLouTgXa4BmV1WgZsGzEThP5e1iNw9v4pmLpQN3TcDtg2rtsri5BxzDhoDnWoHkxRUTV7hYVzUN,Esmx2QjmDZMjJ15yBJ2nhqisjEt7Gqro4jSkofdoVsvY,outbound,PAI,0,0
Transfered,2022-07-02 22:29:01.000,4Vp4vBqbJXz5UHwdwXbV4GzD93uZBKwykRLi3ezfX1g9Rph2PTZpCGE9EsN4Lhjsr2fiqRJwEj2L1jBDVfbyKC2s,Esmx2QjmDZMjJ15yBJ2nhqisjEt7Gqro4jSkofdoVsvY,outbound,PAI,842520,841175.77
Transfered,2022-07-02 18:58:21.000,4yGefLgtzu11dnBdFcoF29CdDqkH63s4YCUiWyJXMghun2CLRpnxeSF8b85fsusTCqRb5HH7Xr9STuQ6hxwsxY7Q,Esmx2QjmDZMjJ15yBJ2nhqisjEt7Gqro4jSkofdoVsvY,outbound,PAI,0,0
Transfered,2022-07-02 22:27:18.000,38engihTn3tCM5XdtRE6nG7QfyCJPu77HwZzFtK8KRwU8JjDxyVWgEFro6LgF2o4E6B7AZK5z6Vkrkq6wNkfBDwH,Esmx2QjmDZMjJ15yBJ2nhqisjEt7Gqro4jSkofdoVsvY,outbound,PAI,842520,841175.77
Transfered,2022-07-02 22:25:26.000,pit8jmLpxF2bsHTfeQngUM7sR6cvbwXynYnCUHUjybiKaLPKPcRbCFQeoK2pdtquvybSaqpvk4jHJ7GuAb9xn5u,Esmx2QjmDZMjJ15yBJ2nhqisjEt7Gqro4jSkofdoVsvY,outbound,PAI,842520,841175.77
Transfered,2022-07-02 22:31:09.000,2YD1imPBkUpq8pgQTHufBpBQX1q4QxjpWAHhf9i9fzstbidm7boS2S9rBKz7UEQgJ5gKJwZnkQFfTVSEdAgAkX4z,Esmx2QjmDZMjJ15yBJ2nhqisjEt7Gqro4jSkofdoVsvY,outbound,PAI,842520,841175.77
Transfered,2022-07-02 22:34:09.000,5ecGgfCKpd4YiVP6YCvGQZGo536iZia4qqzNoBBDNAq66UpChQapzMdDgb1jdmZ4qVGttA1iGKs5mwe6Z5dgFxrS,Esmx2QjmDZMjJ15yBJ2nhqisjEt7Gqro4jSkofdoVsvY,inbound,PAI,842520,841175.77
Transfered,2022-07-02 22:37:24.000,56Xs3yxWGcwW3drBsGNxfzeM8AuaQWNMyEbiuW1mRRsCxfAVdEkETu33DwoeVsumZWaezoKhU8NZWHEqFXNBcUGV,Esmx2QjmDZMjJ15yBJ2nhqisjEt7Gqro4jSkofdoVsvY,outbound,PAI,842520,841175.77
Transfered,2022-07-02 22:27:18.000,38engihTn3tCM5XdtRE6nG7QfyCJPu77HwZzFtK8KRwU8JjDxyVWgEFro6LgF2o4E6B7AZK5z6Vkrkq6wNkfBDwH,Esmx2QjmDZMjJ15yBJ2nhqisjEt7Gqro4jSkofdoVsvY,inbound,PAI,842520,841175.77
Transfered,2022-07-02 22:31:09.000,2YD1imPBkUpq8pgQTHufBpBQX1q4QxjpWAHhf9i9fzstbidm7boS2S9rBKz7UEQgJ5gKJwZnkQFfTVSEdAgAkX4z,Esmx2QjmDZMjJ15yBJ2nhqisjEt7Gqro4jSkofdoVsvY,outbound,PAI,842520,841175.77
Transfered,2022-07-02 22:34:09.000,5ecGgfCKpd4YiVP6YCvGQZGo536iZia4qqzNoBBDNAq66UpChQapzMdDgb1jdmZ4qVGttA1iGKs5mwe6Z5dgFxrS,Esmx2QjmDZMjJ15yBJ2nhqisjEt7Gqro4jSkofdoVsvY,inbound,PAI,1137.33,1135.52
Transfered,2022-07-02 22:31:09.000,2YD1imPBkUpq8pgQTHufBpBQX1q4QxjpWAHhf9i9fzstbidm7boS2S9rBKz7UEQgJ5gKJwZnkQFfTVSEdAgAkX4z,Esmx2QjmDZMjJ15yBJ2nhqisjEt7Gqro4jSkofdoVsvY,outbound,PAI,842520,841175.77
Transfered,2022-07-02 20:08:52.000,2mGpZ6c3sjC38csNqspsy3WpJFrA3xe8jR944CFPm86XGac7pinYLyhEJ9wbhMk8Ke8jM3DCok1J3oxpWZVwN1Qe,Esmx2QjmDZMjJ15yBJ2nhqisjEt7Gqro4jSkofdoVsvY,outbound,PAI,842520,841175.77
Transfered,2022-07-02 22:37:24.000,56Xs3yxWGcwW3drBsGNxfzeM8AuaQWNMyEbiuW1mRRsCxfAVdEkETu33DwoeVsumZWaezoKhU8NZWHEqFXNBcUGV,Esmx2QjmDZMjJ15yBJ2nhqisjEt7Gqro4jSkofdoVsvY,outbound,PAI,842520,841175.77
Transfered,2022-07-02 22:32:42.000,4rPDRpJqzi23BWaHsh37AzJwAFqejxKngLgvom7rvizZkkfJeCNixUkob1mHyX3M4TGFA1K84UJNLahFzTPVHHpe,Esmx2QjmDZMjJ15yBJ2nhqisjEt7Gqro4jSkofdoVsvY,inbound,PAI,1137.33,1135.52
Transfered,2022-07-02 22:29:01.000,4Vp4vBqbJXz5UHwdwXbV4GzD93uZBKwykRLi3ezfX1g9Rph2PTZpCGE9EsN4Lhjsr2fiqRJwEj2L1jBDVfbyKC2s,Esmx2QjmDZMjJ15yBJ2nhqisjEt7Gqro4jSkofdoVsvY,inbound,PAI,1137.33,1135.52
Transfered,2022-07-02 18:56:06.000,2Vz6Fe5Af9HkVUCyds9JNLqEuFdEyNe7UCmhCbBcSExsUo3Ak9BQecrzptaDNHRgfZiUQLAw9Drh3mZPBPHPKEeV,Esmx2QjmDZMjJ15yBJ2nhqisjEt7Gqro4jSkofdoVsvY,outbound,PAI,0,0
Transfered,2022-07-02 22:29:01.000,4Vp4vBqbJXz5UHwdwXbV4GzD93uZBKwykRLi3ezfX1g9Rph2PTZpCGE9EsN4Lhjsr2fiqRJwEj2L1jBDVfbyKC2s,Esmx2QjmDZMjJ15yBJ2nhqisjEt7Gqro4jSkofdoVsvY,inbound,PAI,842520,841175.77
Transfered,2022-07-02 22:34:09.000,5ecGgfCKpd4YiVP6YCvGQZGo536iZia4qqzNoBBDNAq66UpChQapzMdDgb1jdmZ4qVGttA1iGKs5mwe6Z5dgFxrS,Esmx2QjmDZMjJ15yBJ2nhqisjEt7Gqro4jSkofdoVsvY,inbound,PAI,1137.33,1135.52
Transfered,2022-07-02 18:58:14.000,3CdmJhUCXSw3QC5oSzPQeedGX9zALWo658LvvLNCBChYSGkbeG7gZRTFsU3DsX5UtGayLkTaqqThrVVPquZRXY7W,Esmx2QjmDZMjJ15yBJ2nhqisjEt7Gqro4jSkofdoVsvY,outbound,PAI,0,0
Transfered,2022-07-02 22:25:26.000,pit8jmLpxF2bsHTfeQngUM7sR6cvbwXynYnCUHUjybiKaLPKPcRbCFQeoK2pdtquvybSaqpvk4jHJ7GuAb9xn5u,Esmx2QjmDZMjJ15yBJ2nhqisjEt7Gqro4jSkofdoVsvY,inbound,PAI,1137.33,1135.52
Transfered,2022-07-02 22:29:01.000,4Vp4vBqbJXz5UHwdwXbV4GzD93uZBKwykRLi3ezfX1g9Rph2PTZpCGE9EsN4Lhjsr2fiqRJwEj2L1jBDVfbyKC2s,Esmx2QjmDZMjJ15yBJ2nhqisjEt7Gqro4jSkofdoVsvY,inbound,PAI,840000,838659.79
Transfered,2022-07-02 22:27:18.000,38engihTn3tCM5XdtRE6nG7QfyCJPu77HwZzFtK8KRwU8JjDxyVWgEFro6LgF2o4E6B7AZK5z6Vkrkq6wNkfBDwH,Esmx2QjmDZMjJ15yBJ2nhqisjEt7Gqro4jSkofdoVsvY,inbound,PAI,840000,838659.79
Transfered,2022-07-02 22:30:21.000,TRfTVawVybCDnN3QruRP8pDjAFbzuLhupauTDXGTST1Ef2XLGxyqcPY5oVqGbPg2u9nBiFNh4tEPhfrZicyCKPq,Esmx2QjmDZMjJ15yBJ2nhqisjEt7Gqro4jSkofdoVsvY,inbound,PAI,1137.33,1135.52
Transfered,2022-07-02 22:32:42.000,4rPDRpJqzi23BWaHsh37AzJwAFqejxKngLgvom7rvizZkkfJeCNixUkob1mHyX3M4TGFA1K84UJNLahFzTPVHHpe,Esmx2QjmDZMjJ15yBJ2nhqisjEt7Gqro4jSkofdoVsvY,inbound,PAI,842520,841175.77
Transfered,2022-07-02 22:31:09.000,2YD1imPBkUpq8pgQTHufBpBQX1q4QxjpWAHhf9i9fzstbidm7boS2S9rBKz7UEQgJ5gKJwZnkQFfTVSEdAgAkX4z,Esmx2QjmDZMjJ15yBJ2nhqisjEt7Gqro4jSkofdoVsvY,outbound,PAI,842520,841175.77
Transfered,2022-07-02 22:36:15.000,4fcpLnm9VRH6Ethhj4HzxXh1U9psC7hRFt3heE6XDe34m4RmKJP1KDbEigQyTCi8MxnaQdF2VX96k7FPcsgNLtAk,Esmx2QjmDZMjJ15yBJ2nhqisjEt7Gqro4jSkofdoVsvY,inbound,PAI,1137.33,1135.52
Transfered,2022-07-02 18:58:35.000,JJrztokfykN4pJZiJYYJBRwNUTMq1sRrGH6CdQxTwVDERVmHAsrP3t8KVKv3FQcugNeKFVJy5bkisnQKRfTBG9p,Esmx2QjmDZMjJ15yBJ2nhqisjEt7Gqro4jSkofdoVsvY,outbound,PAI,0,0
Transfered,2022-07-02 22:36:15.000,4fcpLnm9VRH6Ethhj4HzxXh1U9psC7hRFt3heE6XDe34m4RmKJP1KDbEigQyTCi8MxnaQdF2VX96k7FPcsgNLtAk,Esmx2QjmDZMjJ15yBJ2nhqisjEt7Gqro4jSkofdoVsvY,inbound,PAI,504,503.2
Transfered,2022-07-02 22:36:15.000,4fcpLnm9VRH6Ethhj4HzxXh1U9psC7hRFt3heE6XDe34m4RmKJP1KDbEigQyTCi8MxnaQdF2VX96k7FPcsgNLtAk,Esmx2QjmDZMjJ15yBJ2nhqisjEt7Gqro4jSkofdoVsvY,inbound,PAI,842520,841175.77
Transfered,2022-07-02 22:34:09.000,5ecGgfCKpd4YiVP6YCvGQZGo536iZia4qqzNoBBDNAq66UpChQapzMdDgb1jdmZ4qVGttA1iGKs5mwe6Z5dgFxrS,Esmx2QjmDZMjJ15yBJ2nhqisjEt7Gqro4jSkofdoVsvY,inbound,PAI,840000,838659.79
Transfered,2022-07-02 22:32:42.000,4rPDRpJqzi23BWaHsh37AzJwAFqejxKngLgvom7rvizZkkfJeCNixUkob1mHyX3M4TGFA1K84UJNLahFzTPVHHpe,Esmx2QjmDZMjJ15yBJ2nhqisjEt7Gqro4jSkofdoVsvY,outbound,PAI,842520,841175.77
Transfered,2022-07-02 22:30:21.000,TRfTVawVybCDnN3QruRP8pDjAFbzuLhupauTDXGTST1Ef2XLGxyqcPY5oVqGbPg2u9nBiFNh4tEPhfrZicyCKPq,Esmx2QjmDZMjJ15yBJ2nhqisjEt7Gqro4jSkofdoVsvY,inbound,PAI,504,503.2
Transfered,2022-07-02 22:37:24.000,56Xs3yxWGcwW3drBsGNxfzeM8AuaQWNMyEbiuW1mRRsCxfAVdEkETu33DwoeVsumZWaezoKhU8NZWHEqFXNBcUGV,Esmx2QjmDZMjJ15yBJ2nhqisjEt7Gqro4jSkofdoVsvY,inbound,PAI,1137.33,1135.52
Transfered,2022-07-02 22:32:42.000,4rPDRpJqzi23BWaHsh37AzJwAFqejxKngLgvom7rvizZkkfJeCNixUkob1mHyX3M4TGFA1K84UJNLahFzTPVHHpe,Esmx2QjmDZMjJ15yBJ2nhqisjEt7Gqro4jSkofdoVsvY,outbound,PAI,842520,841175.77
Transfered,2022-07-02 22:30:21.000,TRfTVawVybCDnN3QruRP8pDjAFbzuLhupauTDXGTST1Ef2XLGxyqcPY5oVqGbPg2u9nBiFNh4tEPhfrZicyCKPq,Esmx2QjmDZMjJ15yBJ2nhqisjEt7Gqro4jSkofdoVsvY,outbound,PAI,842520,841175.77
Transfered,2022-07-02 20:08:52.000,2mGpZ6c3sjC38csNqspsy3WpJFrA3xe8jR944CFPm86XGac7pinYLyhEJ9wbhMk8Ke8jM3DCok1J3oxpWZVwN1Qe,Esmx2QjmDZMjJ15yBJ2nhqisjEt7Gqro4jSkofdoVsvY,outbound,PAI,840001,838660.8
Transfered,2022-07-02 22:25:26.000,pit8jmLpxF2bsHTfeQngUM7sR6cvbwXynYnCUHUjybiKaLPKPcRbCFQeoK2pdtquvybSaqpvk4jHJ7GuAb9xn5u,Esmx2QjmDZMjJ15yBJ2nhqisjEt7Gqro4jSkofdoVsvY,outbound,PAI,842520,841175.77
Transfered,2022-07-02 22:32:42.000,4rPDRpJqzi23BWaHsh37AzJwAFqejxKngLgvom7rvizZkkfJeCNixUkob1mHyX3M4TGFA1K84UJNLahFzTPVHHpe,Esmx2QjmDZMjJ15yBJ2nhqisjEt7Gqro4jSkofdoVsvY,inbound,PAI,842520,841175.77
Transfered,2022-07-02 22:31:09.000,2YD1imPBkUpq8pgQTHufBpBQX1q4QxjpWAHhf9i9fzstbidm7boS2S9rBKz7UEQgJ5gKJwZnkQFfTVSEdAgAkX4z,Esmx2QjmDZMjJ15yBJ2nhqisjEt7Gqro4jSkofdoVsvY,outbound,PAI,842520,841175.77
Transfered,2022-07-02 22:29:01.000,4Vp4vBqbJXz5UHwdwXbV4GzD93uZBKwykRLi3ezfX1g9Rph2PTZpCGE9EsN4Lhjsr2fiqRJwEj2L1jBDVfbyKC2s,Esmx2QjmDZMjJ15yBJ2nhqisjEt7Gqro4jSkofdoVsvY,inbound,PAI,1137.33,1135.52
Transfered,2022-07-02 22:30:21.000,TRfTVawVybCDnN3QruRP8pDjAFbzuLhupauTDXGTST1Ef2XLGxyqcPY5oVqGbPg2u9nBiFNh4tEPhfrZicyCKPq,Esmx2QjmDZMjJ15yBJ2nhqisjEt7Gqro4jSkofdoVsvY,inbound,PAI,840000,838659.79
Transfered,2022-07-02 22:30:21.000,TRfTVawVybCDnN3QruRP8pDjAFbzuLhupauTDXGTST1Ef2XLGxyqcPY5oVqGbPg2u9nBiFNh4tEPhfrZicyCKPq,Esmx2QjmDZMjJ15yBJ2nhqisjEt7Gqro4jSkofdoVsvY,inbound,PAI,842520,841175.77
Transfered,2022-07-02 18:58:18.000,2FpnZA1NKDJwzBWC1nuJsJsSjYM21qn8qr3sZ1jKM8ePeZXhQtHW1woAp4GScCpjHYuurVMRn5nbAtzrHAka2D14,Esmx2QjmDZMjJ15yBJ2nhqisjEt7Gqro4jSkofdoVsvY,outbound,PAI,0,0
Transfered,2022-07-02 22:36:15.000,4fcpLnm9VRH6Ethhj4HzxXh1U9psC7hRFt3heE6XDe34m4RmKJP1KDbEigQyTCi8MxnaQdF2VX96k7FPcsgNLtAk,Esmx2QjmDZMjJ15yBJ2nhqisjEt7Gqro4jSkofdoVsvY,inbound,PAI,1137.33,1135.52
Transfered,2022-07-02 22:34:09.000,5ecGgfCKpd4YiVP6YCvGQZGo536iZia4qqzNoBBDNAq66UpChQapzMdDgb1jdmZ4qVGttA1iGKs5mwe6Z5dgFxrS,Esmx2QjmDZMjJ15yBJ2nhqisjEt7Gqro4jSkofdoVsvY,inbound,PAI,1137.33,1135.52
Transfered,2022-07-02 22:28:10.000,5DN5WUXpiNCAUm2jD6UZ1QWruPKFR3jw5jdNXSoB8jFjZ12HQMd8zNinTYkXy9fo57vjemHKMnrxTJwLMDEvruxr,Esmx2QjmDZMjJ15yBJ2nhqisjEt7Gqro4jSkofdoVsvY,inbound,PAI,842520,841175.77
Transfered,2022-07-02 22:31:09.000,2YD1imPBkUpq8pgQTHufBpBQX1q4QxjpWAHhf9i9fzstbidm7boS2S9rBKz7UEQgJ5gKJwZnkQFfTVSEdAgAkX4z,Esmx2QjmDZMjJ15yBJ2nhqisjEt7Gqro4jSkofdoVsvY,inbound,PAI,1137.33,1135.52
Transfered,2022-07-02 22:36:15.000,4fcpLnm9VRH6Ethhj4HzxXh1U9psC7hRFt3heE6XDe34m4RmKJP1KDbEigQyTCi8MxnaQdF2VX96k7FPcsgNLtAk,Esmx2QjmDZMjJ15yBJ2nhqisjEt7Gqro4jSkofdoVsvY,inbound,PAI,842520,841175.77
Transfered,2022-07-02 00:23:59.000,4QH3iVGHyddYHMDqVj1p73kNgAeU17JyrNgGbvV2Faq4LJ6skL7a9aCYZYqEXSYhP2DmosVjGyGKMm15T9JstCfc,Esmx2QjmDZMjJ15yBJ2nhqisjEt7Gqro4jSkofdoVsvY,inbound,PAI,1,1
Transfered,2022-07-02 22:25:26.000,pit8jmLpxF2bsHTfeQngUM7sR6cvbwXynYnCUHUjybiKaLPKPcRbCFQeoK2pdtquvybSaqpvk4jHJ7GuAb9xn5u,Esmx2QjmDZMjJ15yBJ2nhqisjEt7Gqro4jSkofdoVsvY,inbound,PAI,504,503.2
Transfered,2022-07-02 22:31:09.000,2YD1imPBkUpq8pgQTHufBpBQX1q4QxjpWAHhf9i9fzstbidm7boS2S9rBKz7UEQgJ5gKJwZnkQFfTVSEdAgAkX4z,Esmx2QjmDZMjJ15yBJ2nhqisjEt7Gqro4jSkofdoVsvY,inbound,PAI,504,503.2
Transfered,2022-07-02 22:29:01.000,4Vp4vBqbJXz5UHwdwXbV4GzD93uZBKwykRLi3ezfX1g9Rph2PTZpCGE9EsN4Lhjsr2fiqRJwEj2L1jBDVfbyKC2s,Esmx2QjmDZMjJ15yBJ2nhqisjEt7Gqro4jSkofdoVsvY,inbound,PAI,842520,841175.77
Transfered,2022-07-02 22:28:10.000,5DN5WUXpiNCAUm2jD6UZ1QWruPKFR3jw5jdNXSoB8jFjZ12HQMd8zNinTYkXy9fo57vjemHKMnrxTJwLMDEvruxr,Esmx2QjmDZMjJ15yBJ2nhqisjEt7Gqro4jSkofdoVsvY,inbound,PAI,842520,841175.77
Transfered,2022-07-02 22:30:21.000,TRfTVawVybCDnN3QruRP8pDjAFbzuLhupauTDXGTST1Ef2XLGxyqcPY5oVqGbPg2u9nBiFNh4tEPhfrZicyCKPq,Esmx2QjmDZMjJ15yBJ2nhqisjEt7Gqro4jSkofdoVsvY,inbound,PAI,842520,841175.77
Transfered,2022-07-02 22:30:21.000,TRfTVawVybCDnN3QruRP8pDjAFbzuLhupauTDXGTST1Ef2XLGxyqcPY5oVqGbPg2u9nBiFNh4tEPhfrZicyCKPq,Esmx2QjmDZMjJ15yBJ2nhqisjEt7Gqro4jSkofdoVsvY,outbound,PAI,842520,841175.77
Transfered,2022-07-02 22:28:10.000,5DN5WUXpiNCAUm2jD6UZ1QWruPKFR3jw5jdNXSoB8jFjZ12HQMd8zNinTYkXy9fo57vjemHKMnrxTJwLMDEvruxr,Esmx2QjmDZMjJ15yBJ2nhqisjEt7Gqro4jSkofdoVsvY,inbound,PAI,842520,841175.77
Transfered,2022-07-02 22:27:18.000,38engihTn3tCM5XdtRE6nG7QfyCJPu77HwZzFtK8KRwU8JjDxyVWgEFro6LgF2o4E6B7AZK5z6Vkrkq6wNkfBDwH,Esmx2QjmDZMjJ15yBJ2nhqisjEt7Gqro4jSkofdoVsvY,outbound,PAI,842520,841175.77
Transfered,2022-07-02 22:27:18.000,38engihTn3tCM5XdtRE6nG7QfyCJPu77HwZzFtK8KRwU8JjDxyVWgEFro6LgF2o4E6B7AZK5z6Vkrkq6wNkfBDwH,Esmx2QjmDZMjJ15yBJ2nhqisjEt7Gqro4jSkofdoVsvY,inbound,PAI,842520,841175.77
Transfered,2022-07-02 22:29:01.000,4Vp4vBqbJXz5UHwdwXbV4GzD93uZBKwykRLi3ezfX1g9Rph2PTZpCGE9EsN4Lhjsr2fiqRJwEj2L1jBDVfbyKC2s,Esmx2QjmDZMjJ15yBJ2nhqisjEt7Gqro4jSkofdoVsvY,outbound,PAI,842520,841175.77
Transfered,2022-07-02 22:36:15.000,4fcpLnm9VRH6Ethhj4HzxXh1U9psC7hRFt3heE6XDe34m4RmKJP1KDbEigQyTCi8MxnaQdF2VX96k7FPcsgNLtAk,Esmx2QjmDZMjJ15yBJ2nhqisjEt7Gqro4jSkofdoVsvY,outbound,PAI,842520,841175.77
Transfered,2022-07-02 22:34:09.000,5ecGgfCKpd4YiVP6YCvGQZGo536iZia4qqzNoBBDNAq66UpChQapzMdDgb1jdmZ4qVGttA1iGKs5mwe6Z5dgFxrS,Esmx2QjmDZMjJ15yBJ2nhqisjEt7Gqro4jSkofdoVsvY,inbound,PAI,842520,841175.77
Transfered,2022-07-02 22:34:09.000,5ecGgfCKpd4YiVP6YCvGQZGo536iZia4qqzNoBBDNAq66UpChQapzMdDgb1jdmZ4qVGttA1iGKs5mwe6Z5dgFxrS,Esmx2QjmDZMjJ15yBJ2nhqisjEt7Gqro4jSkofdoVsvY,inbound,PAI,842520,841175.77
Transfered,2022-07-02 22:36:15.000,4fcpLnm9VRH6Ethhj4HzxXh1U9psC7hRFt3heE6XDe34m4RmKJP1KDbEigQyTCi8MxnaQdF2VX96k7FPcsgNLtAk,Esmx2QjmDZMjJ15yBJ2nhqisjEt7Gqro4jSkofdoVsvY,outbound,PAI,842520,841175.77
Transfered,2022-07-02 22:34:09.000,5ecGgfCKpd4YiVP6YCvGQZGo536iZia4qqzNoBBDNAq66UpChQapzMdDgb1jdmZ4qVGttA1iGKs5mwe6Z5dgFxrS,Esmx2QjmDZMjJ15yBJ2nhqisjEt7Gqro4jSkofdoVsvY,inbound,PAI,504,503.2
Transfered,2022-07-02 22:32:42.000,4rPDRpJqzi23BWaHsh37AzJwAFqejxKngLgvom7rvizZkkfJeCNixUkob1mHyX3M4TGFA1K84UJNLahFzTPVHHpe,Esmx2QjmDZMjJ15yBJ2nhqisjEt7Gqro4jSkofdoVsvY,inbound,PAI,842520,841175.77
Transfered,2022-07-02 22:36:15.000,4fcpLnm9VRH6Ethhj4HzxXh1U9psC7hRFt3heE6XDe34m4RmKJP1KDbEigQyTCi8MxnaQdF2VX96k7FPcsgNLtAk,Esmx2QjmDZMjJ15yBJ2nhqisjEt7Gqro4jSkofdoVsvY,outbound,PAI,842520,841175.77
Transfered,2022-07-02 18:56:23.000,5GenevrpgfGd1YCQxiawqbcjkVULC813t7TsfKbMzYh6XWBg4hUpxNKLDMMjh7qWgQaDaWBBoaara5jRhjwdzhP7,Esmx2QjmDZMjJ15yBJ2nhqisjEt7Gqro4jSkofdoVsvY,outbound,PAI,0,0
Transfered,2022-07-02 18:59:30.000,2S954ip9F5exa7GmZvnHEVDvLBE2S614ge5CNdGmfGQn8gDrcBXsJgmUeB2Z1USkyzRSC772zxAjGY2cugizYFUi,Esmx2QjmDZMjJ15yBJ2nhqisjEt7Gqro4jSkofdoVsvY,outbound,PAI,0,0
Transfered,2022-07-02 22:30:21.000,TRfTVawVybCDnN3QruRP8pDjAFbzuLhupauTDXGTST1Ef2XLGxyqcPY5oVqGbPg2u9nBiFNh4tEPhfrZicyCKPq,Esmx2QjmDZMjJ15yBJ2nhqisjEt7Gqro4jSkofdoVsvY,outbound,PAI,842520,841175.77
Transfered,2022-07-02 22:36:15.000,4fcpLnm9VRH6Ethhj4HzxXh1U9psC7hRFt3heE6XDe34m4RmKJP1KDbEigQyTCi8MxnaQdF2VX96k7FPcsgNLtAk,Esmx2QjmDZMjJ15yBJ2nhqisjEt7Gqro4jSkofdoVsvY,outbound,PAI,842520,841175.77
Transfered,2022-07-02 18:59:16.000,2H9imSCcLABDoGe8hPYG17L4968t3gbUEi5jYqxwrzK7QjRDm6FMUK5peMH2M5TzrnPAcNGRVXYDtv7E67wjqFF8,Esmx2QjmDZMjJ15yBJ2nhqisjEt7Gqro4jSkofdoVsvY,outbound,PAI,0,0
Transfered,2022-07-02 22:31:09.000,2YD1imPBkUpq8pgQTHufBpBQX1q4QxjpWAHhf9i9fzstbidm7boS2S9rBKz7UEQgJ5gKJwZnkQFfTVSEdAgAkX4z,Esmx2QjmDZMjJ15yBJ2nhqisjEt7Gqro4jSkofdoVsvY,outbound,PAI,842520,841175.77
Transfered,2022-07-02 18:58:26.000,h84zbpdLDGTHtUAnr5vZS2NHBw2ZPqJuFeURCPuxW7ZAotmeR2WXQz8JL7wL5GDMYVHCzwZE7bz8qR9cWhwcnme,Esmx2QjmDZMjJ15yBJ2nhqisjEt7Gqro4jSkofdoVsvY,outbound,PAI,0,0
Transfered,2022-07-02 22:30:21.000,TRfTVawVybCDnN3QruRP8pDjAFbzuLhupauTDXGTST1Ef2XLGxyqcPY5oVqGbPg2u9nBiFNh4tEPhfrZicyCKPq,Esmx2QjmDZMjJ15yBJ2nhqisjEt7Gqro4jSkofdoVsvY,inbound,PAI,1137.33,1135.52
Transfered,2022-07-02 22:28:10.000,5DN5WUXpiNCAUm2jD6UZ1QWruPKFR3jw5jdNXSoB8jFjZ12HQMd8zNinTYkXy9fo57vjemHKMnrxTJwLMDEvruxr,Esmx2QjmDZMjJ15yBJ2nhqisjEt7Gqro4jSkofdoVsvY,inbound,PAI,1137.33,1135.52
Transfered,2022-07-02 22:32:42.000,4rPDRpJqzi23BWaHsh37AzJwAFqejxKngLgvom7rvizZkkfJeCNixUkob1mHyX3M4TGFA1K84UJNLahFzTPVHHpe,Esmx2QjmDZMjJ15yBJ2nhqisjEt7Gqro4jSkofdoVsvY,inbound,PAI,842520,841175.77
Transfered,2022-07-02 22:25:26.000,pit8jmLpxF2bsHTfeQngUM7sR6cvbwXynYnCUHUjybiKaLPKPcRbCFQeoK2pdtquvybSaqpvk4jHJ7GuAb9xn5u,Esmx2QjmDZMjJ15yBJ2nhqisjEt7Gqro4jSkofdoVsvY,inbound,PAI,842520,841175.77
Transfered,2022-07-02 22:37:24.000,56Xs3yxWGcwW3drBsGNxfzeM8AuaQWNMyEbiuW1mRRsCxfAVdEkETu33DwoeVsumZWaezoKhU8NZWHEqFXNBcUGV,Esmx2QjmDZMjJ15yBJ2nhqisjEt7Gqro4jSkofdoVsvY,inbound,PAI,842520,841175.77
Transfered,2022-07-02 22:26:18.000,3tS9uYJK4fxRYc7YCs6m99erXUtfMEPJ8jhycpq62DJsB166hAiMDmNWLiWunFVCw6MpnuimfDY7LJ9dBj3zNhx,Esmx2QjmDZMjJ15yBJ2nhqisjEt7Gqro4jSkofdoVsvY,inbound,PAI,504,503.2
Transfered,2022-07-02 20:06:52.000,54Qdw69mkonP7jXGtkjBLbhfFzmpQmL8bkqqmBBMQdd2Hhq7ZffqgnWN7EcdUfcJRV2L7mx2F8Bwyjp1HBBkKp64,Esmx2QjmDZMjJ15yBJ2nhqisjEt7Gqro4jSkofdoVsvY,outbound,PAI,0,0
Transfered,2022-07-02 22:25:26.000,pit8jmLpxF2bsHTfeQngUM7sR6cvbwXynYnCUHUjybiKaLPKPcRbCFQeoK2pdtquvybSaqpvk4jHJ7GuAb9xn5u,Esmx2QjmDZMjJ15yBJ2nhqisjEt7Gqro4jSkofdoVsvY,inbound,PAI,842520,841175.77
Transfered,2022-07-02 22:26:18.000,3tS9uYJK4fxRYc7YCs6m99erXUtfMEPJ8jhycpq62DJsB166hAiMDmNWLiWunFVCw6MpnuimfDY7LJ9dBj3zNhx,Esmx2QjmDZMjJ15yBJ2nhqisjEt7Gqro4jSkofdoVsvY,outbound,PAI,842520,841175.77
Transfered,2022-07-02 20:08:52.000,2mGpZ6c3sjC38csNqspsy3WpJFrA3xe8jR944CFPm86XGac7pinYLyhEJ9wbhMk8Ke8jM3DCok1J3oxpWZVwN1Qe,Esmx2QjmDZMjJ15yBJ2nhqisjEt7Gqro4jSkofdoVsvY,inbound,PAI,840001,838660.8
Transfered,2022-07-02 22:37:24.000,56Xs3yxWGcwW3drBsGNxfzeM8AuaQWNMyEbiuW1mRRsCxfAVdEkETu33DwoeVsumZWaezoKhU8NZWHEqFXNBcUGV,Esmx2QjmDZMjJ15yBJ2nhqisjEt7Gqro4jSkofdoVsvY,inbound,PAI,1137.33,1135.52
Transfered,2022-07-02 22:37:24.000,56Xs3yxWGcwW3drBsGNxfzeM8AuaQWNMyEbiuW1mRRsCxfAVdEkETu33DwoeVsumZWaezoKhU8NZWHEqFXNBcUGV,Esmx2QjmDZMjJ15yBJ2nhqisjEt7Gqro4jSkofdoVsvY,outbound,PAI,842520,841175.77
Transfered,2022-07-02 22:28:10.000,5DN5WUXpiNCAUm2jD6UZ1QWruPKFR3jw5jdNXSoB8jFjZ12HQMd8zNinTYkXy9fo57vjemHKMnrxTJwLMDEvruxr,Esmx2QjmDZMjJ15yBJ2nhqisjEt7Gqro4jSkofdoVsvY,outbound,PAI,842520,841175.77
Transfered,2022-07-02 22:25:26.000,pit8jmLpxF2bsHTfeQngUM7sR6cvbwXynYnCUHUjybiKaLPKPcRbCFQeoK2pdtquvybSaqpvk4jHJ7GuAb9xn5u,Esmx2QjmDZMjJ15yBJ2nhqisjEt7Gqro4jSkofdoVsvY,inbound,PAI,842520,841175.77
Transfered,2022-07-02 22:37:24.000,56Xs3yxWGcwW3drBsGNxfzeM8AuaQWNMyEbiuW1mRRsCxfAVdEkETu33DwoeVsumZWaezoKhU8NZWHEqFXNBcUGV,Esmx2QjmDZMjJ15yBJ2nhqisjEt7Gqro4jSkofdoVsvY,inbound,PAI,1137.33,1135.52
Transfered,2022-07-02 22:30:21.000,TRfTVawVybCDnN3QruRP8pDjAFbzuLhupauTDXGTST1Ef2XLGxyqcPY5oVqGbPg2u9nBiFNh4tEPhfrZicyCKPq,Esmx2QjmDZMjJ15yBJ2nhqisjEt7Gqro4jSkofdoVsvY,outbound,PAI,842520,841175.77
Transfered,2022-07-02 20:08:52.000,2mGpZ6c3sjC38csNqspsy3WpJFrA3xe8jR944CFPm86XGac7pinYLyhEJ9wbhMk8Ke8jM3DCok1J3oxpWZVwN1Qe,Esmx2QjmDZMjJ15yBJ2nhqisjEt7Gqro4jSkofdoVsvY,inbound,PAI,1133.93,1132.12
Transfered,2022-07-02 22:26:18.000,3tS9uYJK4fxRYc7YCs6m99erXUtfMEPJ8jhycpq62DJsB166hAiMDmNWLiWunFVCw6MpnuimfDY7LJ9dBj3zNhx,Esmx2QjmDZMjJ15yBJ2nhqisjEt7Gqro4jSkofdoVsvY,inbound,PAI,842520,841175.77
Transfered,2022-07-02 22:32:42.000,4rPDRpJqzi23BWaHsh37AzJwAFqejxKngLgvom7rvizZkkfJeCNixUkob1mHyX3M4TGFA1K84UJNLahFzTPVHHpe,Esmx2QjmDZMjJ15yBJ2nhqisjEt7Gqro4jSkofdoVsvY,inbound,PAI,1137.33,1135.52
Transfered,2022-07-02 22:27:18.000,38engihTn3tCM5XdtRE6nG7QfyCJPu77HwZzFtK8KRwU8JjDxyVWgEFro6LgF2o4E6B7AZK5z6Vkrkq6wNkfBDwH,Esmx2QjmDZMjJ15yBJ2nhqisjEt7Gqro4jSkofdoVsvY,inbound,PAI,842520,841175.77
Transfered,2022-07-02 22:25:26.000,pit8jmLpxF2bsHTfeQngUM7sR6cvbwXynYnCUHUjybiKaLPKPcRbCFQeoK2pdtquvybSaqpvk4jHJ7GuAb9xn5u,Esmx2QjmDZMjJ15yBJ2nhqisjEt7Gqro4jSkofdoVsvY,inbound,PAI,842520,841175.77
Transfered,2022-07-02 22:34:09.000,5ecGgfCKpd4YiVP6YCvGQZGo536iZia4qqzNoBBDNAq66UpChQapzMdDgb1jdmZ4qVGttA1iGKs5mwe6Z5dgFxrS,Esmx2QjmDZMjJ15yBJ2nhqisjEt7Gqro4jSkofdoVsvY,outbound,PAI,842520,841175.77
Transfered,2022-07-02 22:34:09.000,5ecGgfCKpd4YiVP6YCvGQZGo536iZia4qqzNoBBDNAq66UpChQapzMdDgb1jdmZ4qVGttA1iGKs5mwe6Z5dgFxrS,Esmx2QjmDZMjJ15yBJ2nhqisjEt7Gqro4jSkofdoVsvY,inbound,PAI,842520,841175.77
Transfered,2022-07-02 22:34:09.000,5ecGgfCKpd4YiVP6YCvGQZGo536iZia4qqzNoBBDNAq66UpChQapzMdDgb1jdmZ4qVGttA1iGKs5mwe6Z5dgFxrS,Esmx2QjmDZMjJ15yBJ2nhqisjEt7Gqro4jSkofdoVsvY,outbound,PAI,842520,841175.77
Transfered,2022-07-02 22:34:09.000,5ecGgfCKpd4YiVP6YCvGQZGo536iZia4qqzNoBBDNAq66UpChQapzMdDgb1jdmZ4qVGttA1iGKs5mwe6Z5dgFxrS,Esmx2QjmDZMjJ15yBJ2nhqisjEt7Gqro4jSkofdoVsvY,outbound,PAI,842520,841175.77
Transfered,2022-07-02 19:28:42.000,3bDjrLtG5MvXteJBhCoWuQ5vJUkF9VFVDZDUsjmgGFGFtc3WSdRCqxiq9mD1XRZzPANiC7P6qzHmvfouWaotm7ox,Esmx2QjmDZMjJ15yBJ2nhqisjEt7Gqro4jSkofdoVsvY,outbound,PAI,0,0
Transfered,2022-07-02 22:29:01.000,4Vp4vBqbJXz5UHwdwXbV4GzD93uZBKwykRLi3ezfX1g9Rph2PTZpCGE9EsN4Lhjsr2fiqRJwEj2L1jBDVfbyKC2s,Esmx2QjmDZMjJ15yBJ2nhqisjEt7Gqro4jSkofdoVsvY,outbound,PAI,842520,841175.77
Transfered,2022-07-02 22:27:18.000,38engihTn3tCM5XdtRE6nG7QfyCJPu77HwZzFtK8KRwU8JjDxyVWgEFro6LgF2o4E6B7AZK5z6Vkrkq6wNkfBDwH,Esmx2QjmDZMjJ15yBJ2nhqisjEt7Gqro4jSkofdoVsvY,inbound,PAI,504,503.2
Transfered,2022-07-02 22:36:15.000,4fcpLnm9VRH6Ethhj4HzxXh1U9psC7hRFt3heE6XDe34m4RmKJP1KDbEigQyTCi8MxnaQdF2VX96k7FPcsgNLtAk,Esmx2QjmDZMjJ15yBJ2nhqisjEt7Gqro4jSkofdoVsvY,inbound,PAI,1137.33,1135.52
Transfered,2022-07-02 22:36:15.000,4fcpLnm9VRH6Ethhj4HzxXh1U9psC7hRFt3heE6XDe34m4RmKJP1KDbEigQyTCi8MxnaQdF2VX96k7FPcsgNLtAk,Esmx2QjmDZMjJ15yBJ2nhqisjEt7Gqro4jSkofdoVsvY,inbound,PAI,1137.33,1135.52
Transfered,2022-07-02 22:29:01.000,4Vp4vBqbJXz5UHwdwXbV4GzD93uZBKwykRLi3ezfX1g9Rph2PTZpCGE9EsN4Lhjsr2fiqRJwEj2L1jBDVfbyKC2s,Esmx2QjmDZMjJ15yBJ2nhqisjEt7Gqro4jSkofdoVsvY,inbound,PAI,842520,841175.77
Transfered,2022-07-02 22:30:21.000,TRfTVawVybCDnN3QruRP8pDjAFbzuLhupauTDXGTST1Ef2XLGxyqcPY5oVqGbPg2u9nBiFNh4tEPhfrZicyCKPq,Esmx2QjmDZMjJ15yBJ2nhqisjEt7Gqro4jSkofdoVsvY,inbound,PAI,842520,841175.77
Transfered,2022-07-02 22:28:10.000,5DN5WUXpiNCAUm2jD6UZ1QWruPKFR3jw5jdNXSoB8jFjZ12HQMd8zNinTYkXy9fo57vjemHKMnrxTJwLMDEvruxr,Esmx2QjmDZMjJ15yBJ2nhqisjEt7Gqro4jSkofdoVsvY,outbound,PAI,842520,841175.77
Transfered,2022-07-02 22:26:18.000,3tS9uYJK4fxRYc7YCs6m99erXUtfMEPJ8jhycpq62DJsB166hAiMDmNWLiWunFVCw6MpnuimfDY7LJ9dBj3zNhx,Esmx2QjmDZMjJ15yBJ2nhqisjEt7Gqro4jSkofdoVsvY,outbound,PAI,842520,841175.77
Transfered,2022-07-02 22:28:10.000,5DN5WUXpiNCAUm2jD6UZ1QWruPKFR3jw5jdNXSoB8jFjZ12HQMd8zNinTYkXy9fo57vjemHKMnrxTJwLMDEvruxr,Esmx2QjmDZMjJ15yBJ2nhqisjEt7Gqro4jSkofdoVsvY,inbound,PAI,842520,841175.77
Transfered,2022-07-02 20:08:52.000,2mGpZ6c3sjC38csNqspsy3WpJFrA3xe8jR944CFPm86XGac7pinYLyhEJ9wbhMk8Ke8jM3DCok1J3oxpWZVwN1Qe,Esmx2QjmDZMjJ15yBJ2nhqisjEt7Gqro4jSkofdoVsvY,inbound,PAI,840001,838660.8
Transfered,2022-07-02 22:31:09.000,2YD1imPBkUpq8pgQTHufBpBQX1q4QxjpWAHhf9i9fzstbidm7boS2S9rBKz7UEQgJ5gKJwZnkQFfTVSEdAgAkX4z,Esmx2QjmDZMjJ15yBJ2nhqisjEt7Gqro4jSkofdoVsvY,inbound,PAI,842520,841175.77
Transfered,2022-07-02 22:29:01.000,4Vp4vBqbJXz5UHwdwXbV4GzD93uZBKwykRLi3ezfX1g9Rph2PTZpCGE9EsN4Lhjsr2fiqRJwEj2L1jBDVfbyKC2s,Esmx2QjmDZMjJ15yBJ2nhqisjEt7Gqro4jSkofdoVsvY,outbound,PAI,842520,841175.77
Transfered,2022-07-02 22:27:18.000,38engihTn3tCM5XdtRE6nG7QfyCJPu77HwZzFtK8KRwU8JjDxyVWgEFro6LgF2o4E6B7AZK5z6Vkrkq6wNkfBDwH,Esmx2QjmDZMjJ15yBJ2nhqisjEt7Gqro4jSkofdoVsvY,inbound,PAI,1137.33,1135.52
Transfered,2022-07-02 22:25:26.000,pit8jmLpxF2bsHTfeQngUM7sR6cvbwXynYnCUHUjybiKaLPKPcRbCFQeoK2pdtquvybSaqpvk4jHJ7GuAb9xn5u,Esmx2QjmDZMjJ15yBJ2nhqisjEt7Gqro4jSkofdoVsvY,outbound,PAI,842520,841175.77
Transfered,2022-07-02 22:36:15.000,4fcpLnm9VRH6Ethhj4HzxXh1U9psC7hRFt3heE6XDe34m4RmKJP1KDbEigQyTCi8MxnaQdF2VX96k7FPcsgNLtAk,Esmx2QjmDZMjJ15yBJ2nhqisjEt7Gqro4jSkofdoVsvY,inbound,PAI,842520,841175.77
Transfered,2022-07-02 22:27:18.000,38engihTn3tCM5XdtRE6nG7QfyCJPu77HwZzFtK8KRwU8JjDxyVWgEFro6LgF2o4E6B7AZK5z6Vkrkq6wNkfBDwH,Esmx2QjmDZMjJ15yBJ2nhqisjEt7Gqro4jSkofdoVsvY,inbound,PAI,842520,841175.77
Transfered,2022-07-02 22:27:18.000,38engihTn3tCM5XdtRE6nG7QfyCJPu77HwZzFtK8KRwU8JjDxyVWgEFro6LgF2o4E6B7AZK5z6Vkrkq6wNkfBDwH,Esmx2QjmDZMjJ15yBJ2nhqisjEt7Gqro4jSkofdoVsvY,outbound,PAI,842520,841175.77
Transfered,2022-07-02 22:28:10.000,5DN5WUXpiNCAUm2jD6UZ1QWruPKFR3jw5jdNXSoB8jFjZ12HQMd8zNinTYkXy9fo57vjemHKMnrxTJwLMDEvruxr,Esmx2QjmDZMjJ15yBJ2nhqisjEt7Gqro4jSkofdoVsvY,outbound,PAI,842520,841175.77
Transfered,2022-07-02 22:27:18.000,38engihTn3tCM5XdtRE6nG7QfyCJPu77HwZzFtK8KRwU8JjDxyVWgEFro6LgF2o4E6B7AZK5z6Vkrkq6wNkfBDwH,Esmx2QjmDZMjJ15yBJ2nhqisjEt7Gqro4jSkofdoVsvY,inbound,PAI,1137.33,1135.52
Transfered,2022-07-02 22:30:21.000,TRfTVawVybCDnN3QruRP8pDjAFbzuLhupauTDXGTST1Ef2XLGxyqcPY5oVqGbPg2u9nBiFNh4tEPhfrZicyCKPq,Esmx2QjmDZMjJ15yBJ2nhqisjEt7Gqro4jSkofdoVsvY,inbound,PAI,842520,841175.77
Transfered,2022-07-02 20:08:52.000,2mGpZ6c3sjC38csNqspsy3WpJFrA3xe8jR944CFPm86XGac7pinYLyhEJ9wbhMk8Ke8jM3DCok1J3oxpWZVwN1Qe,Esmx2QjmDZMjJ15yBJ2nhqisjEt7Gqro4jSkofdoVsvY,outbound,PAI,840001,838660.8
Transfered,2022-07-02 20:08:52.000,2mGpZ6c3sjC38csNqspsy3WpJFrA3xe8jR944CFPm86XGac7pinYLyhEJ9wbhMk8Ke8jM3DCok1J3oxpWZVwN1Qe,Esmx2QjmDZMjJ15yBJ2nhqisjEt7Gqro4jSkofdoVsvY,inbound,PAI,1133.93,1132.12
Transfered,2022-07-02 22:25:26.000,pit8jmLpxF2bsHTfeQngUM7sR6cvbwXynYnCUHUjybiKaLPKPcRbCFQeoK2pdtquvybSaqpvk4jHJ7GuAb9xn5u,Esmx2QjmDZMjJ15yBJ2nhqisjEt7Gqro4jSkofdoVsvY,inbound,PAI,1137.33,1135.52
Transfered,2022-07-02 22:34:09.000,5ecGgfCKpd4YiVP6YCvGQZGo536iZia4qqzNoBBDNAq66UpChQapzMdDgb1jdmZ4qVGttA1iGKs5mwe6Z5dgFxrS,Esmx2QjmDZMjJ15yBJ2nhqisjEt7Gqro4jSkofdoVsvY,outbound,PAI,842520,841175.77
Transfered,2022-07-02 22:37:24.000,56Xs3yxWGcwW3drBsGNxfzeM8AuaQWNMyEbiuW1mRRsCxfAVdEkETu33DwoeVsumZWaezoKhU8NZWHEqFXNBcUGV,Esmx2QjmDZMjJ15yBJ2nhqisjEt7Gqro4jSkofdoVsvY,inbound,PAI,1137.33,1135.52
Transfered,2022-07-02 22:27:18.000,38engihTn3tCM5XdtRE6nG7QfyCJPu77HwZzFtK8KRwU8JjDxyVWgEFro6LgF2o4E6B7AZK5z6Vkrkq6wNkfBDwH,Esmx2QjmDZMjJ15yBJ2nhqisjEt7Gqro4jSkofdoVsvY,inbound,PAI,1137.33,1135.52
Transfered,2022-07-02 22:27:18.000,38engihTn3tCM5XdtRE6nG7QfyCJPu77HwZzFtK8KRwU8JjDxyVWgEFro6LgF2o4E6B7AZK5z6Vkrkq6wNkfBDwH,Esmx2QjmDZMjJ15yBJ2nhqisjEt7Gqro4jSkofdoVsvY,outbound,PAI,842520,841175.77
Transfered,2022-07-02 22:26:18.000,3tS9uYJK4fxRYc7YCs6m99erXUtfMEPJ8jhycpq62DJsB166hAiMDmNWLiWunFVCw6MpnuimfDY7LJ9dBj3zNhx,Esmx2QjmDZMjJ15yBJ2nhqisjEt7Gqro4jSkofdoVsvY,outbound,PAI,842520,841175.77
Transfered,2022-07-02 22:31:09.000,2YD1imPBkUpq8pgQTHufBpBQX1q4QxjpWAHhf9i9fzstbidm7boS2S9rBKz7UEQgJ5gKJwZnkQFfTVSEdAgAkX4z,Esmx2QjmDZMjJ15yBJ2nhqisjEt7Gqro4jSkofdoVsvY,inbound,PAI,1137.33,1135.52
Transfered,2022-07-02 18:56:29.000,stkcH6gmyQJF9VVA7awCd3TnLWfvmnYN7oMFGkh1mXTXMo8e1azJNCAR1UsmRqXjPfXKo7hVtjQnT3w4mBTvpbH,Esmx2QjmDZMjJ15yBJ2nhqisjEt7Gqro4jSkofdoVsvY,outbound,PAI,0,0
Transfered,2022-07-02 22:29:01.000,4Vp4vBqbJXz5UHwdwXbV4GzD93uZBKwykRLi3ezfX1g9Rph2PTZpCGE9EsN4Lhjsr2fiqRJwEj2L1jBDVfbyKC2s,Esmx2QjmDZMjJ15yBJ2nhqisjEt7Gqro4jSkofdoVsvY,outbound,PAI,842520,841175.77
Transfered,2022-07-02 22:26:18.000,3tS9uYJK4fxRYc7YCs6m99erXUtfMEPJ8jhycpq62DJsB166hAiMDmNWLiWunFVCw6MpnuimfDY7LJ9dBj3zNhx,Esmx2QjmDZMjJ15yBJ2nhqisjEt7Gqro4jSkofdoVsvY,inbound,PAI,1137.33,1135.52
Transfered,2022-07-02 22:27:18.000,38engihTn3tCM5XdtRE6nG7QfyCJPu77HwZzFtK8KRwU8JjDxyVWgEFro6LgF2o4E6B7AZK5z6Vkrkq6wNkfBDwH,Esmx2QjmDZMjJ15yBJ2nhqisjEt7Gqro4jSkofdoVsvY,inbound,PAI,842520,841175.77
Transfered,2022-07-02 22:31:09.000,2YD1imPBkUpq8pgQTHufBpBQX1q4QxjpWAHhf9i9fzstbidm7boS2S9rBKz7UEQgJ5gKJwZnkQFfTVSEdAgAkX4z,Esmx2QjmDZMjJ15yBJ2nhqisjEt7Gqro4jSkofdoVsvY,inbound,PAI,842520,841175.77
Transfered,2022-07-02 22:26:18.000,3tS9uYJK4fxRYc7YCs6m99erXUtfMEPJ8jhycpq62DJsB166hAiMDmNWLiWunFVCw6MpnuimfDY7LJ9dBj3zNhx,Esmx2QjmDZMjJ15yBJ2nhqisjEt7Gqro4jSkofdoVsvY,inbound,PAI,842520,841175.77
Transfered,2022-07-02 22:30:21.000,TRfTVawVybCDnN3QruRP8pDjAFbzuLhupauTDXGTST1Ef2XLGxyqcPY5oVqGbPg2u9nBiFNh4tEPhfrZicyCKPq,Esmx2QjmDZMjJ15yBJ2nhqisjEt7Gqro4jSkofdoVsvY,inbound,PAI,1137.33,1135.52
Transfered,2022-07-02 18:59:55.000,2dnAWSWhjJGvsggNYRZzfpGgJTYdh1CwYioEHRmtnezF4q2LipU1n4QWdVcm8eMN4h9b2eHtFzqA3etiEYq6tPBd,Esmx2QjmDZMjJ15yBJ2nhqisjEt7Gqro4jSkofdoVsvY,outbound,PAI,0,0
Transfered,2022-07-02 20:08:52.000,2mGpZ6c3sjC38csNqspsy3WpJFrA3xe8jR944CFPm86XGac7pinYLyhEJ9wbhMk8Ke8jM3DCok1J3oxpWZVwN1Qe,Esmx2QjmDZMjJ15yBJ2nhqisjEt7Gqro4jSkofdoVsvY,inbound,PAI,1133.93,1132.12
Transfered,2022-07-02 22:34:09.000,5ecGgfCKpd4YiVP6YCvGQZGo536iZia4qqzNoBBDNAq66UpChQapzMdDgb1jdmZ4qVGttA1iGKs5mwe6Z5dgFxrS,Esmx2QjmDZMjJ15yBJ2nhqisjEt7Gqro4jSkofdoVsvY,inbound,PAI,842520,841175.77
Transfered,2022-07-02 22:25:26.000,pit8jmLpxF2bsHTfeQngUM7sR6cvbwXynYnCUHUjybiKaLPKPcRbCFQeoK2pdtquvybSaqpvk4jHJ7GuAb9xn5u,Esmx2QjmDZMjJ15yBJ2nhqisjEt7Gqro4jSkofdoVsvY,inbound,PAI,1137.33,1135.52
Transfered,2022-07-02 22:29:01.000,4Vp4vBqbJXz5UHwdwXbV4GzD93uZBKwykRLi3ezfX1g9Rph2PTZpCGE9EsN4Lhjsr2fiqRJwEj2L1jBDVfbyKC2s,Esmx2QjmDZMjJ15yBJ2nhqisjEt7Gqro4jSkofdoVsvY,inbound,PAI,1137.33,1135.52
Transfered,2022-07-02 20:08:52.000,2mGpZ6c3sjC38csNqspsy3WpJFrA3xe8jR944CFPm86XGac7pinYLyhEJ9wbhMk8Ke8jM3DCok1J3oxpWZVwN1Qe,Esmx2QjmDZMjJ15yBJ2nhqisjEt7Gqro4jSkofdoVsvY,inbound,PAI,840001,838660.8
Transfered,2022-07-02 22:26:18.000,3tS9uYJK4fxRYc7YCs6m99erXUtfMEPJ8jhycpq62DJsB166hAiMDmNWLiWunFVCw6MpnuimfDY7LJ9dBj3zNhx,Esmx2QjmDZMjJ15yBJ2nhqisjEt7Gqro4jSkofdoVsvY,inbound,PAI,842520,841175.77
Transfered,2022-07-02 22:26:18.000,3tS9uYJK4fxRYc7YCs6m99erXUtfMEPJ8jhycpq62DJsB166hAiMDmNWLiWunFVCw6MpnuimfDY7LJ9dBj3zNhx,Esmx2QjmDZMjJ15yBJ2nhqisjEt7Gqro4jSkofdoVsvY,inbound,PAI,1137.33,1135.52
Transfered,2022-07-02 22:32:42.000,4rPDRpJqzi23BWaHsh37AzJwAFqejxKngLgvom7rvizZkkfJeCNixUkob1mHyX3M4TGFA1K84UJNLahFzTPVHHpe,Esmx2QjmDZMjJ15yBJ2nhqisjEt7Gqro4jSkofdoVsvY,inbound,PAI,1137.33,1135.52
Transfered,2022-07-02 22:28:10.000,5DN5WUXpiNCAUm2jD6UZ1QWruPKFR3jw5jdNXSoB8jFjZ12HQMd8zNinTYkXy9fo57vjemHKMnrxTJwLMDEvruxr,Esmx2QjmDZMjJ15yBJ2nhqisjEt7Gqro4jSkofdoVsvY,inbound,PAI,1137.33,1135.52
Transfered,2022-07-02 22:28:10.000,5DN5WUXpiNCAUm2jD6UZ1QWruPKFR3jw5jdNXSoB8jFjZ12HQMd8zNinTYkXy9fo57vjemHKMnrxTJwLMDEvruxr,Esmx2QjmDZMjJ15yBJ2nhqisjEt7Gqro4jSkofdoVsvY,inbound,PAI,1137.33,1135.52
Transfered,2022-07-02 22:28:10.000,5DN5WUXpiNCAUm2jD6UZ1QWruPKFR3jw5jdNXSoB8jFjZ12HQMd8zNinTYkXy9fo57vjemHKMnrxTJwLMDEvruxr,Esmx2QjmDZMjJ15yBJ2nhqisjEt7Gqro4jSkofdoVsvY,inbound,PAI,1137.33,1135.52
Transfered,2022-07-02 22:31:09.000,2YD1imPBkUpq8pgQTHufBpBQX1q4QxjpWAHhf9i9fzstbidm7boS2S9rBKz7UEQgJ5gKJwZnkQFfTVSEdAgAkX4z,Esmx2QjmDZMjJ15yBJ2nhqisjEt7Gqro4jSkofdoVsvY,inbound,PAI,1137.33,1135.52
Transfered,2022-07-02 22:25:26.000,pit8jmLpxF2bsHTfeQngUM7sR6cvbwXynYnCUHUjybiKaLPKPcRbCFQeoK2pdtquvybSaqpvk4jHJ7GuAb9xn5u,Esmx2QjmDZMjJ15yBJ2nhqisjEt7Gqro4jSkofdoVsvY,inbound,PAI,1137.33,1135.52
Transfered,2022-07-02 20:08:52.000,2mGpZ6c3sjC38csNqspsy3WpJFrA3xe8jR944CFPm86XGac7pinYLyhEJ9wbhMk8Ke8jM3DCok1J3oxpWZVwN1Qe,Esmx2QjmDZMjJ15yBJ2nhqisjEt7Gqro4jSkofdoVsvY,outbound,PAI,840001,838660.8
Transfered,2022-07-02 22:27:18.000,38engihTn3tCM5XdtRE6nG7QfyCJPu77HwZzFtK8KRwU8JjDxyVWgEFro6LgF2o4E6B7AZK5z6Vkrkq6wNkfBDwH,Esmx2QjmDZMjJ15yBJ2nhqisjEt7Gqro4jSkofdoVsvY,inbound,PAI,1137.33,1135.52
Transfered,2022-07-02 22:37:24.000,56Xs3yxWGcwW3drBsGNxfzeM8AuaQWNMyEbiuW1mRRsCxfAVdEkETu33DwoeVsumZWaezoKhU8NZWHEqFXNBcUGV,Esmx2QjmDZMjJ15yBJ2nhqisjEt7Gqro4jSkofdoVsvY,outbound,PAI,842520,841175.77
Transfered,2022-07-02 22:28:10.000,5DN5WUXpiNCAUm2jD6UZ1QWruPKFR3jw5jdNXSoB8jFjZ12HQMd8zNinTYkXy9fo57vjemHKMnrxTJwLMDEvruxr,Esmx2QjmDZMjJ15yBJ2nhqisjEt7Gqro4jSkofdoVsvY,outbound,PAI,842520,841175.77
Transfered,2022-07-02 22:26:18.000,3tS9uYJK4fxRYc7YCs6m99erXUtfMEPJ8jhycpq62DJsB166hAiMDmNWLiWunFVCw6MpnuimfDY7LJ9dBj3zNhx,Esmx2QjmDZMjJ15yBJ2nhqisjEt7Gqro4jSkofdoVsvY,inbound,PAI,842520,841175.77
Transfered,2022-07-02 22:37:24.000,56Xs3yxWGcwW3drBsGNxfzeM8AuaQWNMyEbiuW1mRRsCxfAVdEkETu33DwoeVsumZWaezoKhU8NZWHEqFXNBcUGV,Esmx2QjmDZMjJ15yBJ2nhqisjEt7Gqro4jSkofdoVsvY,outbound,PAI,842520,841175.77
Transfered,2022-07-02 18:59:37.000,mp16tVkpGMt1EYZpcB3oRAb2M8x6FRhk6UvXUzp6tiN4WfMEY1s5NyRCvcjqSrUXDppy8MLk1MFVgkgpHcxkzsb,Esmx2QjmDZMjJ15yBJ2nhqisjEt7Gqro4jSkofdoVsvY,outbound,PAI,0,0
Transfered,2022-07-02 22:28:10.000,5DN5WUXpiNCAUm2jD6UZ1QWruPKFR3jw5jdNXSoB8jFjZ12HQMd8zNinTYkXy9fo57vjemHKMnrxTJwLMDEvruxr,Esmx2QjmDZMjJ15yBJ2nhqisjEt7Gqro4jSkofdoVsvY,inbound,PAI,1137.33,1135.52
Transfered,2022-07-02 22:31:09.000,2YD1imPBkUpq8pgQTHufBpBQX1q4QxjpWAHhf9i9fzstbidm7boS2S9rBKz7UEQgJ5gKJwZnkQFfTVSEdAgAkX4z,Esmx2QjmDZMjJ15yBJ2nhqisjEt7Gqro4jSkofdoVsvY,inbound,PAI,1137.33,1135.52
Transfered,2022-07-02 22:25:26.000,pit8jmLpxF2bsHTfeQngUM7sR6cvbwXynYnCUHUjybiKaLPKPcRbCFQeoK2pdtquvybSaqpvk4jHJ7GuAb9xn5u,Esmx2QjmDZMjJ15yBJ2nhqisjEt7Gqro4jSkofdoVsvY,outbound,PAI,842520,841175.77
Transfered,2022-07-02 20:07:29.000,58cuBBGmUzSHfMtMDc8Sa3m1wx1ERw2zXMfBWK75rPt8aDk7dNk5X2KF6yVMdRTKoSqzoZmNiAa6DJ4BU4xFuxy2,Esmx2QjmDZMjJ15yBJ2nhqisjEt7Gqro4jSkofdoVsvY,outbound,PAI,0,0
Transfered,2022-07-02 22:31:09.000,2YD1imPBkUpq8pgQTHufBpBQX1q4QxjpWAHhf9i9fzstbidm7boS2S9rBKz7UEQgJ5gKJwZnkQFfTVSEdAgAkX4z,Esmx2QjmDZMjJ15yBJ2nhqisjEt7Gqro4jSkofdoVsvY,inbound,PAI,842520,841175.77
Transfered,2022-07-02 20:08:52.000,2mGpZ6c3sjC38csNqspsy3WpJFrA3xe8jR944CFPm86XGac7pinYLyhEJ9wbhMk8Ke8jM3DCok1J3oxpWZVwN1Qe,Esmx2QjmDZMjJ15yBJ2nhqisjEt7Gqro4jSkofdoVsvY,outbound,PAI,840001,838660.8
Transfered,2022-07-02 22:34:09.000,5ecGgfCKpd4YiVP6YCvGQZGo536iZia4qqzNoBBDNAq66UpChQapzMdDgb1jdmZ4qVGttA1iGKs5mwe6Z5dgFxrS,Esmx2QjmDZMjJ15yBJ2nhqisjEt7Gqro4jSkofdoVsvY,inbound,PAI,1137.33,1135.52
Transfered,2022-07-02 22:36:15.000,4fcpLnm9VRH6Ethhj4HzxXh1U9psC7hRFt3heE6XDe34m4RmKJP1KDbEigQyTCi8MxnaQdF2VX96k7FPcsgNLtAk,Esmx2QjmDZMjJ15yBJ2nhqisjEt7Gqro4jSkofdoVsvY,outbound,PAI,842520,841175.77
Transfered,2022-07-02 22:36:15.000,4fcpLnm9VRH6Ethhj4HzxXh1U9psC7hRFt3heE6XDe34m4RmKJP1KDbEigQyTCi8MxnaQdF2VX96k7FPcsgNLtAk,Esmx2QjmDZMjJ15yBJ2nhqisjEt7Gqro4jSkofdoVsvY,inbound,PAI,842520,841175.77
Transfered,2022-07-02 22:29:01.000,4Vp4vBqbJXz5UHwdwXbV4GzD93uZBKwykRLi3ezfX1g9Rph2PTZpCGE9EsN4Lhjsr2fiqRJwEj2L1jBDVfbyKC2s,Esmx2QjmDZMjJ15yBJ2nhqisjEt7Gqro4jSkofdoVsvY,inbound,PAI,1137.33,1135.52
Transfered,2022-07-02 22:36:15.000,4fcpLnm9VRH6Ethhj4HzxXh1U9psC7hRFt3heE6XDe34m4RmKJP1KDbEigQyTCi8MxnaQdF2VX96k7FPcsgNLtAk,Esmx2QjmDZMjJ15yBJ2nhqisjEt7Gqro4jSkofdoVsvY,inbound,PAI,842520,841175.77
Transfered,2022-07-02 22:29:01.000,4Vp4vBqbJXz5UHwdwXbV4GzD93uZBKwykRLi3ezfX1g9Rph2PTZpCGE9EsN4Lhjsr2fiqRJwEj2L1jBDVfbyKC2s,Esmx2QjmDZMjJ15yBJ2nhqisjEt7Gqro4jSkofdoVsvY,inbound,PAI,1137.33,1135.52
Transfered,2022-07-02 22:31:09.000,2YD1imPBkUpq8pgQTHufBpBQX1q4QxjpWAHhf9i9fzstbidm7boS2S9rBKz7UEQgJ5gKJwZnkQFfTVSEdAgAkX4z,Esmx2QjmDZMjJ15yBJ2nhqisjEt7Gqro4jSkofdoVsvY,inbound,PAI,840000,838659.79
Transfered,2022-07-02 18:56:30.000,3Tk2NMthg16ZqjdwaEnZ4JHPGj7S7nDpCwJqY5Xph6cmHa9WmxPxvE6DwNmMC1MgPhHwX1xkYSJn3DJZoELoCiCC,Esmx2QjmDZMjJ15yBJ2nhqisjEt7Gqro4jSkofdoVsvY,outbound,PAI,0,0
Transfered,2022-07-02 22:37:24.000,56Xs3yxWGcwW3drBsGNxfzeM8AuaQWNMyEbiuW1mRRsCxfAVdEkETu33DwoeVsumZWaezoKhU8NZWHEqFXNBcUGV,Esmx2QjmDZMjJ15yBJ2nhqisjEt7Gqro4jSkofdoVsvY,inbound,PAI,842520,841175.77
Transfered,2022-07-02 18:56:10.000,5f4CcNyFfore948JTHbjpaHT26od12ecwThA8dfyA5YcGquSTuW1ajpWUrGfAaTVSGT7hzg9N6daY8BZZgsdQX5C,Esmx2QjmDZMjJ15yBJ2nhqisjEt7Gqro4jSkofdoVsvY,outbound,PAI,0,0
Transfered,2022-07-02 22:25:26.000,pit8jmLpxF2bsHTfeQngUM7sR6cvbwXynYnCUHUjybiKaLPKPcRbCFQeoK2pdtquvybSaqpvk4jHJ7GuAb9xn5u,Esmx2QjmDZMjJ15yBJ2nhqisjEt7Gqro4jSkofdoVsvY,inbound,PAI,1137.33,1135.52
Transfered,2022-07-02 22:32:42.000,4rPDRpJqzi23BWaHsh37AzJwAFqejxKngLgvom7rvizZkkfJeCNixUkob1mHyX3M4TGFA1K84UJNLahFzTPVHHpe,Esmx2QjmDZMjJ15yBJ2nhqisjEt7Gqro4jSkofdoVsvY,inbound,PAI,842520,841175.77
Transfered,2022-07-02 19:30:00.000,2iwTrnzNnUcXbLspupvxYq1JSGCvK2L2Tc3L8oLyGaAXVyXUk7ddukMMc9W6XmxdveyEoLHKh131rPP3uN35vyU8,Esmx2QjmDZMjJ15yBJ2nhqisjEt7Gqro4jSkofdoVsvY,outbound,PAI,0,0
Transfered,2022-07-02 19:28:37.000,3R5f9LLhMUMAHMMe13naxqp2Fq4Qv8Erp37zQ7nETiWYhdsbAF4m4jJEzbUrbwvuk24LqLgkW4aZixM6CDc9Sc6z,Esmx2QjmDZMjJ15yBJ2nhqisjEt7Gqro4jSkofdoVsvY,outbound,PAI,0,0
Transfered,2022-07-02 20:08:52.000,2mGpZ6c3sjC38csNqspsy3WpJFrA3xe8jR944CFPm86XGac7pinYLyhEJ9wbhMk8Ke8jM3DCok1J3oxpWZVwN1Qe,Esmx2QjmDZMjJ15yBJ2nhqisjEt7Gqro4jSkofdoVsvY,inbound,PAI,504,503.2
Transfered,2022-07-02 22:37:24.000,56Xs3yxWGcwW3drBsGNxfzeM8AuaQWNMyEbiuW1mRRsCxfAVdEkETu33DwoeVsumZWaezoKhU8NZWHEqFXNBcUGV,Esmx2QjmDZMjJ15yBJ2nhqisjEt7Gqro4jSkofdoVsvY,inbound,PAI,840000,838659.79
Transfered,2022-07-02 22:30:21.000,TRfTVawVybCDnN3QruRP8pDjAFbzuLhupauTDXGTST1Ef2XLGxyqcPY5oVqGbPg2u9nBiFNh4tEPhfrZicyCKPq,Esmx2QjmDZMjJ15yBJ2nhqisjEt7Gqro4jSkofdoVsvY,outbound,PAI,842520,841175.77
Transfered,2022-07-02 22:28:10.000,5DN5WUXpiNCAUm2jD6UZ1QWruPKFR3jw5jdNXSoB8jFjZ12HQMd8zNinTYkXy9fo57vjemHKMnrxTJwLMDEvruxr,Esmx2QjmDZMjJ15yBJ2nhqisjEt7Gqro4jSkofdoVsvY,outbound,PAI,842520,841175.77
Transfered,2022-07-02 18:58:32.000,2gp364UM2VEyuS4ASE3hARaQpdBGTAhGHf2JvhgGLJU4V4Bth24n7qiumxdU7AyprKzGFV6E2LkH8UJ8F2MoSHQA,Esmx2QjmDZMjJ15yBJ2nhqisjEt7Gqro4jSkofdoVsvY,outbound,PAI,0,0
Transfered,2022-07-02 18:56:51.000,4aJuDdM44fbE4ALq1UdgbwCkkSVxgHRDyMkFYyTXmsqU5hBMuEScXZZwVJGofuJr83My1K66MhheNPhR9xgTYEjH,Esmx2QjmDZMjJ15yBJ2nhqisjEt7Gqro4jSkofdoVsvY,outbound,PAI,0,0
Transfered,2022-07-02 22:36:15.000,4fcpLnm9VRH6Ethhj4HzxXh1U9psC7hRFt3heE6XDe34m4RmKJP1KDbEigQyTCi8MxnaQdF2VX96k7FPcsgNLtAk,Esmx2QjmDZMjJ15yBJ2nhqisjEt7Gqro4jSkofdoVsvY,outbound,PAI,842520,841175.77
Transfered,2022-07-02 18:59:34.000,57CxvLFzDF4wn8reZ2swL9wA7xQdiRHaXrHbn9oMfYV5hdrC43Rcxrxze4D6eqEnm4URSKQmXQSw2bo2Cf1z9xGP,Esmx2QjmDZMjJ15yBJ2nhqisjEt7Gqro4jSkofdoVsvY,outbound,PAI,0,0
Transfered,2022-07-02 22:27:18.000,38engihTn3tCM5XdtRE6nG7QfyCJPu77HwZzFtK8KRwU8JjDxyVWgEFro6LgF2o4E6B7AZK5z6Vkrkq6wNkfBDwH,Esmx2QjmDZMjJ15yBJ2nhqisjEt7Gqro4jSkofdoVsvY,outbound,PAI,842520,841175.77
Transfered,2022-07-02 22:34:09.000,5ecGgfCKpd4YiVP6YCvGQZGo536iZia4qqzNoBBDNAq66UpChQapzMdDgb1jdmZ4qVGttA1iGKs5mwe6Z5dgFxrS,Esmx2QjmDZMjJ15yBJ2nhqisjEt7Gqro4jSkofdoVsvY,outbound,PAI,842520,841175.77
Transfered,2022-07-02 22:34:09.000,5ecGgfCKpd4YiVP6YCvGQZGo536iZia4qqzNoBBDNAq66UpChQapzMdDgb1jdmZ4qVGttA1iGKs5mwe6Z5dgFxrS,Esmx2QjmDZMjJ15yBJ2nhqisjEt7Gqro4jSkofdoVsvY,outbound,PAI,842520,841175.77
Transfered,2022-07-02 22:32:42.000,4rPDRpJqzi23BWaHsh37AzJwAFqejxKngLgvom7rvizZkkfJeCNixUkob1mHyX3M4TGFA1K84UJNLahFzTPVHHpe,Esmx2QjmDZMjJ15yBJ2nhqisjEt7Gqro4jSkofdoVsvY,outbound,PAI,842520,841175.77
Transfered,2022-07-02 22:26:18.000,3tS9uYJK4fxRYc7YCs6m99erXUtfMEPJ8jhycpq62DJsB166hAiMDmNWLiWunFVCw6MpnuimfDY7LJ9dBj3zNhx,Esmx2QjmDZMjJ15yBJ2nhqisjEt7Gqro4jSkofdoVsvY,inbound,PAI,1137.33,1135.52
Transfered,2022-07-02 22:28:10.000,5DN5WUXpiNCAUm2jD6UZ1QWruPKFR3jw5jdNXSoB8jFjZ12HQMd8zNinTYkXy9fo57vjemHKMnrxTJwLMDEvruxr,Esmx2QjmDZMjJ15yBJ2nhqisjEt7Gqro4jSkofdoVsvY,inbound,PAI,504,503.2
Transfered,2022-07-02 22:34:09.000,5ecGgfCKpd4YiVP6YCvGQZGo536iZia4qqzNoBBDNAq66UpChQapzMdDgb1jdmZ4qVGttA1iGKs5mwe6Z5dgFxrS,Esmx2QjmDZMjJ15yBJ2nhqisjEt7Gqro4jSkofdoVsvY,inbound,PAI,1137.33,1135.52
Transfered,2022-07-02 20:08:52.000,2mGpZ6c3sjC38csNqspsy3WpJFrA3xe8jR944CFPm86XGac7pinYLyhEJ9wbhMk8Ke8jM3DCok1J3oxpWZVwN1Qe,Esmx2QjmDZMjJ15yBJ2nhqisjEt7Gqro4jSkofdoVsvY,inbound,PAI,1133.93,1132.12
Transfered,2022-07-02 22:27:18.000,38engihTn3tCM5XdtRE6nG7QfyCJPu77HwZzFtK8KRwU8JjDxyVWgEFro6LgF2o4E6B7AZK5z6Vkrkq6wNkfBDwH,Esmx2QjmDZMjJ15yBJ2nhqisjEt7Gqro4jSkofdoVsvY,inbound,PAI,1137.33,1135.52
Transfered,2022-07-02 22:29:01.000,4Vp4vBqbJXz5UHwdwXbV4GzD93uZBKwykRLi3ezfX1g9Rph2PTZpCGE9EsN4Lhjsr2fiqRJwEj2L1jBDVfbyKC2s,Esmx2QjmDZMjJ15yBJ2nhqisjEt7Gqro4jSkofdoVsvY,inbound,PAI,842520,841175.77
Transfered,2022-07-02 22:31:09.000,2YD1imPBkUpq8pgQTHufBpBQX1q4QxjpWAHhf9i9fzstbidm7boS2S9rBKz7UEQgJ5gKJwZnkQFfTVSEdAgAkX4z,Esmx2QjmDZMjJ15yBJ2nhqisjEt7Gqro4jSkofdoVsvY,inbound,PAI,842520,841175.77
Transfered,2022-07-02 19:30:18.000,2Vi8ZZNqmGeDkeWDK5SC7kUD9b7htVqQkU8SDYapDEY7ce6oKM3ZW9rWQzZkMYWeb2XNBshr8kemMdwEiMQk8dFY,Esmx2QjmDZMjJ15yBJ2nhqisjEt7Gqro4jSkofdoVsvY,outbound,PAI,0,0
Transfered,2022-07-02 22:37:24.000,56Xs3yxWGcwW3drBsGNxfzeM8AuaQWNMyEbiuW1mRRsCxfAVdEkETu33DwoeVsumZWaezoKhU8NZWHEqFXNBcUGV,Esmx2QjmDZMjJ15yBJ2nhqisjEt7Gqro4jSkofdoVsvY,inbound,PAI,504,503.2
Transfered,2022-07-02 18:59:51.000,62c2hmBfpQBQ3jF25P4grNCu7GMsd9W5Rz4wDAeL2KemWaJmvQ9V3wJ2JEy9MfetCHBsFtnD2Nff38Bt7h7NjsBT,Esmx2QjmDZMjJ15yBJ2nhqisjEt7Gqro4jSkofdoVsvY,outbound,PAI,0,0
Transfered,2022-07-02 19:28:24.000,3Fg5H8UYsQ8KPhEPx3hFfBZaAnX8wognBVLW2pjKA9rM4CJpc1rgWSanTV22eoQ6FhMT7Lyzq1drnNSryt22EZcT,Esmx2QjmDZMjJ15yBJ2nhqisjEt7Gqro4jSkofdoVsvY,outbound,PAI,0,0
Transfered,2022-07-02 22:25:26.000,pit8jmLpxF2bsHTfeQngUM7sR6cvbwXynYnCUHUjybiKaLPKPcRbCFQeoK2pdtquvybSaqpvk4jHJ7GuAb9xn5u,Esmx2QjmDZMjJ15yBJ2nhqisjEt7Gqro4jSkofdoVsvY,inbound,PAI,842520,841175.77
Transfered,2022-07-02 22:25:26.000,pit8jmLpxF2bsHTfeQngUM7sR6cvbwXynYnCUHUjybiKaLPKPcRbCFQeoK2pdtquvybSaqpvk4jHJ7GuAb9xn5u,Esmx2QjmDZMjJ15yBJ2nhqisjEt7Gqro4jSkofdoVsvY,outbound,PAI,842520,841175.77
Transfered,2022-07-02 20:08:52.000,2mGpZ6c3sjC38csNqspsy3WpJFrA3xe8jR944CFPm86XGac7pinYLyhEJ9wbhMk8Ke8jM3DCok1J3oxpWZVwN1Qe,Esmx2QjmDZMjJ15yBJ2nhqisjEt7Gqro4jSkofdoVsvY,inbound,PAI,840001,838660.8
Transfered,2022-07-02 19:30:05.000,63ZggZkBQTQmmfU68rpPy24yq7sjtWkh5jZmwuPXNUjAfDEz4MzhDTP6SvwhUjNs6yHJpD5CFSrfhTLbNMndGgL4,Esmx2QjmDZMjJ15yBJ2nhqisjEt7Gqro4jSkofdoVsvY,outbound,PAI,0,0
Transfered,2022-07-02 19:30:07.000,5JZ9PJinmxhj2gnxPetnRJF8cGEqGe1cW7VqeqeAQZE63hiHKHoc5t7CdU751pVc9SKBZRvLY5pt3GpfLDbf5SpY,Esmx2QjmDZMjJ15yBJ2nhqisjEt7Gqro4jSkofdoVsvY,outbound,PAI,0,0
Transfered,2022-07-02 23:51:47.000,5JBuST1irXi18JhBC2J5gVcKTtFdPowdjqCMoDewonRTPikNNGBD8WQRL2oAqMYGEestSphPvRYPeGVFgxV2jrbL,Esmx2QjmDZMjJ15yBJ2nhqisjEt7Gqro4jSkofdoVsvY,outbound,PAI,44031.88,43961.63
Transfered,2022-07-02 22:26:18.000,3tS9uYJK4fxRYc7YCs6m99erXUtfMEPJ8jhycpq62DJsB166hAiMDmNWLiWunFVCw6MpnuimfDY7LJ9dBj3zNhx,Esmx2QjmDZMjJ15yBJ2nhqisjEt7Gqro4jSkofdoVsvY,outbound,PAI,842520,841175.77
Transfered,2022-07-02 22:29:01.000,4Vp4vBqbJXz5UHwdwXbV4GzD93uZBKwykRLi3ezfX1g9Rph2PTZpCGE9EsN4Lhjsr2fiqRJwEj2L1jBDVfbyKC2s,Esmx2QjmDZMjJ15yBJ2nhqisjEt7Gqro4jSkofdoVsvY,inbound,PAI,504,503.2
Transfered,2022-07-02 22:26:18.000,3tS9uYJK4fxRYc7YCs6m99erXUtfMEPJ8jhycpq62DJsB166hAiMDmNWLiWunFVCw6MpnuimfDY7LJ9dBj3zNhx,Esmx2QjmDZMjJ15yBJ2nhqisjEt7Gqro4jSkofdoVsvY,inbound,PAI,1137.33,1135.52
Transfered,2022-07-03 00:58:23.000,3rCsSaKTgW1oFWzeSUCfLSjE2tZ5vKcqmhabzVQhGbkNrMkUWKkakuAS2vHxktHi1kfCbwDfhk3xBWCd8gFSR9W7,Esmx2QjmDZMjJ15yBJ2nhqisjEt7Gqro4jSkofdoVsvY,outbound,SOL,10000,329425.39
Transfered,2022-07-03 00:54:41.000,3RzBmjWY3CKL9UxhDYYyd6gs5ffTJUQ3DedE9oyUfAsGExa7EAqwYwoexV7tWHwzcRNvnDWsJS4Lt4246w9CyCYD,Esmx2QjmDZMjJ15yBJ2nhqisjEt7Gqro4jSkofdoVsvY,outbound,SOL,10000,329425.39
Transfered,2022-07-03 00:26:08.000,4FaMTKqha9Uw6hvxg5TQc5W7vRDKxVkfPn5GDMThGYSj3tgyCYSzXzQsAsT3dXDY6yZ26iYieV6bcV7bFDkTZ83W,Esmx2QjmDZMjJ15yBJ2nhqisjEt7Gqro4jSkofdoVsvY,inbound,SOL,206.65,6807.5
Transfered,2022-07-03 00:32:40.000,5B4QXpMfpDpaX8dg2GF5DVLz9dAiZz1sjPL45wgP7X1o9fpdgCvYKi2FHEosSQBS63uDsos37AyrKC1a4YbKohGv,Esmx2QjmDZMjJ15yBJ2nhqisjEt7Gqro4jSkofdoVsvY,inbound,SOL,201.42,6635.32
Transfered,2022-07-03 00:32:40.000,5B4QXpMfpDpaX8dg2GF5DVLz9dAiZz1sjPL45wgP7X1o9fpdgCvYKi2FHEosSQBS63uDsos37AyrKC1a4YbKohGv,Esmx2QjmDZMjJ15yBJ2nhqisjEt7Gqro4jSkofdoVsvY,inbound,SOL,201.42,6635.32
Transfered,2022-07-03 00:32:40.000,5B4QXpMfpDpaX8dg2GF5DVLz9dAiZz1sjPL45wgP7X1o9fpdgCvYKi2FHEosSQBS63uDsos37AyrKC1a4YbKohGv,Esmx2QjmDZMjJ15yBJ2nhqisjEt7Gqro4jSkofdoVsvY,inbound,SOL,201.42,6635.32
Transfered,2022-07-03 00:26:08.000,4FaMTKqha9Uw6hvxg5TQc5W7vRDKxVkfPn5GDMThGYSj3tgyCYSzXzQsAsT3dXDY6yZ26iYieV6bcV7bFDkTZ83W,Esmx2QjmDZMjJ15yBJ2nhqisjEt7Gqro4jSkofdoVsvY,inbound,SOL,206.65,6807.5
Transfered,2022-07-03 00:32:40.000,5B4QXpMfpDpaX8dg2GF5DVLz9dAiZz1sjPL45wgP7X1o9fpdgCvYKi2FHEosSQBS63uDsos37AyrKC1a4YbKohGv,Esmx2QjmDZMjJ15yBJ2nhqisjEt7Gqro4jSkofdoVsvY,inbound,SOL,201.42,6635.32
Transfered,2022-07-03 00:26:08.000,4FaMTKqha9Uw6hvxg5TQc5W7vRDKxVkfPn5GDMThGYSj3tgyCYSzXzQsAsT3dXDY6yZ26iYieV6bcV7bFDkTZ83W,Esmx2QjmDZMjJ15yBJ2nhqisjEt7Gqro4jSkofdoVsvY,inbound,SOL,206.65,6807.5
Transfered,2022-07-03 00:32:40.000,5B4QXpMfpDpaX8dg2GF5DVLz9dAiZz1sjPL45wgP7X1o9fpdgCvYKi2FHEosSQBS63uDsos37AyrKC1a4YbKohGv,Esmx2QjmDZMjJ15yBJ2nhqisjEt7Gqro4jSkofdoVsvY,inbound,SOL,201.42,6635.32
Transfered,2022-07-03 00:26:08.000,4FaMTKqha9Uw6hvxg5TQc5W7vRDKxVkfPn5GDMThGYSj3tgyCYSzXzQsAsT3dXDY6yZ26iYieV6bcV7bFDkTZ83W,Esmx2QjmDZMjJ15yBJ2nhqisjEt7Gqro4jSkofdoVsvY,inbound,SOL,206.65,6807.5
Transfered,2022-07-03 00:40:09.000,2G7ewJ2cAEj74p6BZMcauSsosi8XKkoBbS4eH92QumVKmQZx1XT6uygVQ5SjC6zUcfR3Dgvov9i61mRj1mgNWdSV,Esmx2QjmDZMjJ15yBJ2nhqisjEt7Gqro4jSkofdoVsvY,outbound,SOL,10000,329425.39
Transfered,2022-07-03 01:01:22.000,4q9Hz8X3HJJ1ySyPwphKWPhWk7rkJD63UzvggU1KPx8ddTsC5GBzxucEdF4Db7L3P1bCT4dSJKGbdEEH2ZriCCvK,Esmx2QjmDZMjJ15yBJ2nhqisjEt7Gqro4jSkofdoVsvY,outbound,SOL,3010.1,99160.34
Transfered,2022-07-03 00:26:08.000,4FaMTKqha9Uw6hvxg5TQc5W7vRDKxVkfPn5GDMThGYSj3tgyCYSzXzQsAsT3dXDY6yZ26iYieV6bcV7bFDkTZ83W,Esmx2QjmDZMjJ15yBJ2nhqisjEt7Gqro4jSkofdoVsvY,inbound,SOL,206.65,6807.5
Transfered,2022-07-03 00:32:17.000,3m4MDRGAxSVv3Fyw3ng3MWrw4Rkvu2YwXXZjAZ8xYkPa9vRDcqecCnHzxReThzsW8VBK2hhpuYiB46qVEQZ6Jvnc,Esmx2QjmDZMjJ15yBJ2nhqisjEt7Gqro4jSkofdoVsvY,inbound,SOL,998.11,32880.36
Transfered,2022-07-03 00:18:10.000,4nDXu6CDfysoV1tDvcGJtaHMDozsPuDCCxAa669CsgwMQQ5ZDwvqSqGUyMTg3dqf5bSqAVVutH4bq6J7WXqwmLqx,Esmx2QjmDZMjJ15yBJ2nhqisjEt7Gqro4jSkofdoVsvY,inbound,SOL,0.3,9.83
Transfered,2022-07-03 00:09:21.000,5f4rrUWwYSMCCByUf3SN6WNoLaz5YcFtUyKs2QrZCSQXPnZZQNPfDAKw3Rt5tW6znfvGP697C1Tx8y2fNprT7fQC,Esmx2QjmDZMjJ15yBJ2nhqisjEt7Gqro4jSkofdoVsvY,outbound,SOL,10000,329425.39
Transfered,2022-07-02 22:10:14.000,5iTy2smznuB2iQ9rgxP2YmEEGcv8bSvjqntiX8Vscxfr4Jakfnu5wZf1XJ86Xv79wwp1LeXCa6A9L9TLJ3TAoMhh,Esmx2QjmDZMjJ15yBJ2nhqisjEt7Gqro4jSkofdoVsvY,inbound,MSOL,10500.01,362894.68
Transfered,2022-07-02 22:10:14.000,5iTy2smznuB2iQ9rgxP2YmEEGcv8bSvjqntiX8Vscxfr4Jakfnu5wZf1XJ86Xv79wwp1LeXCa6A9L9TLJ3TAoMhh,Esmx2QjmDZMjJ15yBJ2nhqisjEt7Gqro4jSkofdoVsvY,inbound,MSOL,6.3,217.74
Transfered,2022-07-02 22:10:14.000,5iTy2smznuB2iQ9rgxP2YmEEGcv8bSvjqntiX8Vscxfr4Jakfnu5wZf1XJ86Xv79wwp1LeXCa6A9L9TLJ3TAoMhh,Esmx2QjmDZMjJ15yBJ2nhqisjEt7Gqro4jSkofdoVsvY,inbound,MSOL,3890.2,134450.81
Transfered,2022-07-02 20:18:25.000,hXAH6QUJb4ipLgWhVfRX8bPDQKDNCLUECJX8s474kjE8cgi7MfvduhuAjfubStx5WgNgekaDxevm7X84uC1BinV,Esmx2QjmDZMjJ15yBJ2nhqisjEt7Gqro4jSkofdoVsvY,outbound,MSOL,0,0
Transfered,2022-07-02 21:16:23.000,2EBh5DQ2BgcZQGPhnL4cu5TRgdsq3a2tP8RATgQRQA6yXnmCsjuksX1buGgobXJ2W36CwsJKcMV2MXMPXQmbwLaD,Esmx2QjmDZMjJ15yBJ2nhqisjEt7Gqro4jSkofdoVsvY,outbound,MSOL,0,0
Transfered,2022-07-02 22:10:14.000,5iTy2smznuB2iQ9rgxP2YmEEGcv8bSvjqntiX8Vscxfr4Jakfnu5wZf1XJ86Xv79wwp1LeXCa6A9L9TLJ3TAoMhh,Esmx2QjmDZMjJ15yBJ2nhqisjEt7Gqro4jSkofdoVsvY,inbound,MSOL,10500.01,362894.68
Transfered,2022-07-02 01:45:11.000,3jCdAYLcDAGtAAPvZKfNCe5Q2PQWp69Vkxc8bXmd1SxYXimMkA9s4PRPUiZSar9jECU1fY6KPMCo9tH86sD1LD9B,Esmx2QjmDZMjJ15yBJ2nhqisjEt7Gqro4jSkofdoVsvY,outbound,MSOL,0,0
Transfered,2022-07-02 01:45:21.000,53ABuuWa6CXFmzGvPSp9u1tg5iMajHthRdqFJX73WaXTnFqVqFpuyrRk8Vh7QpomdHuD78JtnSsMYNTbq82aTJAM,Esmx2QjmDZMjJ15yBJ2nhqisjEt7Gqro4jSkofdoVsvY,outbound,MSOL,0,0
Transfered,2022-07-02 22:10:14.000,5iTy2smznuB2iQ9rgxP2YmEEGcv8bSvjqntiX8Vscxfr4Jakfnu5wZf1XJ86Xv79wwp1LeXCa6A9L9TLJ3TAoMhh,Esmx2QjmDZMjJ15yBJ2nhqisjEt7Gqro4jSkofdoVsvY,outbound,MSOL,10500.01,362894.68
Transfered,2022-07-02 01:44:55.000,2G5McnKR3rbVUwBJSn9MTxVD5EaFsF1oxnvhex9m5ptKuxunYLHrjL4RSNYogjR3ozCyMpdups7XaH8v18VewXkS,Esmx2QjmDZMjJ15yBJ2nhqisjEt7Gqro4jSkofdoVsvY,outbound,MSOL,0,0
Transfered,2022-07-02 21:16:31.000,M7zCedKhmfCUnvQw9s18DXXmKxFJDAgZoW5czFYyXuS8jAFahWztgx9w7x4gkfeBuLnfdKn3VL2abcnWNc5HxT2,Esmx2QjmDZMjJ15yBJ2nhqisjEt7Gqro4jSkofdoVsvY,outbound,MSOL,0,0
Transfered,2022-07-02 21:16:34.000,h2SFTBBdQSomCXnApu9BLVqS338wgqxYHRYR7ZHyjWTJAjMnWv6zDU7JpQs6SH7778Hq58DMo1f2iq4dY7JApLj,Esmx2QjmDZMjJ15yBJ2nhqisjEt7Gqro4jSkofdoVsvY,outbound,MSOL,0,0
Transfered,2022-07-02 01:45:09.000,3CMXU3XxkGHr6X17SNpXzwEjRLgeJU5y9To1DYpC2zSLFEnYKhqH9ibkf2EjvraBxCJGaiNo16NmreKcPyrYQycB,Esmx2QjmDZMjJ15yBJ2nhqisjEt7Gqro4jSkofdoVsvY,outbound,MSOL,0,0
Transfered,2022-07-02 22:10:14.000,5iTy2smznuB2iQ9rgxP2YmEEGcv8bSvjqntiX8Vscxfr4Jakfnu5wZf1XJ86Xv79wwp1LeXCa6A9L9TLJ3TAoMhh,Esmx2QjmDZMjJ15yBJ2nhqisjEt7Gqro4jSkofdoVsvY,inbound,MSOL,10500.01,362894.68
Transfered,2022-07-02 22:13:02.000,kouwKqCdwF89mKDxV96EJvus33WTrEsXBd3qHA86EgJAoss9Q7D9jDWFg3jEAsoFLchGVxkD58QU1KLt59Ewj2k,Esmx2QjmDZMjJ15yBJ2nhqisjEt7Gqro4jSkofdoVsvY,outbound,MSOL,14.57,503.54
Transfered,2022-07-02 22:10:14.000,5iTy2smznuB2iQ9rgxP2YmEEGcv8bSvjqntiX8Vscxfr4Jakfnu5wZf1XJ86Xv79wwp1LeXCa6A9L9TLJ3TAoMhh,Esmx2QjmDZMjJ15yBJ2nhqisjEt7Gqro4jSkofdoVsvY,outbound,MSOL,10500.01,362894.68
Transfered,2022-07-02 22:10:14.000,5iTy2smznuB2iQ9rgxP2YmEEGcv8bSvjqntiX8Vscxfr4Jakfnu5wZf1XJ86Xv79wwp1LeXCa6A9L9TLJ3TAoMhh,Esmx2QjmDZMjJ15yBJ2nhqisjEt7Gqro4jSkofdoVsvY,inbound,MSOL,3890.2,134450.81
Transfered,2022-07-02 21:16:40.000,2msSU6RoCXVEyZszaiU3uMRqmavVGpE5T5fb4nHbGdUhkZsMEXw5t67FfyCepwUvihfSKLpCcdLyJVVrZoH62QNH,Esmx2QjmDZMjJ15yBJ2nhqisjEt7Gqro4jSkofdoVsvY,outbound,MSOL,0,0
Transfered,2022-07-02 01:45:03.000,3fsCzLBHdgPYtEgDPoEJo8kKVWsML6WXzkmqNm8ygnV2xdD9mTtwBJdvyFi8GxDnfkqwcCBJWPKUAJADS3NyuXcc,Esmx2QjmDZMjJ15yBJ2nhqisjEt7Gqro4jSkofdoVsvY,outbound,MSOL,0,0
Transfered,2022-07-02 15:17:23.000,4gQSufmZ7Fq7cjk24Vu2ZB2u443xeym7RPoUqCJ5mSWDJdn1su7eQC231q3VsU9tMy6qDapdsL1tgAyCGgycjVj,Esmx2QjmDZMjJ15yBJ2nhqisjEt7Gqro4jSkofdoVsvY,outbound,MSOL,0,0.03
Transfered,2022-07-02 22:30:44.000,38gy8ZpRTvQSPKUcqWcxP9JWXxdoCWSwFjyknLJgqgZ44GYoRr4jHMPB2kqLkz1mduoJVRNiwKT6GMNNUu1etKfT,Esmx2QjmDZMjJ15yBJ2nhqisjEt7Gqro4jSkofdoVsvY,outbound,MSOL,16.98,586.75
Transfered,2022-07-02 21:16:57.000,4ijD65aeMMwqubTAetCEjRbsDqooiDGBvZxSXsqxyPgpXTLAdtrEiZS3tQ6xatEqEovswQ85NgQ7t99gfn8fivAT,Esmx2QjmDZMjJ15yBJ2nhqisjEt7Gqro4jSkofdoVsvY,outbound,MSOL,0,0
Transfered,2022-07-02 01:45:04.000,DRokD5CrZcHYxpgxhJ9swQfPagrBX1ciSQKJxt2gcnR5ZzKm9jpo9c148xF4rZSpTd3JirF9s2VobwbU2JHxaZm,Esmx2QjmDZMjJ15yBJ2nhqisjEt7Gqro4jSkofdoVsvY,outbound,MSOL,0,0
Transfered,2022-07-02 22:10:14.000,5iTy2smznuB2iQ9rgxP2YmEEGcv8bSvjqntiX8Vscxfr4Jakfnu5wZf1XJ86Xv79wwp1LeXCa6A9L9TLJ3TAoMhh,Esmx2QjmDZMjJ15yBJ2nhqisjEt7Gqro4jSkofdoVsvY,inbound,MSOL,3890.2,134450.81
Transfered,2022-07-02 23:49:48.000,56cJerXb3j3vK8FvfVVfHtKEFpRy5dfbCWEQywmAQnhKLu3peq8uubfQGyMWBJULKLCJHQ6HtvY1c3j2Tb8dNP3H,Esmx2QjmDZMjJ15yBJ2nhqisjEt7Gqro4jSkofdoVsvY,outbound,MSOL,4.16,143.63
Transfered,2022-07-02 21:16:20.000,29svLFuyhD9DAEiYcGygdRdfYwes6F14TgtxQvgxniCZQSfeBvVrqaxKe5vJ3HoBxuMyuYAhBWPUvPakP4NJmwjN,Esmx2QjmDZMjJ15yBJ2nhqisjEt7Gqro4jSkofdoVsvY,outbound,MSOL,0,0
Transfered,2022-07-02 22:30:44.000,38gy8ZpRTvQSPKUcqWcxP9JWXxdoCWSwFjyknLJgqgZ44GYoRr4jHMPB2kqLkz1mduoJVRNiwKT6GMNNUu1etKfT,Esmx2QjmDZMjJ15yBJ2nhqisjEt7Gqro4jSkofdoVsvY,inbound,MSOL,16.98,586.75
Transfered,2022-07-02 22:10:14.000,5iTy2smznuB2iQ9rgxP2YmEEGcv8bSvjqntiX8Vscxfr4Jakfnu5wZf1XJ86Xv79wwp1LeXCa6A9L9TLJ3TAoMhh,Esmx2QjmDZMjJ15yBJ2nhqisjEt7Gqro4jSkofdoVsvY,inbound,MSOL,10500,362894.42
Transfered,2022-07-02 23:49:48.000,56cJerXb3j3vK8FvfVVfHtKEFpRy5dfbCWEQywmAQnhKLu3peq8uubfQGyMWBJULKLCJHQ6HtvY1c3j2Tb8dNP3H,Esmx2QjmDZMjJ15yBJ2nhqisjEt7Gqro4jSkofdoVsvY,outbound,MSOL,5536.82,191360.12
Transfered,2022-07-02 22:33:38.000,NoW32ZzkADJVRmJCXcHoV9ee9SsQg8f1b8HR6jAKs3pCncYEqAMSjcsCdRUw8dRK5AywSMrj12dm1vTkWnpZ4u4,Esmx2QjmDZMjJ15yBJ2nhqisjEt7Gqro4jSkofdoVsvY,inbound,MSOL,5540.98,191503.75
Transfered,2022-07-02 00:14:25.000,5dcH1VQPMU8HKDy9rDsBco2A85Rn9knL4Bfes9t3m6eYGpgzDp6qSnXsHQGx9yrMNjfhsTrKtc3D42ULm25QvT9N,Esmx2QjmDZMjJ15yBJ2nhqisjEt7Gqro4jSkofdoVsvY,inbound,MSOL,0.01,0.33
Transfered,2022-07-02 20:18:35.000,gm64ynjLCUg6VgaEgH1CeW1Rc8sfuGnGj4JTFgiZibRUkWb7U4VHcb7MPjCW5dC7QUFbkGve24XjDrdCN9oxykz,Esmx2QjmDZMjJ15yBJ2nhqisjEt7Gqro4jSkofdoVsvY,outbound,MSOL,0,0
Transfered,2022-07-02 21:16:54.000,4Hz3cuaYcN8geJ9aiM5TU5HWGetWBFEgBRDGNTWdVxPQDpfe8aaLE122PpcuYQrohEGUpsWQEBK4AUo8UprFu4yA,Esmx2QjmDZMjJ15yBJ2nhqisjEt7Gqro4jSkofdoVsvY,outbound,MSOL,0,0
Transfered,2022-07-02 22:10:14.000,5iTy2smznuB2iQ9rgxP2YmEEGcv8bSvjqntiX8Vscxfr4Jakfnu5wZf1XJ86Xv79wwp1LeXCa6A9L9TLJ3TAoMhh,Esmx2QjmDZMjJ15yBJ2nhqisjEt7Gqro4jSkofdoVsvY,inbound,MSOL,3890.2,134450.81
Transfered,2022-07-02 22:10:14.000,5iTy2smznuB2iQ9rgxP2YmEEGcv8bSvjqntiX8Vscxfr4Jakfnu5wZf1XJ86Xv79wwp1LeXCa6A9L9TLJ3TAoMhh,Esmx2QjmDZMjJ15yBJ2nhqisjEt7Gqro4jSkofdoVsvY,inbound,MSOL,10500.01,362894.68
Transfered,2022-07-02 01:44:58.000,3QJzrVKsRBCzbu9MUHpgS1pn2HBKzsyUmuoQDV1UiQsJG6iixYEmTnYxAg5LSwrf2cq6oNXrJ5dDHzkJ481VK8rT,Esmx2QjmDZMjJ15yBJ2nhqisjEt7Gqro4jSkofdoVsvY,outbound,MSOL,0,0
Transfered,2022-07-02 20:18:40.000,59Yqr4qxvTEq1f8YZvJ8SBQ1FyWKB3wQ7BpAtmAVx8pPnCjTrSpv7zqvnAv3UAb1uPssCKXHgRrcm9o696sixXAW,Esmx2QjmDZMjJ15yBJ2nhqisjEt7Gqro4jSkofdoVsvY,outbound,MSOL,0,0
Transfered,2022-07-02 22:10:14.000,5iTy2smznuB2iQ9rgxP2YmEEGcv8bSvjqntiX8Vscxfr4Jakfnu5wZf1XJ86Xv79wwp1LeXCa6A9L9TLJ3TAoMhh,Esmx2QjmDZMjJ15yBJ2nhqisjEt7Gqro4jSkofdoVsvY,inbound,MSOL,3890.2,134450.81
Transfered,2022-07-02 22:10:14.000,5iTy2smznuB2iQ9rgxP2YmEEGcv8bSvjqntiX8Vscxfr4Jakfnu5wZf1XJ86Xv79wwp1LeXCa6A9L9TLJ3TAoMhh,Esmx2QjmDZMjJ15yBJ2nhqisjEt7Gqro4jSkofdoVsvY,outbound,MSOL,10500.01,362894.68
Transfered,2022-07-02 01:45:18.000,53NrfapvPBRkY4E6Jc8tFiF6wh28YAiMu6bVtJN1mg1FtwCDhf3EarnhzEdVLkKm9RRDSBGy3mg94KrmExC2bgmM,Esmx2QjmDZMjJ15yBJ2nhqisjEt7Gqro4jSkofdoVsvY,outbound,MSOL,0,0
Transfered,2022-07-02 01:45:14.000,3oaxNiZ8ygzT5otT5SQ19LHc1g7qqXkmTBRMdk8vtPojVZKZ2A1UGKrNey8Ww2CiPx6DTDQTTbWVB9jWjexAgiJd,Esmx2QjmDZMjJ15yBJ2nhqisjEt7Gqro4jSkofdoVsvY,outbound,MSOL,0,0
Transfered,2022-07-02 22:10:14.000,5iTy2smznuB2iQ9rgxP2YmEEGcv8bSvjqntiX8Vscxfr4Jakfnu5wZf1XJ86Xv79wwp1LeXCa6A9L9TLJ3TAoMhh,Esmx2QjmDZMjJ15yBJ2nhqisjEt7Gqro4jSkofdoVsvY,outbound,MSOL,10500.01,362894.68
Transfered,2022-07-02 20:18:12.000,5zpQAvE7Stx1xS9WYxHL4eiHfnBDsQ7o31hBWvyFegxDR7bYydAtdGHtBQZRTjYFtCogAFzjZZr3Tfp5gfAe5Eae,Esmx2QjmDZMjJ15yBJ2nhqisjEt7Gqro4jSkofdoVsvY,outbound,MSOL,0,0
Transfered,2022-07-02 21:16:51.000,2sQd3NauqhvHu3eMqwjcu4wcXBimMfxJkkSDizpFLo8LmJhquDhugS7jpLzzdajYPqGeKgFZ1rwPYPxGF4oe67xa,Esmx2QjmDZMjJ15yBJ2nhqisjEt7Gqro4jSkofdoVsvY,outbound,MSOL,0,0
Transfered,2022-07-02 20:18:16.000,5FKKYGGzyeZhmpwfSLAZUpHUZw3jXE3XbqCqxEMZzcF1wPjyKpktXGhCShpV2TxGK6cFJVyPeh8Yd6pBHaK7kqtT,Esmx2QjmDZMjJ15yBJ2nhqisjEt7Gqro4jSkofdoVsvY,outbound,MSOL,0,0
Transfered,2022-07-02 20:18:19.000,2YVVdw8AqbCq44qgMPfPo6SqY57tPuxzPeKEBm48tEeEY6GKRcA8UZUNZch2UtFQrcNnRjd9R2aFsr23VU3V5d7x,Esmx2QjmDZMjJ15yBJ2nhqisjEt7Gqro4jSkofdoVsvY,outbound,MSOL,0,0
Transfered,2022-07-02 01:44:53.000,2ccJJaxxonmGmKcbx7MH2dDmjKo2j2S3RrWGkZWPEouu6LEFgPiLHkLmfnSAvJx6uHVv23xURk5dNtFstoMLCaJU,Esmx2QjmDZMjJ15yBJ2nhqisjEt7Gqro4jSkofdoVsvY,outbound,MSOL,0,0
Transfered,2022-07-02 22:13:02.000,kouwKqCdwF89mKDxV96EJvus33WTrEsXBd3qHA86EgJAoss9Q7D9jDWFg3jEAsoFLchGVxkD58QU1KLt59Ewj2k,Esmx2QjmDZMjJ15yBJ2nhqisjEt7Gqro4jSkofdoVsvY,outbound,MSOL,19411.26,670879.85
Transfered,2022-07-02 20:18:29.000,cDu4amPvE1DvWUSi6UsH3C9Jfu1T62WghGSLHF6L7e8d891Cc75w7LdjhUbeCqTjUoHHGKgydU5Jo114yquVDnE,Esmx2QjmDZMjJ15yBJ2nhqisjEt7Gqro4jSkofdoVsvY,outbound,MSOL,0,0
Transfered,2022-07-02 21:16:15.000,4kARuobP19RHF811pXvnEqowjMHLVe7kXu5U4pJxeu6gCEzjrMHYmhZvnSiKiVyrfE8qsH988UooMGCBP7RLAFTT,Esmx2QjmDZMjJ15yBJ2nhqisjEt7Gqro4jSkofdoVsvY,outbound,MSOL,0,0
Transfered,2022-07-02 22:10:14.000,5iTy2smznuB2iQ9rgxP2YmEEGcv8bSvjqntiX8Vscxfr4Jakfnu5wZf1XJ86Xv79wwp1LeXCa6A9L9TLJ3TAoMhh,Esmx2QjmDZMjJ15yBJ2nhqisjEt7Gqro4jSkofdoVsvY,outbound,MSOL,10500.01,362894.68
Transfered,2022-07-02 22:10:14.000,5iTy2smznuB2iQ9rgxP2YmEEGcv8bSvjqntiX8Vscxfr4Jakfnu5wZf1XJ86Xv79wwp1LeXCa6A9L9TLJ3TAoMhh,Esmx2QjmDZMjJ15yBJ2nhqisjEt7Gqro4jSkofdoVsvY,inbound,MSOL,10500.01,362894.68
Transfered,2022-07-02 15:17:23.000,4gQSufmZ7Fq7cjk24Vu2ZB2u443xeym7RPoUqCJ5mSWDJdn1su7eQC231q3VsU9tMy6qDapdsL1tgAyCGgycjVj,Esmx2QjmDZMjJ15yBJ2nhqisjEt7Gqro4jSkofdoVsvY,outbound,MSOL,0,0
Transfered,2022-07-02 01:45:06.000,5jr1K7dfBKhtQbUpJgDjyxRv4CaHWq27cqZrerazRkbmZw42s9z5qCDfvV32cDhyTHq23ZZLUh1MKAdvhvfHmrZ6,Esmx2QjmDZMjJ15yBJ2nhqisjEt7Gqro4jSkofdoVsvY,outbound,MSOL,0,0
Transfered,2022-07-02 21:16:47.000,BjQUpHNCsJzbDZGCcioAtZW9LCXifduZjQgDMkSbqUuL5ptU137V3wqW8bBaZyvvpBT4HyfTxvQ4Q83ZX2jg1Pm,Esmx2QjmDZMjJ15yBJ2nhqisjEt7Gqro4jSkofdoVsvY,outbound,MSOL,0,0
Transfered,2022-07-02 22:10:14.000,5iTy2smznuB2iQ9rgxP2YmEEGcv8bSvjqntiX8Vscxfr4Jakfnu5wZf1XJ86Xv79wwp1LeXCa6A9L9TLJ3TAoMhh,Esmx2QjmDZMjJ15yBJ2nhqisjEt7Gqro4jSkofdoVsvY,outbound,MSOL,10531.5,363983.11
Transfered,2022-07-02 21:16:27.000,2JNh7ty8eziFtc4Q8eMH6V3TsbsmmpoBPTkKNTpmodBf3byAZEJsJnAy5TQz1U8RbcuA5CfMf81JDYkfPt9ML3Mz,Esmx2QjmDZMjJ15yBJ2nhqisjEt7Gqro4jSkofdoVsvY,outbound,MSOL,0,0
Transfered,2022-07-02 22:07:25.000,ZUq5WdXbPHeFBuPAYQRMxLQMRLYNzxc9BtfxcL5vxGpKfM34XCw7rYWmSJmxsp6sbkmMGtZyH3irbhBeXGTFmxv,Esmx2QjmDZMjJ15yBJ2nhqisjEt7Gqro4jSkofdoVsvY,outbound,MSOL,0,0.03
Transfered,2022-07-02 22:11:18.000,4q5Hs4N2FS6BeuyvgHLCgH6bKzdnAvKuLm59kxSt4REafve2ZqDt7qxVRvWwWk3jQCyhGfKwWsJFeHueXJF5Hrs9,Esmx2QjmDZMjJ15yBJ2nhqisjEt7Gqro4jSkofdoVsvY,inbound,SOL,3926.31,128966.95
Transfered,2022-07-02 00:14:33.000,YeATuiXHc1EJkJFs6eexJ6U8i1R7utU4Lv66o6pSFqPNsRGE7rYiSsjy2ae4RrXu8DnjFBVq4RqrRHecPXK1BDD,Esmx2QjmDZMjJ15yBJ2nhqisjEt7Gqro4jSkofdoVsvY,outbound,SOL,0.01,0.33
Transfered,2022-07-02 22:10:14.000,5iTy2smznuB2iQ9rgxP2YmEEGcv8bSvjqntiX8Vscxfr4Jakfnu5wZf1XJ86Xv79wwp1LeXCa6A9L9TLJ3TAoMhh,Esmx2QjmDZMjJ15yBJ2nhqisjEt7Gqro4jSkofdoVsvY,inbound,SOL,2905.12,95423.99
Transfered,2022-07-02 23:56:19.000,rpHy2cX4PuCGkM3USAYq7H5maYhmNL5z7Eh8NqgDTTkKNMxyXuNwP62h3KsvMBMa7tv8VEKDg1bdPWHKomy5imo,Esmx2QjmDZMjJ15yBJ2nhqisjEt7Gqro4jSkofdoVsvY,outbound,SOL,21000,689784.44
Transfered,2022-07-02 22:10:14.000,5iTy2smznuB2iQ9rgxP2YmEEGcv8bSvjqntiX8Vscxfr4Jakfnu5wZf1XJ86Xv79wwp1LeXCa6A9L9TLJ3TAoMhh,Esmx2QjmDZMjJ15yBJ2nhqisjEt7Gqro4jSkofdoVsvY,inbound,SOL,2905.12,95423.99
Transfered,2022-07-02 23:58:31.000,4vybUkA5FaA8mShEcEDTayZ127VC6bu85fihEKtEhFiPQZJbToSNbxySaKtDVsqYfVnRRsGiUrnz4ucVzzRQZnGQ,Esmx2QjmDZMjJ15yBJ2nhqisjEt7Gqro4jSkofdoVsvY,outbound,SOL,10000,328468.78
Transfered,2022-07-02 22:11:18.000,4q5Hs4N2FS6BeuyvgHLCgH6bKzdnAvKuLm59kxSt4REafve2ZqDt7qxVRvWwWk3jQCyhGfKwWsJFeHueXJF5Hrs9,Esmx2QjmDZMjJ15yBJ2nhqisjEt7Gqro4jSkofdoVsvY,inbound,SOL,3926.31,128966.95
Transfered,2022-07-02 22:14:13.000,4cpTBtejDs5zGnzqmb4DCt4Qh5htkbmf6waJkcA92Eze3trmFfA7MceSMWSBQ95DbMdZNxfF6pPjdXydEouQ1Twm,Esmx2QjmDZMjJ15yBJ2nhqisjEt7Gqro4jSkofdoVsvY,inbound,SOL,21278.69,698938.39
Transfered,2022-07-02 22:11:18.000,4q5Hs4N2FS6BeuyvgHLCgH6bKzdnAvKuLm59kxSt4REafve2ZqDt7qxVRvWwWk3jQCyhGfKwWsJFeHueXJF5Hrs9,Esmx2QjmDZMjJ15yBJ2nhqisjEt7Gqro4jSkofdoVsvY,inbound,SOL,3926.31,128966.95
Transfered,2022-07-02 22:11:18.000,4q5Hs4N2FS6BeuyvgHLCgH6bKzdnAvKuLm59kxSt4REafve2ZqDt7qxVRvWwWk3jQCyhGfKwWsJFeHueXJF5Hrs9,Esmx2QjmDZMjJ15yBJ2nhqisjEt7Gqro4jSkofdoVsvY,inbound,SOL,3926.31,128966.95
Transfered,2022-07-02 00:14:25.000,5dcH1VQPMU8HKDy9rDsBco2A85Rn9knL4Bfes9t3m6eYGpgzDp6qSnXsHQGx9yrMNjfhsTrKtc3D42ULm25QvT9N,Esmx2QjmDZMjJ15yBJ2nhqisjEt7Gqro4jSkofdoVsvY,outbound,SOL,0.01,0.33
Transfered,2022-07-02 22:27:14.000,5eWcMfXhbDhHSeGCLrrQG2JbRy8J4VgymH4DL6Vf8aJv8ggfmMEKDUZKh8hsJUAG3rqgvyThtBdAiG3miSSgspkF,Esmx2QjmDZMjJ15yBJ2nhqisjEt7Gqro4jSkofdoVsvY,inbound,SOL,29354.4,964200.4
Transfered,2022-07-02 22:28:23.000,41AE3M12hFfuJbH5Q5nZWZyevjnoJ7PgVQmawEqVzXsaNWiXALQr1JE8jwM8wFQX1t8naq4nUsf6qbsT384PwESa,Esmx2QjmDZMjJ15yBJ2nhqisjEt7Gqro4jSkofdoVsvY,inbound,SOL,27621.98,907295.65
Transfered,2022-07-02 22:10:14.000,5iTy2smznuB2iQ9rgxP2YmEEGcv8bSvjqntiX8Vscxfr4Jakfnu5wZf1XJ86Xv79wwp1LeXCa6A9L9TLJ3TAoMhh,Esmx2QjmDZMjJ15yBJ2nhqisjEt7Gqro4jSkofdoVsvY,inbound,SOL,2905.12,95423.99
Transfered,2022-07-02 22:07:25.000,ZUq5WdXbPHeFBuPAYQRMxLQMRLYNzxc9BtfxcL5vxGpKfM34XCw7rYWmSJmxsp6sbkmMGtZyH3irbhBeXGTFmxv,Esmx2QjmDZMjJ15yBJ2nhqisjEt7Gqro4jSkofdoVsvY,inbound,SOL,0,0.03
Transfered,2022-07-02 22:28:58.000,9MxH7WyyGJo7oiK47dbKREmo8wrXDwKRWUqpf83NQAsvFYviPjTQzbUvwbkYpNhC5i7Ans29q4fHbSUoHccRLxQ,Esmx2QjmDZMjJ15yBJ2nhqisjEt7Gqro4jSkofdoVsvY,inbound,SOL,17.83,585.69
Transfered,2022-07-02 22:10:14.000,5iTy2smznuB2iQ9rgxP2YmEEGcv8bSvjqntiX8Vscxfr4Jakfnu5wZf1XJ86Xv79wwp1LeXCa6A9L9TLJ3TAoMhh,Esmx2QjmDZMjJ15yBJ2nhqisjEt7Gqro4jSkofdoVsvY,inbound,SOL,2905.12,95423.99
Transfered,2022-07-02 00:16:04.000,31iq3TuevxHqw9iNekMF1FNGCTh1q7UXESmnZ9rpDRdT2JArp8tUDhzKMtKHZJp9Sjvhwk5gSUUCVgWJ9qcNu4FX,Esmx2QjmDZMjJ15yBJ2nhqisjEt7Gqro4jSkofdoVsvY,outbound,SOL,1,32.85
Transfered,2022-07-02 22:10:14.000,5iTy2smznuB2iQ9rgxP2YmEEGcv8bSvjqntiX8Vscxfr4Jakfnu5wZf1XJ86Xv79wwp1LeXCa6A9L9TLJ3TAoMhh,Esmx2QjmDZMjJ15yBJ2nhqisjEt7Gqro4jSkofdoVsvY,inbound,SOL,2905.12,95423.99
Transfered,2022-07-02 22:11:18.000,4q5Hs4N2FS6BeuyvgHLCgH6bKzdnAvKuLm59kxSt4REafve2ZqDt7qxVRvWwWk3jQCyhGfKwWsJFeHueXJF5Hrs9,Esmx2QjmDZMjJ15yBJ2nhqisjEt7Gqro4jSkofdoVsvY,inbound,SOL,3926.31,128966.95
Transfered,2022-07-02 22:36:15.000,4fcpLnm9VRH6Ethhj4HzxXh1U9psC7hRFt3heE6XDe34m4RmKJP1KDbEigQyTCi8MxnaQdF2VX96k7FPcsgNLtAk,Esmx2QjmDZMjJ15yBJ2nhqisjEt7Gqro4jSkofdoVsvY,inbound,PAI,840000,838659.79
Transfered,2022-07-02 22:32:42.000,4rPDRpJqzi23BWaHsh37AzJwAFqejxKngLgvom7rvizZkkfJeCNixUkob1mHyX3M4TGFA1K84UJNLahFzTPVHHpe,Esmx2QjmDZMjJ15yBJ2nhqisjEt7Gqro4jSkofdoVsvY,outbound,PAI,842520,841175.77
Transfered,2022-07-02 22:26:18.000,3tS9uYJK4fxRYc7YCs6m99erXUtfMEPJ8jhycpq62DJsB166hAiMDmNWLiWunFVCw6MpnuimfDY7LJ9dBj3zNhx,Esmx2QjmDZMjJ15yBJ2nhqisjEt7Gqro4jSkofdoVsvY,outbound,PAI,842520,841175.77
Transfered,2022-07-02 22:32:42.000,4rPDRpJqzi23BWaHsh37AzJwAFqejxKngLgvom7rvizZkkfJeCNixUkob1mHyX3M4TGFA1K84UJNLahFzTPVHHpe,Esmx2QjmDZMjJ15yBJ2nhqisjEt7Gqro4jSkofdoVsvY,inbound,PAI,1137.33,1135.52
Transfered,2022-07-02 22:37:24.000,56Xs3yxWGcwW3drBsGNxfzeM8AuaQWNMyEbiuW1mRRsCxfAVdEkETu33DwoeVsumZWaezoKhU8NZWHEqFXNBcUGV,Esmx2QjmDZMjJ15yBJ2nhqisjEt7Gqro4jSkofdoVsvY,inbound,PAI,842520,841175.77
Transfered,2022-07-02 22:37:24.000,56Xs3yxWGcwW3drBsGNxfzeM8AuaQWNMyEbiuW1mRRsCxfAVdEkETu33DwoeVsumZWaezoKhU8NZWHEqFXNBcUGV,Esmx2QjmDZMjJ15yBJ2nhqisjEt7Gqro4jSkofdoVsvY,outbound,PAI,842520,841175.77
Transfered,2022-07-02 22:26:18.000,3tS9uYJK4fxRYc7YCs6m99erXUtfMEPJ8jhycpq62DJsB166hAiMDmNWLiWunFVCw6MpnuimfDY7LJ9dBj3zNhx,Esmx2QjmDZMjJ15yBJ2nhqisjEt7Gqro4jSkofdoVsvY,outbound,PAI,842520,841175.77
Transfered,2022-07-02 22:30:21.000,TRfTVawVybCDnN3QruRP8pDjAFbzuLhupauTDXGTST1Ef2XLGxyqcPY5oVqGbPg2u9nBiFNh4tEPhfrZicyCKPq,Esmx2QjmDZMjJ15yBJ2nhqisjEt7Gqro4jSkofdoVsvY,inbound,PAI,1137.33,1135.52
Transfered,2022-07-02 18:56:16.000,4Z57ak49EvtDpCfciXX5ZS1tfB5FutuFcdwqnoAGqRpQvTX1RDfGMdyp9o2m8C8nwjhabL5NsuhqdhVX9D5XymfM,Esmx2QjmDZMjJ15yBJ2nhqisjEt7Gqro4jSkofdoVsvY,outbound,PAI,0,0
Transfered,2022-07-03 00:46:29.000,5xw6fqp9RsBLjx4DKM6QNDJVvFspZCx3oM1RgaAVzZ9T8JRemM8FrcLSZZatHeRZ9SzdB4nchWMXhsTEJwrRGA2D,Esmx2QjmDZMjJ15yBJ2nhqisjEt7Gqro4jSkofdoVsvY,outbound,USDT,0.18,0.18
Transfered,2022-07-02 22:28:58.000,9MxH7WyyGJo7oiK47dbKREmo8wrXDwKRWUqpf83NQAsvFYviPjTQzbUvwbkYpNhC5i7Ans29q4fHbSUoHccRLxQ,Esmx2QjmDZMjJ15yBJ2nhqisjEt7Gqro4jSkofdoVsvY,outbound,ETH,0.56,584.77
Transfered,2022-07-02 22:27:14.000,5eWcMfXhbDhHSeGCLrrQG2JbRy8J4VgymH4DL6Vf8aJv8ggfmMEKDUZKh8hsJUAG3rqgvyThtBdAiG3miSSgspkF,Esmx2QjmDZMjJ15yBJ2nhqisjEt7Gqro4jSkofdoVsvY,inbound,ETH,0,0
Transfered,2022-07-02 22:28:23.000,41AE3M12hFfuJbH5Q5nZWZyevjnoJ7PgVQmawEqVzXsaNWiXALQr1JE8jwM8wFQX1t8naq4nUsf6qbsT384PwESa,Esmx2QjmDZMjJ15yBJ2nhqisjEt7Gqro4jSkofdoVsvY,inbound,ETH,0,0
Transfered,2022-07-02 22:27:14.000,5eWcMfXhbDhHSeGCLrrQG2JbRy8J4VgymH4DL6Vf8aJv8ggfmMEKDUZKh8hsJUAG3rqgvyThtBdAiG3miSSgspkF,Esmx2QjmDZMjJ15yBJ2nhqisjEt7Gqro4jSkofdoVsvY,inbound,ETH,927.16,966265.86
Transfered,2022-07-02 22:28:58.000,9MxH7WyyGJo7oiK47dbKREmo8wrXDwKRWUqpf83NQAsvFYviPjTQzbUvwbkYpNhC5i7Ans29q4fHbSUoHccRLxQ,Esmx2QjmDZMjJ15yBJ2nhqisjEt7Gqro4jSkofdoVsvY,inbound,ETH,0.56,584.77
Transfered,2022-07-02 22:28:23.000,41AE3M12hFfuJbH5Q5nZWZyevjnoJ7PgVQmawEqVzXsaNWiXALQr1JE8jwM8wFQX1t8naq4nUsf6qbsT384PwESa,Esmx2QjmDZMjJ15yBJ2nhqisjEt7Gqro4jSkofdoVsvY,inbound,ETH,885.66,923015.45
Transfered,2022-07-02 22:27:14.000,5eWcMfXhbDhHSeGCLrrQG2JbRy8J4VgymH4DL6Vf8aJv8ggfmMEKDUZKh8hsJUAG3rqgvyThtBdAiG3miSSgspkF,Esmx2QjmDZMjJ15yBJ2nhqisjEt7Gqro4jSkofdoVsvY,outbound,ETH,927.16,966265.86
Transfered,2022-07-02 22:28:23.000,41AE3M12hFfuJbH5Q5nZWZyevjnoJ7PgVQmawEqVzXsaNWiXALQr1JE8jwM8wFQX1t8naq4nUsf6qbsT384PwESa,Esmx2QjmDZMjJ15yBJ2nhqisjEt7Gqro4jSkofdoVsvY,outbound,ETH,885.66,923015.45
Transfered,2022-07-02 20:08:52.000,2mGpZ6c3sjC38csNqspsy3WpJFrA3xe8jR944CFPm86XGac7pinYLyhEJ9wbhMk8Ke8jM3DCok1J3oxpWZVwN1Qe,Esmx2QjmDZMjJ15yBJ2nhqisjEt7Gqro4jSkofdoVsvY,inbound,USDC,120.15,120.3
Transfered,2022-07-02 22:37:48.000,K94QdevVpQsNYs53knTvfTJyrqXgCgxMhJRm2QHs65pqWaoozcy716e4AeNRME23F3UUUwcFUK7wPkn7boDwFf8,Esmx2QjmDZMjJ15yBJ2nhqisjEt7Gqro4jSkofdoVsvY,inbound,USDC,997499.02,998768.34
Transfered,2022-07-02 22:30:21.000,TRfTVawVybCDnN3QruRP8pDjAFbzuLhupauTDXGTST1Ef2XLGxyqcPY5oVqGbPg2u9nBiFNh4tEPhfrZicyCKPq,Esmx2QjmDZMjJ15yBJ2nhqisjEt7Gqro4jSkofdoVsvY,inbound,USDC,120.51,120.66
Transfered,2022-07-02 22:37:24.000,56Xs3yxWGcwW3drBsGNxfzeM8AuaQWNMyEbiuW1mRRsCxfAVdEkETu33DwoeVsumZWaezoKhU8NZWHEqFXNBcUGV,Esmx2QjmDZMjJ15yBJ2nhqisjEt7Gqro4jSkofdoVsvY,inbound,USDC,120.51,120.66
Transfered,2022-07-02 22:30:21.000,TRfTVawVybCDnN3QruRP8pDjAFbzuLhupauTDXGTST1Ef2XLGxyqcPY5oVqGbPg2u9nBiFNh4tEPhfrZicyCKPq,Esmx2QjmDZMjJ15yBJ2nhqisjEt7Gqro4jSkofdoVsvY,inbound,USDC,120.51,120.66
Transfered,2022-07-02 22:25:26.000,pit8jmLpxF2bsHTfeQngUM7sR6cvbwXynYnCUHUjybiKaLPKPcRbCFQeoK2pdtquvybSaqpvk4jHJ7GuAb9xn5u,Esmx2QjmDZMjJ15yBJ2nhqisjEt7Gqro4jSkofdoVsvY,inbound,USDC,120.51,120.66
Transfered,2022-07-02 22:25:26.000,pit8jmLpxF2bsHTfeQngUM7sR6cvbwXynYnCUHUjybiKaLPKPcRbCFQeoK2pdtquvybSaqpvk4jHJ7GuAb9xn5u,Esmx2QjmDZMjJ15yBJ2nhqisjEt7Gqro4jSkofdoVsvY,inbound,USDC,120.51,120.66
Transfered,2022-07-02 22:28:58.000,9MxH7WyyGJo7oiK47dbKREmo8wrXDwKRWUqpf83NQAsvFYviPjTQzbUvwbkYpNhC5i7Ans29q4fHbSUoHccRLxQ,Esmx2QjmDZMjJ15yBJ2nhqisjEt7Gqro4jSkofdoVsvY,outbound,USDC,602.55,603.32
Transfered,2022-07-02 23:10:14.000,2kAzWVuyiAgTgxMuUS4ogdYLSVwjQRvv4uvD4vGwdBQHVGVMFf2PkwmfkC2gPP6zDwmRR2FyC662CBkRzEWPkbrh,Esmx2QjmDZMjJ15yBJ2nhqisjEt7Gqro4jSkofdoVsvY,outbound,USDC,1,1
Transfered,2022-07-02 22:26:18.000,3tS9uYJK4fxRYc7YCs6m99erXUtfMEPJ8jhycpq62DJsB166hAiMDmNWLiWunFVCw6MpnuimfDY7LJ9dBj3zNhx,Esmx2QjmDZMjJ15yBJ2nhqisjEt7Gqro4jSkofdoVsvY,inbound,USDC,120.51,120.66
Transfered,2022-07-02 22:26:18.000,3tS9uYJK4fxRYc7YCs6m99erXUtfMEPJ8jhycpq62DJsB166hAiMDmNWLiWunFVCw6MpnuimfDY7LJ9dBj3zNhx,Esmx2QjmDZMjJ15yBJ2nhqisjEt7Gqro4jSkofdoVsvY,inbound,USDC,120.51,120.66
Transfered,2022-07-02 22:36:15.000,4fcpLnm9VRH6Ethhj4HzxXh1U9psC7hRFt3heE6XDe34m4RmKJP1KDbEigQyTCi8MxnaQdF2VX96k7FPcsgNLtAk,Esmx2QjmDZMjJ15yBJ2nhqisjEt7Gqro4jSkofdoVsvY,inbound,USDC,120.51,120.66
Transfered,2022-07-02 23:53:58.000,4beFzwRf2E2qiNmrWRvDFrC2qAd4bP1Sb4TCkx7Z34jEESK34LdnkSSjSEbPi4vgHYtDCHFvyFUcZfqkiWkXjyh7,Esmx2QjmDZMjJ15yBJ2nhqisjEt7Gqro4jSkofdoVsvY,inbound,USDC,291350.33,291721.07
Transfered,2022-07-02 22:07:23.000,4jMeCb7vom4a9xGC678Q5kFr2zyPzM6a1ty7arGsBiT56CiXBmkcU87itE7q9nfV6ocB6ur373Z7WjUmYhwYJwtC,Esmx2QjmDZMjJ15yBJ2nhqisjEt7Gqro4jSkofdoVsvY,inbound,USDC,6828.79,6837.48
Transfered,2022-07-02 22:07:23.000,4jMeCb7vom4a9xGC678Q5kFr2zyPzM6a1ty7arGsBiT56CiXBmkcU87itE7q9nfV6ocB6ur373Z7WjUmYhwYJwtC,Esmx2QjmDZMjJ15yBJ2nhqisjEt7Gqro4jSkofdoVsvY,inbound,USDC,6828.79,6837.48
Transfered,2022-07-02 22:07:23.000,4jMeCb7vom4a9xGC678Q5kFr2zyPzM6a1ty7arGsBiT56CiXBmkcU87itE7q9nfV6ocB6ur373Z7WjUmYhwYJwtC,Esmx2QjmDZMjJ15yBJ2nhqisjEt7Gqro4jSkofdoVsvY,inbound,USDC,6828.79,6837.48
Transfered,2022-07-02 00:23:27.000,64Myb69NkkAcYZAYhAecUpvipMhCg9dUpKF8YrnSpH5GNxM9dh13C94X2JfsZEhZiJJXrS5r4RqD5AdXEz6BEjGp,Esmx2QjmDZMjJ15yBJ2nhqisjEt7Gqro4jSkofdoVsvY,outbound,USDC,1,1
Transfered,2022-07-02 22:36:15.000,4fcpLnm9VRH6Ethhj4HzxXh1U9psC7hRFt3heE6XDe34m4RmKJP1KDbEigQyTCi8MxnaQdF2VX96k7FPcsgNLtAk,Esmx2QjmDZMjJ15yBJ2nhqisjEt7Gqro4jSkofdoVsvY,inbound,USDC,120.51,120.66
Transfered,2022-07-02 22:36:15.000,4fcpLnm9VRH6Ethhj4HzxXh1U9psC7hRFt3heE6XDe34m4RmKJP1KDbEigQyTCi8MxnaQdF2VX96k7FPcsgNLtAk,Esmx2QjmDZMjJ15yBJ2nhqisjEt7Gqro4jSkofdoVsvY,inbound,USDC,120.51,120.66
Transfered,2022-07-02 22:34:09.000,5ecGgfCKpd4YiVP6YCvGQZGo536iZia4qqzNoBBDNAq66UpChQapzMdDgb1jdmZ4qVGttA1iGKs5mwe6Z5dgFxrS,Esmx2QjmDZMjJ15yBJ2nhqisjEt7Gqro4jSkofdoVsvY,inbound,USDC,120.51,120.66
Transfered,2022-07-02 00:24:15.000,A1Rv4rxWZfWDqTbX8GyaV1A4V5ti3saKfPmtMKRcJNV9Tax9Hu2aQfALWFFiP7oNWDpjAJQCrffedGs5uPhXQ96,Esmx2QjmDZMjJ15yBJ2nhqisjEt7Gqro4jSkofdoVsvY,outbound,USDC,1,1
Transfered,2022-07-02 22:36:15.000,4fcpLnm9VRH6Ethhj4HzxXh1U9psC7hRFt3heE6XDe34m4RmKJP1KDbEigQyTCi8MxnaQdF2VX96k7FPcsgNLtAk,Esmx2QjmDZMjJ15yBJ2nhqisjEt7Gqro4jSkofdoVsvY,inbound,USDC,120.51,120.66
Transfered,2022-07-02 22:34:09.000,5ecGgfCKpd4YiVP6YCvGQZGo536iZia4qqzNoBBDNAq66UpChQapzMdDgb1jdmZ4qVGttA1iGKs5mwe6Z5dgFxrS,Esmx2QjmDZMjJ15yBJ2nhqisjEt7Gqro4jSkofdoVsvY,inbound,USDC,120.51,120.66
Transfered,2022-07-02 22:32:42.000,4rPDRpJqzi23BWaHsh37AzJwAFqejxKngLgvom7rvizZkkfJeCNixUkob1mHyX3M4TGFA1K84UJNLahFzTPVHHpe,Esmx2QjmDZMjJ15yBJ2nhqisjEt7Gqro4jSkofdoVsvY,inbound,USDC,120.51,120.66
Transfered,2022-07-02 22:31:09.000,2YD1imPBkUpq8pgQTHufBpBQX1q4QxjpWAHhf9i9fzstbidm7boS2S9rBKz7UEQgJ5gKJwZnkQFfTVSEdAgAkX4z,Esmx2QjmDZMjJ15yBJ2nhqisjEt7Gqro4jSkofdoVsvY,inbound,USDC,120.51,120.66
Transfered,2022-07-02 23:58:31.000,4vybUkA5FaA8mShEcEDTayZ127VC6bu85fihEKtEhFiPQZJbToSNbxySaKtDVsqYfVnRRsGiUrnz4ucVzzRQZnGQ,Esmx2QjmDZMjJ15yBJ2nhqisjEt7Gqro4jSkofdoVsvY,inbound,USDC,331213.81,331635.28
Transfered,2022-07-02 22:36:15.000,4fcpLnm9VRH6Ethhj4HzxXh1U9psC7hRFt3heE6XDe34m4RmKJP1KDbEigQyTCi8MxnaQdF2VX96k7FPcsgNLtAk,Esmx2QjmDZMjJ15yBJ2nhqisjEt7Gqro4jSkofdoVsvY,inbound,USDC,120.51,120.66
Transfered,2022-07-02 22:34:09.000,5ecGgfCKpd4YiVP6YCvGQZGo536iZia4qqzNoBBDNAq66UpChQapzMdDgb1jdmZ4qVGttA1iGKs5mwe6Z5dgFxrS,Esmx2QjmDZMjJ15yBJ2nhqisjEt7Gqro4jSkofdoVsvY,inbound,USDC,120.51,120.66
Transfered,2022-07-02 22:27:18.000,38engihTn3tCM5XdtRE6nG7QfyCJPu77HwZzFtK8KRwU8JjDxyVWgEFro6LgF2o4E6B7AZK5z6Vkrkq6wNkfBDwH,Esmx2QjmDZMjJ15yBJ2nhqisjEt7Gqro4jSkofdoVsvY,inbound,USDC,120.51,120.66
Transfered,2022-07-02 23:51:47.000,5JBuST1irXi18JhBC2J5gVcKTtFdPowdjqCMoDewonRTPikNNGBD8WQRL2oAqMYGEestSphPvRYPeGVFgxV2jrbL,Esmx2QjmDZMjJ15yBJ2nhqisjEt7Gqro4jSkofdoVsvY,outbound,USDC,43852.85,43908.65
Transfered,2022-07-02 23:53:58.000,4beFzwRf2E2qiNmrWRvDFrC2qAd4bP1Sb4TCkx7Z34jEESK34LdnkSSjSEbPi4vgHYtDCHFvyFUcZfqkiWkXjyh7,Esmx2QjmDZMjJ15yBJ2nhqisjEt7Gqro4jSkofdoVsvY,inbound,USDC,359558.31,360015.85
Transfered,2022-07-02 22:28:23.000,41AE3M12hFfuJbH5Q5nZWZyevjnoJ7PgVQmawEqVzXsaNWiXALQr1JE8jwM8wFQX1t8naq4nUsf6qbsT384PwESa,Esmx2QjmDZMjJ15yBJ2nhqisjEt7Gqro4jSkofdoVsvY,inbound,USDC,0.01,0.01
Transfered,2022-07-02 00:46:04.000,5dRfhE9qLxKbbTm7iXX9WFt8hgpJBmefC9i3VAPi9jULkgmJwo5V1d3TzETN3xNDvAxspSmRqLrJcBcfFa97bxs7,Esmx2QjmDZMjJ15yBJ2nhqisjEt7Gqro4jSkofdoVsvY,outbound,USDC,1,1
Transfered,2022-07-02 22:29:01.000,4Vp4vBqbJXz5UHwdwXbV4GzD93uZBKwykRLi3ezfX1g9Rph2PTZpCGE9EsN4Lhjsr2fiqRJwEj2L1jBDVfbyKC2s,Esmx2QjmDZMjJ15yBJ2nhqisjEt7Gqro4jSkofdoVsvY,inbound,USDC,120.51,120.66
Transfered,2022-07-02 22:06:57.000,4A2BeL7aTseMmH88sad37D5WVhuSPPPEKDGCEM2MFjBWZJoMwZ19pyp6MC7884BdFuSaSvGhhYHbVHWFPF5dMwTr,Esmx2QjmDZMjJ15yBJ2nhqisjEt7Gqro4jSkofdoVsvY,inbound,USDC,6828.79,6837.48
Transfered,2022-07-02 22:30:44.000,38gy8ZpRTvQSPKUcqWcxP9JWXxdoCWSwFjyknLJgqgZ44GYoRr4jHMPB2kqLkz1mduoJVRNiwKT6GMNNUu1etKfT,Esmx2QjmDZMjJ15yBJ2nhqisjEt7Gqro4jSkofdoVsvY,outbound,USDC,602.55,603.31
Transfered,2022-07-02 22:26:18.000,3tS9uYJK4fxRYc7YCs6m99erXUtfMEPJ8jhycpq62DJsB166hAiMDmNWLiWunFVCw6MpnuimfDY7LJ9dBj3zNhx,Esmx2QjmDZMjJ15yBJ2nhqisjEt7Gqro4jSkofdoVsvY,inbound,USDC,120.51,120.66
Transfered,2022-07-02 22:37:24.000,56Xs3yxWGcwW3drBsGNxfzeM8AuaQWNMyEbiuW1mRRsCxfAVdEkETu33DwoeVsumZWaezoKhU8NZWHEqFXNBcUGV,Esmx2QjmDZMjJ15yBJ2nhqisjEt7Gqro4jSkofdoVsvY,inbound,USDC,120.51,120.66
Transfered,2022-07-03 00:17:07.000,5p5J5wW3XfGqddRJUtMjdGCPMCfTRTB4nc2k9QRa6fK6Jk9sBhFGbXTkkuvLtEFFFLitLPYNmQMkqNwwjJ5v2oQd,Esmx2QjmDZMjJ15yBJ2nhqisjEt7Gqro4jSkofdoVsvY,outbound,USDC,10,10.02
Transfered,2022-07-03 01:01:22.000,4q9Hz8X3HJJ1ySyPwphKWPhWk7rkJD63UzvggU1KPx8ddTsC5GBzxucEdF4Db7L3P1bCT4dSJKGbdEEH2ZriCCvK,Esmx2QjmDZMjJ15yBJ2nhqisjEt7Gqro4jSkofdoVsvY,inbound,USDC,98969.63,99154.47
Transfered,2022-07-03 00:54:41.000,3RzBmjWY3CKL9UxhDYYyd6gs5ffTJUQ3DedE9oyUfAsGExa7EAqwYwoexV7tWHwzcRNvnDWsJS4Lt4246w9CyCYD,Esmx2QjmDZMjJ15yBJ2nhqisjEt7Gqro4jSkofdoVsvY,outbound,USDC,327667.04,328279.02
Transfered,2022-07-03 00:58:23.000,3rCsSaKTgW1oFWzeSUCfLSjE2tZ5vKcqmhabzVQhGbkNrMkUWKkakuAS2vHxktHi1kfCbwDfhk3xBWCd8gFSR9W7,Esmx2QjmDZMjJ15yBJ2nhqisjEt7Gqro4jSkofdoVsvY,outbound,USDC,326150.38,326759.53
Transfered,2022-07-03 00:54:41.000,3RzBmjWY3CKL9UxhDYYyd6gs5ffTJUQ3DedE9oyUfAsGExa7EAqwYwoexV7tWHwzcRNvnDWsJS4Lt4246w9CyCYD,Esmx2QjmDZMjJ15yBJ2nhqisjEt7Gqro4jSkofdoVsvY,inbound,USDC,327667.04,328279.02
Transfered,2022-07-03 00:58:23.000,3rCsSaKTgW1oFWzeSUCfLSjE2tZ5vKcqmhabzVQhGbkNrMkUWKkakuAS2vHxktHi1kfCbwDfhk3xBWCd8gFSR9W7,Esmx2QjmDZMjJ15yBJ2nhqisjEt7Gqro4jSkofdoVsvY,inbound,USDC,326150.38,326759.53
Transfered,2022-07-03 00:40:09.000,2G7ewJ2cAEj74p6BZMcauSsosi8XKkoBbS4eH92QumVKmQZx1XT6uygVQ5SjC6zUcfR3Dgvov9i61mRj1mgNWdSV,Esmx2QjmDZMjJ15yBJ2nhqisjEt7Gqro4jSkofdoVsvY,outbound,USDC,328309.85,328923.04
Transfered,2022-07-03 01:01:22.000,4q9Hz8X3HJJ1ySyPwphKWPhWk7rkJD63UzvggU1KPx8ddTsC5GBzxucEdF4Db7L3P1bCT4dSJKGbdEEH2ZriCCvK,Esmx2QjmDZMjJ15yBJ2nhqisjEt7Gqro4jSkofdoVsvY,outbound,USDC,98969.63,99154.47
Transfered,2022-07-03 00:40:09.000,2G7ewJ2cAEj74p6BZMcauSsosi8XKkoBbS4eH92QumVKmQZx1XT6uygVQ5SjC6zUcfR3Dgvov9i61mRj1mgNWdSV,Esmx2QjmDZMjJ15yBJ2nhqisjEt7Gqro4jSkofdoVsvY,inbound,USDC,328309.85,328923.04
Transfered,2022-07-03 00:09:21.000,5f4rrUWwYSMCCByUf3SN6WNoLaz5YcFtUyKs2QrZCSQXPnZZQNPfDAKw3Rt5tW6znfvGP697C1Tx8y2fNprT7fQC,Esmx2QjmDZMjJ15yBJ2nhqisjEt7Gqro4jSkofdoVsvY,inbound,USDC,330891.37,331509.37
Transfered,2022-07-03 00:17:07.000,5p5J5wW3XfGqddRJUtMjdGCPMCfTRTB4nc2k9QRa6fK6Jk9sBhFGbXTkkuvLtEFFFLitLPYNmQMkqNwwjJ5v2oQd,Esmx2QjmDZMjJ15yBJ2nhqisjEt7Gqro4jSkofdoVsvY,inbound,USDC,10,10.02
Transfered,2022-07-03 00:09:21.000,5f4rrUWwYSMCCByUf3SN6WNoLaz5YcFtUyKs2QrZCSQXPnZZQNPfDAKw3Rt5tW6znfvGP697C1Tx8y2fNprT7fQC,Esmx2QjmDZMjJ15yBJ2nhqisjEt7Gqro4jSkofdoVsvY,outbound,USDC,330891.37,331509.37
Transfered,2022-07-03 00:40:09.000,2G7ewJ2cAEj74p6BZMcauSsosi8XKkoBbS4eH92QumVKmQZx1XT6uygVQ5SjC6zUcfR3Dgvov9i61mRj1mgNWdSV,Esmx2QjmDZMjJ15yBJ2nhqisjEt7Gqro4jSkofdoVsvY,inbound,USDCET,328294.78,328984.2
Transfered,2022-07-03 00:17:07.000,5p5J5wW3XfGqddRJUtMjdGCPMCfTRTB4nc2k9QRa6fK6Jk9sBhFGbXTkkuvLtEFFFLitLPYNmQMkqNwwjJ5v2oQd,Esmx2QjmDZMjJ15yBJ2nhqisjEt7Gqro4jSkofdoVsvY,outbound,USDCET,10,10.02
Transfered,2022-07-03 01:01:22.000,4q9Hz8X3HJJ1ySyPwphKWPhWk7rkJD63UzvggU1KPx8ddTsC5GBzxucEdF4Db7L3P1bCT4dSJKGbdEEH2ZriCCvK,Esmx2QjmDZMjJ15yBJ2nhqisjEt7Gqro4jSkofdoVsvY,inbound,USDCET,98948.81,99156.6
Transfered,2022-07-03 00:54:41.000,3RzBmjWY3CKL9UxhDYYyd6gs5ffTJUQ3DedE9oyUfAsGExa7EAqwYwoexV7tWHwzcRNvnDWsJS4Lt4246w9CyCYD,Esmx2QjmDZMjJ15yBJ2nhqisjEt7Gqro4jSkofdoVsvY,inbound,USDCET,327632.52,328320.55
Transfered,2022-07-03 00:58:23.000,3rCsSaKTgW1oFWzeSUCfLSjE2tZ5vKcqmhabzVQhGbkNrMkUWKkakuAS2vHxktHi1kfCbwDfhk3xBWCd8gFSR9W7,Esmx2QjmDZMjJ15yBJ2nhqisjEt7Gqro4jSkofdoVsvY,inbound,USDCET,326095.58,326780.37
Transfered,2022-07-03 00:09:21.000,5f4rrUWwYSMCCByUf3SN6WNoLaz5YcFtUyKs2QrZCSQXPnZZQNPfDAKw3Rt5tW6znfvGP697C1Tx8y2fNprT7fQC,Esmx2QjmDZMjJ15yBJ2nhqisjEt7Gqro4jSkofdoVsvY,inbound,USDCET,330834.94,331529.69
Transfered,2022-07-03 00:26:08.000,4FaMTKqha9Uw6hvxg5TQc5W7vRDKxVkfPn5GDMThGYSj3tgyCYSzXzQsAsT3dXDY6yZ26iYieV6bcV7bFDkTZ83W,Esmx2QjmDZMjJ15yBJ2nhqisjEt7Gqro4jSkofdoVsvY,inbound,STSOL,3000,103448.38
Transfered,2022-07-03 00:26:08.000,4FaMTKqha9Uw6hvxg5TQc5W7vRDKxVkfPn5GDMThGYSj3tgyCYSzXzQsAsT3dXDY6yZ26iYieV6bcV7bFDkTZ83W,Esmx2QjmDZMjJ15yBJ2nhqisjEt7Gqro4jSkofdoVsvY,inbound,STSOL,3000,103448.38
Transfered,2022-07-03 00:26:08.000,4FaMTKqha9Uw6hvxg5TQc5W7vRDKxVkfPn5GDMThGYSj3tgyCYSzXzQsAsT3dXDY6yZ26iYieV6bcV7bFDkTZ83W,Esmx2QjmDZMjJ15yBJ2nhqisjEt7Gqro4jSkofdoVsvY,inbound,STSOL,218.82,7545.55
Transfered,2022-07-03 00:26:08.000,4FaMTKqha9Uw6hvxg5TQc5W7vRDKxVkfPn5GDMThGYSj3tgyCYSzXzQsAsT3dXDY6yZ26iYieV6bcV7bFDkTZ83W,Esmx2QjmDZMjJ15yBJ2nhqisjEt7Gqro4jSkofdoVsvY,outbound,STSOL,3000,103448.38
Transfered,2022-07-03 00:26:08.000,4FaMTKqha9Uw6hvxg5TQc5W7vRDKxVkfPn5GDMThGYSj3tgyCYSzXzQsAsT3dXDY6yZ26iYieV6bcV7bFDkTZ83W,Esmx2QjmDZMjJ15yBJ2nhqisjEt7Gqro4jSkofdoVsvY,inbound,STSOL,3000,103448.38
Transfered,2022-07-03 00:26:08.000,4FaMTKqha9Uw6hvxg5TQc5W7vRDKxVkfPn5GDMThGYSj3tgyCYSzXzQsAsT3dXDY6yZ26iYieV6bcV7bFDkTZ83W,Esmx2QjmDZMjJ15yBJ2nhqisjEt7Gqro4jSkofdoVsvY,inbound,STSOL,1.8,62.07
Transfered,2022-07-03 00:26:08.000,4FaMTKqha9Uw6hvxg5TQc5W7vRDKxVkfPn5GDMThGYSj3tgyCYSzXzQsAsT3dXDY6yZ26iYieV6bcV7bFDkTZ83W,Esmx2QjmDZMjJ15yBJ2nhqisjEt7Gqro4jSkofdoVsvY,inbound,STSOL,218.82,7545.55
Transfered,2022-07-03 00:32:17.000,3m4MDRGAxSVv3Fyw3ng3MWrw4Rkvu2YwXXZjAZ8xYkPa9vRDcqecCnHzxReThzsW8VBK2hhpuYiB46qVEQZ6Jvnc,Esmx2QjmDZMjJ15yBJ2nhqisjEt7Gqro4jSkofdoVsvY,outbound,STSOL,955.6,32951.64
Transfered,2022-07-03 00:26:08.000,4FaMTKqha9Uw6hvxg5TQc5W7vRDKxVkfPn5GDMThGYSj3tgyCYSzXzQsAsT3dXDY6yZ26iYieV6bcV7bFDkTZ83W,Esmx2QjmDZMjJ15yBJ2nhqisjEt7Gqro4jSkofdoVsvY,outbound,STSOL,3000,103448.38
Transfered,2022-07-03 00:26:08.000,4FaMTKqha9Uw6hvxg5TQc5W7vRDKxVkfPn5GDMThGYSj3tgyCYSzXzQsAsT3dXDY6yZ26iYieV6bcV7bFDkTZ83W,Esmx2QjmDZMjJ15yBJ2nhqisjEt7Gqro4jSkofdoVsvY,inbound,STSOL,3000,103448.38
Transfered,2022-07-03 00:26:08.000,4FaMTKqha9Uw6hvxg5TQc5W7vRDKxVkfPn5GDMThGYSj3tgyCYSzXzQsAsT3dXDY6yZ26iYieV6bcV7bFDkTZ83W,Esmx2QjmDZMjJ15yBJ2nhqisjEt7Gqro4jSkofdoVsvY,inbound,STSOL,218.82,7545.55
Transfered,2022-07-03 00:26:08.000,4FaMTKqha9Uw6hvxg5TQc5W7vRDKxVkfPn5GDMThGYSj3tgyCYSzXzQsAsT3dXDY6yZ26iYieV6bcV7bFDkTZ83W,Esmx2QjmDZMjJ15yBJ2nhqisjEt7Gqro4jSkofdoVsvY,inbound,STSOL,218.82,7545.55
Transfered,2022-07-03 00:26:08.000,4FaMTKqha9Uw6hvxg5TQc5W7vRDKxVkfPn5GDMThGYSj3tgyCYSzXzQsAsT3dXDY6yZ26iYieV6bcV7bFDkTZ83W,Esmx2QjmDZMjJ15yBJ2nhqisjEt7Gqro4jSkofdoVsvY,outbound,STSOL,3009,103758.72
Transfered,2022-07-03 00:26:08.000,4FaMTKqha9Uw6hvxg5TQc5W7vRDKxVkfPn5GDMThGYSj3tgyCYSzXzQsAsT3dXDY6yZ26iYieV6bcV7bFDkTZ83W,Esmx2QjmDZMjJ15yBJ2nhqisjEt7Gqro4jSkofdoVsvY,inbound,STSOL,2868.69,98920.57
Transfered,2022-07-03 00:26:08.000,4FaMTKqha9Uw6hvxg5TQc5W7vRDKxVkfPn5GDMThGYSj3tgyCYSzXzQsAsT3dXDY6yZ26iYieV6bcV7bFDkTZ83W,Esmx2QjmDZMjJ15yBJ2nhqisjEt7Gqro4jSkofdoVsvY,outbound,STSOL,3000,103448.38
Transfered,2022-07-03 00:26:08.000,4FaMTKqha9Uw6hvxg5TQc5W7vRDKxVkfPn5GDMThGYSj3tgyCYSzXzQsAsT3dXDY6yZ26iYieV6bcV7bFDkTZ83W,Esmx2QjmDZMjJ15yBJ2nhqisjEt7Gqro4jSkofdoVsvY,inbound,STSOL,3000,103448.38
Transfered,2022-07-03 00:26:08.000,4FaMTKqha9Uw6hvxg5TQc5W7vRDKxVkfPn5GDMThGYSj3tgyCYSzXzQsAsT3dXDY6yZ26iYieV6bcV7bFDkTZ83W,Esmx2QjmDZMjJ15yBJ2nhqisjEt7Gqro4jSkofdoVsvY,inbound,STSOL,218.82,7545.55
Transfered,2022-07-03 00:26:08.000,4FaMTKqha9Uw6hvxg5TQc5W7vRDKxVkfPn5GDMThGYSj3tgyCYSzXzQsAsT3dXDY6yZ26iYieV6bcV7bFDkTZ83W,Esmx2QjmDZMjJ15yBJ2nhqisjEt7Gqro4jSkofdoVsvY,outbound,STSOL,3000,103448.38
Transfered,2022-07-03 00:26:08.000,4FaMTKqha9Uw6hvxg5TQc5W7vRDKxVkfPn5GDMThGYSj3tgyCYSzXzQsAsT3dXDY6yZ26iYieV6bcV7bFDkTZ83W,Esmx2QjmDZMjJ15yBJ2nhqisjEt7Gqro4jSkofdoVsvY,outbound,STSOL,3000,103448.38
Transfered,2022-07-02 00:46:04.000,5dRfhE9qLxKbbTm7iXX9WFt8hgpJBmefC9i3VAPi9jULkgmJwo5V1d3TzETN3xNDvAxspSmRqLrJcBcfFa97bxs7,Esmx2QjmDZMjJ15yBJ2nhqisjEt7Gqro4jSkofdoVsvY,inbound,USDCET,1,1
Transfered,2022-07-02 23:58:31.000,4vybUkA5FaA8mShEcEDTayZ127VC6bu85fihEKtEhFiPQZJbToSNbxySaKtDVsqYfVnRRsGiUrnz4ucVzzRQZnGQ,Esmx2QjmDZMjJ15yBJ2nhqisjEt7Gqro4jSkofdoVsvY,inbound,USDCET,330984.67,331572.73
Transfered,2022-07-02 23:51:47.000,5JBuST1irXi18JhBC2J5gVcKTtFdPowdjqCMoDewonRTPikNNGBD8WQRL2oAqMYGEestSphPvRYPeGVFgxV2jrbL,Esmx2QjmDZMjJ15yBJ2nhqisjEt7Gqro4jSkofdoVsvY,inbound,USDCET,43844.2,43922.1
Transfered,2022-07-02 23:07:51.000,5fdwRJQFxTzGdHqFjVkZhCpKCfR1Gt9uQnJtwEhq7cAgKiLHn7FrUrMEg3pEzd5qrzZmbo22vYZQCPBwj1AZayV2,Esmx2QjmDZMjJ15yBJ2nhqisjEt7Gqro4jSkofdoVsvY,inbound,USDCET,1,1
Transfered,2022-07-02 23:04:36.000,3ZrTVuTaMExKsoKkEoTzrNuJLZa8bJ5dywiypny1BzkViqHxfUdT3QCzVNYU8hSDpMLLtdP7oYwboT898E4hmpVE,Esmx2QjmDZMjJ15yBJ2nhqisjEt7Gqro4jSkofdoVsvY,inbound,USDCET,1,1
Transfered,2022-07-02 22:53:49.000,2Z3PeH2Z9zMcq3dWuP5fdWd8k8UgpwyPT6m4tnz3gFcJo78UEs71xcmDYU3GKD4LJ5mr6JiAdvuyBqc1Gec24hKp,Esmx2QjmDZMjJ15yBJ2nhqisjEt7Gqro4jSkofdoVsvY,inbound,USDCET,2367302.98,2371508.99
Transfered,2022-07-02 22:37:48.000,K94QdevVpQsNYs53knTvfTJyrqXgCgxMhJRm2QHs65pqWaoozcy716e4AeNRME23F3UUUwcFUK7wPkn7boDwFf8,Esmx2QjmDZMjJ15yBJ2nhqisjEt7Gqro4jSkofdoVsvY,inbound,USDCET,997428.37,999200.52
Transfered,2022-07-02 23:10:14.000,2kAzWVuyiAgTgxMuUS4ogdYLSVwjQRvv4uvD4vGwdBQHVGVMFf2PkwmfkC2gPP6zDwmRR2FyC662CBkRzEWPkbrh,Esmx2QjmDZMjJ15yBJ2nhqisjEt7Gqro4jSkofdoVsvY,inbound,USDCET,1,1
Transfered,2022-07-02 23:56:19.000,rpHy2cX4PuCGkM3USAYq7H5maYhmNL5z7Eh8NqgDTTkKNMxyXuNwP62h3KsvMBMa7tv8VEKDg1bdPWHKomy5imo,Esmx2QjmDZMjJ15yBJ2nhqisjEt7Gqro4jSkofdoVsvY,inbound,USDCET,692037.63,693267.18
Transfered,2022-07-02 23:54:18.000,3rbJBCkL9RUA1AfuqjK4fMXePDTixyU29rBSwaNC3Rg26urPHc1anQ5b2BDjY2A9YhUoYTGZ4FzGnsrCTF29kbkk,Esmx2QjmDZMjJ15yBJ2nhqisjEt7Gqro4jSkofdoVsvY,inbound,USDCET,654340.28,655502.86
Transfered,2022-07-02 22:06:57.000,4A2BeL7aTseMmH88sad37D5WVhuSPPPEKDGCEM2MFjBWZJoMwZ19pyp6MC7884BdFuSaSvGhhYHbVHWFPF5dMwTr,Esmx2QjmDZMjJ15yBJ2nhqisjEt7Gqro4jSkofdoVsvY,inbound,USDH,401200,401489.13
Transfered,2022-07-02 22:07:23.000,4jMeCb7vom4a9xGC678Q5kFr2zyPzM6a1ty7arGsBiT56CiXBmkcU87itE7q9nfV6ocB6ur373Z7WjUmYhwYJwtC,Esmx2QjmDZMjJ15yBJ2nhqisjEt7Gqro4jSkofdoVsvY,inbound,USDH,401200,401489.13
Transfered,2022-07-02 20:24:39.000,3dMm5LpoqX8WhzPNZ6mwr929YEHuHnPy9dtKhX2tfSU2DyyGuuMdZzdNJdxdmYd7Z63NaezsA75DpBaBVeb2DNjX,Esmx2QjmDZMjJ15yBJ2nhqisjEt7Gqro4jSkofdoVsvY,outbound,USDH,0,0
Transfered,2022-07-02 22:06:26.000,5tGmRT8fWF8TCPbdwkw7RKnquqKJ8KKsHn8CveNnEF2WPfXSG87JTbBBp4aqFJMzCTA9eK2kWj2ubfi1MitMr3td,Esmx2QjmDZMjJ15yBJ2nhqisjEt7Gqro4jSkofdoVsvY,inbound,USDH,60682.81,60726.54
Transfered,2022-07-02 22:06:26.000,5tGmRT8fWF8TCPbdwkw7RKnquqKJ8KKsHn8CveNnEF2WPfXSG87JTbBBp4aqFJMzCTA9eK2kWj2ubfi1MitMr3td,Esmx2QjmDZMjJ15yBJ2nhqisjEt7Gqro4jSkofdoVsvY,inbound,USDH,60682.81,60726.54
Transfered,2022-07-02 22:07:23.000,4jMeCb7vom4a9xGC678Q5kFr2zyPzM6a1ty7arGsBiT56CiXBmkcU87itE7q9nfV6ocB6ur373Z7WjUmYhwYJwtC,Esmx2QjmDZMjJ15yBJ2nhqisjEt7Gqro4jSkofdoVsvY,inbound,USDH,60864.7,60908.57
Transfered,2022-07-02 22:06:26.000,5tGmRT8fWF8TCPbdwkw7RKnquqKJ8KKsHn8CveNnEF2WPfXSG87JTbBBp4aqFJMzCTA9eK2kWj2ubfi1MitMr3td,Esmx2QjmDZMjJ15yBJ2nhqisjEt7Gqro4jSkofdoVsvY,outbound,USDH,400001,400289.27
Transfered,2022-07-02 23:51:18.000,4bTRBFo9kAnZAz1ryEwH53NvWCt1JBCjdSdaSo8o6WBXjUTw7AfcfQCWnGEr7uDq5Nb4ABdYAa8PH45xiAqvGLz6,Esmx2QjmDZMjJ15yBJ2nhqisjEt7Gqro4jSkofdoVsvY,outbound,USDH,19159.95,19173.76
Transfered,2022-07-02 22:06:26.000,5tGmRT8fWF8TCPbdwkw7RKnquqKJ8KKsHn8CveNnEF2WPfXSG87JTbBBp4aqFJMzCTA9eK2kWj2ubfi1MitMr3td,Esmx2QjmDZMjJ15yBJ2nhqisjEt7Gqro4jSkofdoVsvY,inbound,USDH,400001,400289.27
Transfered,2022-07-02 22:07:23.000,4jMeCb7vom4a9xGC678Q5kFr2zyPzM6a1ty7arGsBiT56CiXBmkcU87itE7q9nfV6ocB6ur373Z7WjUmYhwYJwtC,Esmx2QjmDZMjJ15yBJ2nhqisjEt7Gqro4jSkofdoVsvY,inbound,USDH,240,240.17
Transfered,2022-07-02 22:06:57.000,4A2BeL7aTseMmH88sad37D5WVhuSPPPEKDGCEM2MFjBWZJoMwZ19pyp6MC7884BdFuSaSvGhhYHbVHWFPF5dMwTr,Esmx2QjmDZMjJ15yBJ2nhqisjEt7Gqro4jSkofdoVsvY,inbound,USDH,60864.7,60908.57
Transfered,2022-07-02 23:53:58.000,4beFzwRf2E2qiNmrWRvDFrC2qAd4bP1Sb4TCkx7Z34jEESK34LdnkSSjSEbPi4vgHYtDCHFvyFUcZfqkiWkXjyh7,Esmx2QjmDZMjJ15yBJ2nhqisjEt7Gqro4jSkofdoVsvY,outbound,USDH,366015.93,366279.71
Transfered,2022-07-02 20:25:07.000,3EJsaWZTgv81Rd4c6rgESZvzC8bVuP8sKEdTxidLHvJioaqmCh5zJzPGPFYn1uBJL3zEeucjiFrzwfDqv5Nd8m4q,Esmx2QjmDZMjJ15yBJ2nhqisjEt7Gqro4jSkofdoVsvY,outbound,USDH,0,0
Transfered,2022-07-02 22:06:26.000,5tGmRT8fWF8TCPbdwkw7RKnquqKJ8KKsHn8CveNnEF2WPfXSG87JTbBBp4aqFJMzCTA9eK2kWj2ubfi1MitMr3td,Esmx2QjmDZMjJ15yBJ2nhqisjEt7Gqro4jSkofdoVsvY,inbound,USDH,60682.81,60726.54
Transfered,2022-07-02 22:06:26.000,5tGmRT8fWF8TCPbdwkw7RKnquqKJ8KKsHn8CveNnEF2WPfXSG87JTbBBp4aqFJMzCTA9eK2kWj2ubfi1MitMr3td,Esmx2QjmDZMjJ15yBJ2nhqisjEt7Gqro4jSkofdoVsvY,inbound,USDH,60682.81,60726.54
Transfered,2022-07-02 22:07:23.000,4jMeCb7vom4a9xGC678Q5kFr2zyPzM6a1ty7arGsBiT56CiXBmkcU87itE7q9nfV6ocB6ur373Z7WjUmYhwYJwtC,Esmx2QjmDZMjJ15yBJ2nhqisjEt7Gqro4jSkofdoVsvY,outbound,USDH,401200,401489.13
Transfered,2022-07-02 22:07:23.000,4jMeCb7vom4a9xGC678Q5kFr2zyPzM6a1ty7arGsBiT56CiXBmkcU87itE7q9nfV6ocB6ur373Z7WjUmYhwYJwtC,Esmx2QjmDZMjJ15yBJ2nhqisjEt7Gqro4jSkofdoVsvY,inbound,USDH,401200,401489.13
Transfered,2022-07-02 20:26:38.000,3GGBR6EeHj5wg8hxsgHD5vcC5T3yKSstVcMtQBdZJr9M7fbwKJU7aRzXpVXCo3fY6JWUG4fyCTUapYG3GJq9Trfw,Esmx2QjmDZMjJ15yBJ2nhqisjEt7Gqro4jSkofdoVsvY,outbound,USDH,0,0
Transfered,2022-07-02 22:06:57.000,4A2BeL7aTseMmH88sad37D5WVhuSPPPEKDGCEM2MFjBWZJoMwZ19pyp6MC7884BdFuSaSvGhhYHbVHWFPF5dMwTr,Esmx2QjmDZMjJ15yBJ2nhqisjEt7Gqro4jSkofdoVsvY,inbound,USDH,400000,400288.27
Transfered,2022-07-02 22:06:57.000,4A2BeL7aTseMmH88sad37D5WVhuSPPPEKDGCEM2MFjBWZJoMwZ19pyp6MC7884BdFuSaSvGhhYHbVHWFPF5dMwTr,Esmx2QjmDZMjJ15yBJ2nhqisjEt7Gqro4jSkofdoVsvY,outbound,USDH,401200,401489.13
Transfered,2022-07-02 22:06:26.000,5tGmRT8fWF8TCPbdwkw7RKnquqKJ8KKsHn8CveNnEF2WPfXSG87JTbBBp4aqFJMzCTA9eK2kWj2ubfi1MitMr3td,Esmx2QjmDZMjJ15yBJ2nhqisjEt7Gqro4jSkofdoVsvY,outbound,USDH,400001,400289.27
Transfered,2022-07-02 22:06:26.000,5tGmRT8fWF8TCPbdwkw7RKnquqKJ8KKsHn8CveNnEF2WPfXSG87JTbBBp4aqFJMzCTA9eK2kWj2ubfi1MitMr3td,Esmx2QjmDZMjJ15yBJ2nhqisjEt7Gqro4jSkofdoVsvY,outbound,USDH,401200,401489.13
Transfered,2022-07-02 22:06:57.000,4A2BeL7aTseMmH88sad37D5WVhuSPPPEKDGCEM2MFjBWZJoMwZ19pyp6MC7884BdFuSaSvGhhYHbVHWFPF5dMwTr,Esmx2QjmDZMjJ15yBJ2nhqisjEt7Gqro4jSkofdoVsvY,inbound,USDH,60864.7,60908.57
Transfered,2022-07-02 20:24:14.000,4prnqyVdELZiNSsjYbe3ziwqWpmX5Vr5bDmxFF3oASo6FbUry7R7nskkb1opskU72YX9bg2GtdHP7ZjhcfGsbP1d,Esmx2QjmDZMjJ15yBJ2nhqisjEt7Gqro4jSkofdoVsvY,outbound,USDH,0,0
Transfered,2022-07-02 22:06:26.000,5tGmRT8fWF8TCPbdwkw7RKnquqKJ8KKsHn8CveNnEF2WPfXSG87JTbBBp4aqFJMzCTA9eK2kWj2ubfi1MitMr3td,Esmx2QjmDZMjJ15yBJ2nhqisjEt7Gqro4jSkofdoVsvY,inbound,USDH,60682.81,60726.54
Transfered,2022-07-02 22:06:26.000,5tGmRT8fWF8TCPbdwkw7RKnquqKJ8KKsHn8CveNnEF2WPfXSG87JTbBBp4aqFJMzCTA9eK2kWj2ubfi1MitMr3td,Esmx2QjmDZMjJ15yBJ2nhqisjEt7Gqro4jSkofdoVsvY,inbound,USDH,240,240.17
Transfered,2022-07-02 22:06:57.000,4A2BeL7aTseMmH88sad37D5WVhuSPPPEKDGCEM2MFjBWZJoMwZ19pyp6MC7884BdFuSaSvGhhYHbVHWFPF5dMwTr,Esmx2QjmDZMjJ15yBJ2nhqisjEt7Gqro4jSkofdoVsvY,outbound,USDH,401200,401489.13
Transfered,2022-07-02 20:23:49.000,5ppNsdzyoxvtM61Pc7Mjnt8Mqr8zhfqqnSwK5s5QF6hrSXPFPUNEiUJriTSNt6LwFsg99FUn5D5Xwu2k3sS1LHtc,Esmx2QjmDZMjJ15yBJ2nhqisjEt7Gqro4jSkofdoVsvY,outbound,USDH,0,0
Transfered,2022-07-02 23:07:51.000,5fdwRJQFxTzGdHqFjVkZhCpKCfR1Gt9uQnJtwEhq7cAgKiLHn7FrUrMEg3pEzd5qrzZmbo22vYZQCPBwj1AZayV2,Esmx2QjmDZMjJ15yBJ2nhqisjEt7Gqro4jSkofdoVsvY,outbound,USDH,1,1
Transfered,2022-07-02 22:06:26.000,5tGmRT8fWF8TCPbdwkw7RKnquqKJ8KKsHn8CveNnEF2WPfXSG87JTbBBp4aqFJMzCTA9eK2kWj2ubfi1MitMr3td,Esmx2QjmDZMjJ15yBJ2nhqisjEt7Gqro4jSkofdoVsvY,inbound,USDH,400001,400289.27
Transfered,2022-07-02 22:06:26.000,5tGmRT8fWF8TCPbdwkw7RKnquqKJ8KKsHn8CveNnEF2WPfXSG87JTbBBp4aqFJMzCTA9eK2kWj2ubfi1MitMr3td,Esmx2QjmDZMjJ15yBJ2nhqisjEt7Gqro4jSkofdoVsvY,inbound,USDH,400001,400289.27
Transfered,2022-07-02 22:33:38.000,NoW32ZzkADJVRmJCXcHoV9ee9SsQg8f1b8HR6jAKs3pCncYEqAMSjcsCdRUw8dRK5AywSMrj12dm1vTkWnpZ4u4,Esmx2QjmDZMjJ15yBJ2nhqisjEt7Gqro4jSkofdoVsvY,outbound,USDH,200000,200144.13
Transfered,2022-07-02 22:06:57.000,4A2BeL7aTseMmH88sad37D5WVhuSPPPEKDGCEM2MFjBWZJoMwZ19pyp6MC7884BdFuSaSvGhhYHbVHWFPF5dMwTr,Esmx2QjmDZMjJ15yBJ2nhqisjEt7Gqro4jSkofdoVsvY,inbound,USDH,401200,401489.13
Transfered,2022-07-02 22:07:23.000,4jMeCb7vom4a9xGC678Q5kFr2zyPzM6a1ty7arGsBiT56CiXBmkcU87itE7q9nfV6ocB6ur373Z7WjUmYhwYJwtC,Esmx2QjmDZMjJ15yBJ2nhqisjEt7Gqro4jSkofdoVsvY,inbound,USDH,376663.37,376934.82
Transfered,2022-07-02 22:06:57.000,4A2BeL7aTseMmH88sad37D5WVhuSPPPEKDGCEM2MFjBWZJoMwZ19pyp6MC7884BdFuSaSvGhhYHbVHWFPF5dMwTr,Esmx2QjmDZMjJ15yBJ2nhqisjEt7Gqro4jSkofdoVsvY,inbound,USDH,60864.7,60908.57
Transfered,2022-07-02 00:24:15.000,A1Rv4rxWZfWDqTbX8GyaV1A4V5ti3saKfPmtMKRcJNV9Tax9Hu2aQfALWFFiP7oNWDpjAJQCrffedGs5uPhXQ96,Esmx2QjmDZMjJ15yBJ2nhqisjEt7Gqro4jSkofdoVsvY,inbound,USDH,1,1
Transfered,2022-07-02 22:06:57.000,4A2BeL7aTseMmH88sad37D5WVhuSPPPEKDGCEM2MFjBWZJoMwZ19pyp6MC7884BdFuSaSvGhhYHbVHWFPF5dMwTr,Esmx2QjmDZMjJ15yBJ2nhqisjEt7Gqro4jSkofdoVsvY,inbound,USDH,240,240.17
Transfered,2022-07-02 22:06:57.000,4A2BeL7aTseMmH88sad37D5WVhuSPPPEKDGCEM2MFjBWZJoMwZ19pyp6MC7884BdFuSaSvGhhYHbVHWFPF5dMwTr,Esmx2QjmDZMjJ15yBJ2nhqisjEt7Gqro4jSkofdoVsvY,outbound,USDH,401200,401489.13
Transfered,2022-07-02 22:06:26.000,5tGmRT8fWF8TCPbdwkw7RKnquqKJ8KKsHn8CveNnEF2WPfXSG87JTbBBp4aqFJMzCTA9eK2kWj2ubfi1MitMr3td,Esmx2QjmDZMjJ15yBJ2nhqisjEt7Gqro4jSkofdoVsvY,outbound,USDH,400001,400289.27
Transfered,2022-07-02 20:23:27.000,39d5BdZUNm8TdPTqnAyCWXjaZAJo3bg8wXRgsSgZNFX3GWdi8CvLWBbcW51NT157NP9oRf6QcgKUoWwLLP3CKezh,Esmx2QjmDZMjJ15yBJ2nhqisjEt7Gqro4jSkofdoVsvY,outbound,USDH,0,0
Transfered,2022-07-02 22:07:23.000,4jMeCb7vom4a9xGC678Q5kFr2zyPzM6a1ty7arGsBiT56CiXBmkcU87itE7q9nfV6ocB6ur373Z7WjUmYhwYJwtC,Esmx2QjmDZMjJ15yBJ2nhqisjEt7Gqro4jSkofdoVsvY,inbound,USDH,401200,401489.13
Transfered,2022-07-02 23:53:58.000,4beFzwRf2E2qiNmrWRvDFrC2qAd4bP1Sb4TCkx7Z34jEESK34LdnkSSjSEbPi4vgHYtDCHFvyFUcZfqkiWkXjyh7,Esmx2QjmDZMjJ15yBJ2nhqisjEt7Gqro4jSkofdoVsvY,outbound,USDH,299467.58,299683.4
Transfered,2022-07-02 20:26:11.000,3LvLXYz2QEP75RsxbDpmR4j6qqxLyafSzZytAV2252K9PmeJDKRJTX62vCghCkJDEdqm7ThquFysNoTY8A6MH2Z5,Esmx2QjmDZMjJ15yBJ2nhqisjEt7Gqro4jSkofdoVsvY,outbound,USDH,0,0
Transfered,2022-07-02 20:22:30.000,JVrgx4ZjgCYaQCS5FerVaGLpVHEJJy8y6RuCGw3exVFdcZsgsmzXZ3XyQtYEEBtdZVFqhjJYwNRiBPSSYpnTn1w,Esmx2QjmDZMjJ15yBJ2nhqisjEt7Gqro4jSkofdoVsvY,outbound,USDH,0,0
Transfered,2022-07-02 22:06:57.000,4A2BeL7aTseMmH88sad37D5WVhuSPPPEKDGCEM2MFjBWZJoMwZ19pyp6MC7884BdFuSaSvGhhYHbVHWFPF5dMwTr,Esmx2QjmDZMjJ15yBJ2nhqisjEt7Gqro4jSkofdoVsvY,inbound,USDH,401200,401489.13
Transfered,2022-07-02 20:25:42.000,gXxLhs7wdN8KUxKwiVctVwDBvkvvL33y865UcTfdmr4XhPzfnjZfa62SkwcxdqjDj6g2ak5Wx78D8VLoWotB6CV,Esmx2QjmDZMjJ15yBJ2nhqisjEt7Gqro4jSkofdoVsvY,outbound,USDH,0,0
Transfered,2022-07-02 22:07:23.000,4jMeCb7vom4a9xGC678Q5kFr2zyPzM6a1ty7arGsBiT56CiXBmkcU87itE7q9nfV6ocB6ur373Z7WjUmYhwYJwtC,Esmx2QjmDZMjJ15yBJ2nhqisjEt7Gqro4jSkofdoVsvY,inbound,USDH,60864.7,60908.57
Transfered,2022-07-02 22:07:23.000,4jMeCb7vom4a9xGC678Q5kFr2zyPzM6a1ty7arGsBiT56CiXBmkcU87itE7q9nfV6ocB6ur373Z7WjUmYhwYJwtC,Esmx2QjmDZMjJ15yBJ2nhqisjEt7Gqro4jSkofdoVsvY,inbound,USDH,400000,400288.27
Transfered,2022-07-02 22:07:23.000,4jMeCb7vom4a9xGC678Q5kFr2zyPzM6a1ty7arGsBiT56CiXBmkcU87itE7q9nfV6ocB6ur373Z7WjUmYhwYJwtC,Esmx2QjmDZMjJ15yBJ2nhqisjEt7Gqro4jSkofdoVsvY,inbound,USDH,401200,401489.13
Transfered,2022-07-02 22:07:23.000,4jMeCb7vom4a9xGC678Q5kFr2zyPzM6a1ty7arGsBiT56CiXBmkcU87itE7q9nfV6ocB6ur373Z7WjUmYhwYJwtC,Esmx2QjmDZMjJ15yBJ2nhqisjEt7Gqro4jSkofdoVsvY,outbound,USDH,401200,401489.13
Transfered,2022-07-02 22:06:57.000,4A2BeL7aTseMmH88sad37D5WVhuSPPPEKDGCEM2MFjBWZJoMwZ19pyp6MC7884BdFuSaSvGhhYHbVHWFPF5dMwTr,Esmx2QjmDZMjJ15yBJ2nhqisjEt7Gqro4jSkofdoVsvY,inbound,USDH,60864.7,60908.57
Transfered,2022-07-02 22:06:57.000,4A2BeL7aTseMmH88sad37D5WVhuSPPPEKDGCEM2MFjBWZJoMwZ19pyp6MC7884BdFuSaSvGhhYHbVHWFPF5dMwTr,Esmx2QjmDZMjJ15yBJ2nhqisjEt7Gqro4jSkofdoVsvY,outbound,USDH,401200,401489.13
Transfered,2022-07-02 22:07:23.000,4jMeCb7vom4a9xGC678Q5kFr2zyPzM6a1ty7arGsBiT56CiXBmkcU87itE7q9nfV6ocB6ur373Z7WjUmYhwYJwtC,Esmx2QjmDZMjJ15yBJ2nhqisjEt7Gqro4jSkofdoVsvY,outbound,USDH,401200,401489.13
Transfered,2022-07-02 22:06:26.000,5tGmRT8fWF8TCPbdwkw7RKnquqKJ8KKsHn8CveNnEF2WPfXSG87JTbBBp4aqFJMzCTA9eK2kWj2ubfi1MitMr3td,Esmx2QjmDZMjJ15yBJ2nhqisjEt7Gqro4jSkofdoVsvY,inbound,USDH,400000,400288.27
Transfered,2022-07-02 22:06:26.000,5tGmRT8fWF8TCPbdwkw7RKnquqKJ8KKsHn8CveNnEF2WPfXSG87JTbBBp4aqFJMzCTA9eK2kWj2ubfi1MitMr3td,Esmx2QjmDZMjJ15yBJ2nhqisjEt7Gqro4jSkofdoVsvY,outbound,USDH,400001,400289.27
Transfered,2022-07-02 22:06:57.000,4A2BeL7aTseMmH88sad37D5WVhuSPPPEKDGCEM2MFjBWZJoMwZ19pyp6MC7884BdFuSaSvGhhYHbVHWFPF5dMwTr,Esmx2QjmDZMjJ15yBJ2nhqisjEt7Gqro4jSkofdoVsvY,inbound,USDH,401200,401489.13
Transfered,2022-07-02 22:06:26.000,5tGmRT8fWF8TCPbdwkw7RKnquqKJ8KKsHn8CveNnEF2WPfXSG87JTbBBp4aqFJMzCTA9eK2kWj2ubfi1MitMr3td,Esmx2QjmDZMjJ15yBJ2nhqisjEt7Gqro4jSkofdoVsvY,outbound,USDH,400001,400289.27
Transfered,2022-07-02 22:06:26.000,5tGmRT8fWF8TCPbdwkw7RKnquqKJ8KKsHn8CveNnEF2WPfXSG87JTbBBp4aqFJMzCTA9eK2kWj2ubfi1MitMr3td,Esmx2QjmDZMjJ15yBJ2nhqisjEt7Gqro4jSkofdoVsvY,inbound,USDH,400001,400289.27
Transfered,2022-07-02 22:07:23.000,4jMeCb7vom4a9xGC678Q5kFr2zyPzM6a1ty7arGsBiT56CiXBmkcU87itE7q9nfV6ocB6ur373Z7WjUmYhwYJwtC,Esmx2QjmDZMjJ15yBJ2nhqisjEt7Gqro4jSkofdoVsvY,inbound,USDH,60864.7,60908.57
Transfered,2022-07-02 22:06:57.000,4A2BeL7aTseMmH88sad37D5WVhuSPPPEKDGCEM2MFjBWZJoMwZ19pyp6MC7884BdFuSaSvGhhYHbVHWFPF5dMwTr,Esmx2QjmDZMjJ15yBJ2nhqisjEt7Gqro4jSkofdoVsvY,outbound,USDH,401200,401489.13
Transfered,2022-07-02 22:07:23.000,4jMeCb7vom4a9xGC678Q5kFr2zyPzM6a1ty7arGsBiT56CiXBmkcU87itE7q9nfV6ocB6ur373Z7WjUmYhwYJwtC,Esmx2QjmDZMjJ15yBJ2nhqisjEt7Gqro4jSkofdoVsvY,outbound,USDH,401200,401489.13
Transfered,2022-07-02 22:07:23.000,4jMeCb7vom4a9xGC678Q5kFr2zyPzM6a1ty7arGsBiT56CiXBmkcU87itE7q9nfV6ocB6ur373Z7WjUmYhwYJwtC,Esmx2QjmDZMjJ15yBJ2nhqisjEt7Gqro4jSkofdoVsvY,outbound,USDH,401200,401489.13
Transfered,2022-07-02 22:06:57.000,4A2BeL7aTseMmH88sad37D5WVhuSPPPEKDGCEM2MFjBWZJoMwZ19pyp6MC7884BdFuSaSvGhhYHbVHWFPF5dMwTr,Esmx2QjmDZMjJ15yBJ2nhqisjEt7Gqro4jSkofdoVsvY,inbound,USDH,60864.7,60908.57
Transfered,2022-07-02 23:04:36.000,3ZrTVuTaMExKsoKkEoTzrNuJLZa8bJ5dywiypny1BzkViqHxfUdT3QCzVNYU8hSDpMLLtdP7oYwboT898E4hmpVE,Esmx2QjmDZMjJ15yBJ2nhqisjEt7Gqro4jSkofdoVsvY,outbound,USDH,1,1
Transfered,2022-07-02 22:07:23.000,4jMeCb7vom4a9xGC678Q5kFr2zyPzM6a1ty7arGsBiT56CiXBmkcU87itE7q9nfV6ocB6ur373Z7WjUmYhwYJwtC,Esmx2QjmDZMjJ15yBJ2nhqisjEt7Gqro4jSkofdoVsvY,inbound,USDH,60864.7,60908.57
Transfered,2022-07-02 22:06:57.000,4A2BeL7aTseMmH88sad37D5WVhuSPPPEKDGCEM2MFjBWZJoMwZ19pyp6MC7884BdFuSaSvGhhYHbVHWFPF5dMwTr,Esmx2QjmDZMjJ15yBJ2nhqisjEt7Gqro4jSkofdoVsvY,inbound,USDH,401200,401489.13
Transfered,2022-07-02 22:06:26.000,5tGmRT8fWF8TCPbdwkw7RKnquqKJ8KKsHn8CveNnEF2WPfXSG87JTbBBp4aqFJMzCTA9eK2kWj2ubfi1MitMr3td,Esmx2QjmDZMjJ15yBJ2nhqisjEt7Gqro4jSkofdoVsvY,inbound,USDH,400001,400289.27
Transfered,2022-07-02 22:06:57.000,4A2BeL7aTseMmH88sad37D5WVhuSPPPEKDGCEM2MFjBWZJoMwZ19pyp6MC7884BdFuSaSvGhhYHbVHWFPF5dMwTr,Esmx2QjmDZMjJ15yBJ2nhqisjEt7Gqro4jSkofdoVsvY,outbound,USDH,401200,401489.13
Transfered,2022-07-02 22:07:23.000,4jMeCb7vom4a9xGC678Q5kFr2zyPzM6a1ty7arGsBiT56CiXBmkcU87itE7q9nfV6ocB6ur373Z7WjUmYhwYJwtC,Esmx2QjmDZMjJ15yBJ2nhqisjEt7Gqro4jSkofdoVsvY,inbound,USDH,60864.7,60908.57
Transfered,2022-07-02 22:07:23.000,4jMeCb7vom4a9xGC678Q5kFr2zyPzM6a1ty7arGsBiT56CiXBmkcU87itE7q9nfV6ocB6ur373Z7WjUmYhwYJwtC,Esmx2QjmDZMjJ15yBJ2nhqisjEt7Gqro4jSkofdoVsvY,outbound,USDH,401200,401489.13
Transfered,2022-07-02 20:22:46.000,56WWeSX2e56zPYARZ9pRnUrYz1M5QmxH3NvPe1kUJfyyoVWoHVfbkACDobbb2cAS1zcsNsd2anRJdZxMG9go6j7v,Esmx2QjmDZMjJ15yBJ2nhqisjEt7Gqro4jSkofdoVsvY,outbound,USDH,0,0
Transfered,2022-07-02 20:23:06.000,W755wUbpD8KusLBAhsf6xNvX4G1oZu3Y5h2tMk3z8T5tHgmq5fTHHkPsyU611Eh6AntDbYMDgMexgaLiFeReVWe,Esmx2QjmDZMjJ15yBJ2nhqisjEt7Gqro4jSkofdoVsvY,outbound,USDH,0,0
Transfered,2022-07-03 00:32:40.000,5B4QXpMfpDpaX8dg2GF5DVLz9dAiZz1sjPL45wgP7X1o9fpdgCvYKi2FHEosSQBS63uDsos37AyrKC1a4YbKohGv,Esmx2QjmDZMjJ15yBJ2nhqisjEt7Gqro4jSkofdoVsvY,outbound,MSOL,520,18027.1
Transfered,2022-07-03 00:32:40.000,5B4QXpMfpDpaX8dg2GF5DVLz9dAiZz1sjPL45wgP7X1o9fpdgCvYKi2FHEosSQBS63uDsos37AyrKC1a4YbKohGv,Esmx2QjmDZMjJ15yBJ2nhqisjEt7Gqro4jSkofdoVsvY,inbound,MSOL,520,18027.1
Transfered,2022-07-03 00:32:40.000,5B4QXpMfpDpaX8dg2GF5DVLz9dAiZz1sjPL45wgP7X1o9fpdgCvYKi2FHEosSQBS63uDsos37AyrKC1a4YbKohGv,Esmx2QjmDZMjJ15yBJ2nhqisjEt7Gqro4jSkofdoVsvY,inbound,MSOL,192.66,6678.96
Transfered,2022-07-03 00:34:51.000,7wAA7CCXj5BSxBKxTTFDq8JEz4aUFQMqPaYVGraoBGhkNU5PPDV3SPYKEdhq5K4A9uBMYMbnRwag9Q7GoRBUtm8,Esmx2QjmDZMjJ15yBJ2nhqisjEt7Gqro4jSkofdoVsvY,outbound,MSOL,961.32,33326.51
Transfered,2022-07-03 00:32:40.000,5B4QXpMfpDpaX8dg2GF5DVLz9dAiZz1sjPL45wgP7X1o9fpdgCvYKi2FHEosSQBS63uDsos37AyrKC1a4YbKohGv,Esmx2QjmDZMjJ15yBJ2nhqisjEt7Gqro4jSkofdoVsvY,inbound,MSOL,520,18027.1
Transfered,2022-07-03 00:32:40.000,5B4QXpMfpDpaX8dg2GF5DVLz9dAiZz1sjPL45wgP7X1o9fpdgCvYKi2FHEosSQBS63uDsos37AyrKC1a4YbKohGv,Esmx2QjmDZMjJ15yBJ2nhqisjEt7Gqro4jSkofdoVsvY,outbound,MSOL,521.56,18081.18
Transfered,2022-07-03 00:32:40.000,5B4QXpMfpDpaX8dg2GF5DVLz9dAiZz1sjPL45wgP7X1o9fpdgCvYKi2FHEosSQBS63uDsos37AyrKC1a4YbKohGv,Esmx2QjmDZMjJ15yBJ2nhqisjEt7Gqro4jSkofdoVsvY,outbound,MSOL,520,18027.1
Transfered,2022-07-03 00:32:40.000,5B4QXpMfpDpaX8dg2GF5DVLz9dAiZz1sjPL45wgP7X1o9fpdgCvYKi2FHEosSQBS63uDsos37AyrKC1a4YbKohGv,Esmx2QjmDZMjJ15yBJ2nhqisjEt7Gqro4jSkofdoVsvY,inbound,MSOL,192.66,6678.96
Transfered,2022-07-03 00:32:40.000,5B4QXpMfpDpaX8dg2GF5DVLz9dAiZz1sjPL45wgP7X1o9fpdgCvYKi2FHEosSQBS63uDsos37AyrKC1a4YbKohGv,Esmx2QjmDZMjJ15yBJ2nhqisjEt7Gqro4jSkofdoVsvY,inbound,MSOL,192.66,6678.96
Transfered,2022-07-03 00:32:40.000,5B4QXpMfpDpaX8dg2GF5DVLz9dAiZz1sjPL45wgP7X1o9fpdgCvYKi2FHEosSQBS63uDsos37AyrKC1a4YbKohGv,Esmx2QjmDZMjJ15yBJ2nhqisjEt7Gqro4jSkofdoVsvY,inbound,MSOL,520,18027.1
Transfered,2022-07-03 00:32:40.000,5B4QXpMfpDpaX8dg2GF5DVLz9dAiZz1sjPL45wgP7X1o9fpdgCvYKi2FHEosSQBS63uDsos37AyrKC1a4YbKohGv,Esmx2QjmDZMjJ15yBJ2nhqisjEt7Gqro4jSkofdoVsvY,inbound,MSOL,520,18027.1
Transfered,2022-07-03 00:32:40.000,5B4QXpMfpDpaX8dg2GF5DVLz9dAiZz1sjPL45wgP7X1o9fpdgCvYKi2FHEosSQBS63uDsos37AyrKC1a4YbKohGv,Esmx2QjmDZMjJ15yBJ2nhqisjEt7Gqro4jSkofdoVsvY,outbound,MSOL,520,18027.1
Transfered,2022-07-03 00:18:10.000,4nDXu6CDfysoV1tDvcGJtaHMDozsPuDCCxAa669CsgwMQQ5ZDwvqSqGUyMTg3dqf5bSqAVVutH4bq6J7WXqwmLqx,Esmx2QjmDZMjJ15yBJ2nhqisjEt7Gqro4jSkofdoVsvY,outbound,MSOL,0.28,9.83
Transfered,2022-07-03 00:32:40.000,5B4QXpMfpDpaX8dg2GF5DVLz9dAiZz1sjPL45wgP7X1o9fpdgCvYKi2FHEosSQBS63uDsos37AyrKC1a4YbKohGv,Esmx2QjmDZMjJ15yBJ2nhqisjEt7Gqro4jSkofdoVsvY,inbound,MSOL,520,18027.1
Transfered,2022-07-03 00:32:40.000,5B4QXpMfpDpaX8dg2GF5DVLz9dAiZz1sjPL45wgP7X1o9fpdgCvYKi2FHEosSQBS63uDsos37AyrKC1a4YbKohGv,Esmx2QjmDZMjJ15yBJ2nhqisjEt7Gqro4jSkofdoVsvY,inbound,MSOL,192.66,6678.96
Transfered,2022-07-03 00:32:40.000,5B4QXpMfpDpaX8dg2GF5DVLz9dAiZz1sjPL45wgP7X1o9fpdgCvYKi2FHEosSQBS63uDsos37AyrKC1a4YbKohGv,Esmx2QjmDZMjJ15yBJ2nhqisjEt7Gqro4jSkofdoVsvY,outbound,MSOL,520,18027.1
Transfered,2022-07-03 00:32:40.000,5B4QXpMfpDpaX8dg2GF5DVLz9dAiZz1sjPL45wgP7X1o9fpdgCvYKi2FHEosSQBS63uDsos37AyrKC1a4YbKohGv,Esmx2QjmDZMjJ15yBJ2nhqisjEt7Gqro4jSkofdoVsvY,inbound,MSOL,192.66,6678.96
Transfered,2022-07-03 00:34:51.000,7wAA7CCXj5BSxBKxTTFDq8JEz4aUFQMqPaYVGraoBGhkNU5PPDV3SPYKEdhq5K4A9uBMYMbnRwag9Q7GoRBUtm8,Esmx2QjmDZMjJ15yBJ2nhqisjEt7Gqro4jSkofdoVsvY,outbound,MSOL,0.72,25.01
Transfered,2022-07-03 00:17:07.000,5p5J5wW3XfGqddRJUtMjdGCPMCfTRTB4nc2k9QRa6fK6Jk9sBhFGbXTkkuvLtEFFFLitLPYNmQMkqNwwjJ5v2oQd,Esmx2QjmDZMjJ15yBJ2nhqisjEt7Gqro4jSkofdoVsvY,inbound,MSOL,0.28,9.83
Transfered,2022-07-03 00:32:40.000,5B4QXpMfpDpaX8dg2GF5DVLz9dAiZz1sjPL45wgP7X1o9fpdgCvYKi2FHEosSQBS63uDsos37AyrKC1a4YbKohGv,Esmx2QjmDZMjJ15yBJ2nhqisjEt7Gqro4jSkofdoVsvY,outbound,MSOL,520,18027.1
Transfered,2022-07-03 00:32:40.000,5B4QXpMfpDpaX8dg2GF5DVLz9dAiZz1sjPL45wgP7X1o9fpdgCvYKi2FHEosSQBS63uDsos37AyrKC1a4YbKohGv,Esmx2QjmDZMjJ15yBJ2nhqisjEt7Gqro4jSkofdoVsvY,inbound,MSOL,520,18027.1
Transfered,2022-07-03 00:32:40.000,5B4QXpMfpDpaX8dg2GF5DVLz9dAiZz1sjPL45wgP7X1o9fpdgCvYKi2FHEosSQBS63uDsos37AyrKC1a4YbKohGv,Esmx2QjmDZMjJ15yBJ2nhqisjEt7Gqro4jSkofdoVsvY,inbound,MSOL,0.31,10.82
Transfered,2022-07-02 21:57:55.000,2TLDzCCFQ2LdApQBhnXBdbYF7ebTmBgZ8MtQFjYE29BbBxHdBgAmyikmK2s76xQRQErPmR8KsE9jLFnJbJHy3Mvn,Esmx2QjmDZMjJ15yBJ2nhqisjEt7Gqro4jSkofdoVsvY,outbound,USDT,5500001,5502627.83
Transfered,2022-07-02 21:57:55.000,2TLDzCCFQ2LdApQBhnXBdbYF7ebTmBgZ8MtQFjYE29BbBxHdBgAmyikmK2s76xQRQErPmR8KsE9jLFnJbJHy3Mvn,Esmx2QjmDZMjJ15yBJ2nhqisjEt7Gqro4jSkofdoVsvY,outbound,USDT,5500001,5502627.83
Transfered,2022-07-02 21:59:12.000,6AhmXSeoDj6zsDtxRuUUGJYJfrKGGF5CjzCKuBvq7E3AFZQCXxU1ccksXi8HbARJLR3EFgbJkEVcWQYbYzUUmGd,Esmx2QjmDZMjJ15yBJ2nhqisjEt7Gqro4jSkofdoVsvY,inbound,USDT,3300,3301.58
Transfered,2022-07-02 21:59:12.000,6AhmXSeoDj6zsDtxRuUUGJYJfrKGGF5CjzCKuBvq7E3AFZQCXxU1ccksXi8HbARJLR3EFgbJkEVcWQYbYzUUmGd,Esmx2QjmDZMjJ15yBJ2nhqisjEt7Gqro4jSkofdoVsvY,inbound,USDT,5516500,5519134.71
Transfered,2022-07-02 21:59:12.000,6AhmXSeoDj6zsDtxRuUUGJYJfrKGGF5CjzCKuBvq7E3AFZQCXxU1ccksXi8HbARJLR3EFgbJkEVcWQYbYzUUmGd,Esmx2QjmDZMjJ15yBJ2nhqisjEt7Gqro4jSkofdoVsvY,inbound,USDT,446986.99,447200.47
Transfered,2022-07-02 21:59:12.000,6AhmXSeoDj6zsDtxRuUUGJYJfrKGGF5CjzCKuBvq7E3AFZQCXxU1ccksXi8HbARJLR3EFgbJkEVcWQYbYzUUmGd,Esmx2QjmDZMjJ15yBJ2nhqisjEt7Gqro4jSkofdoVsvY,inbound,USDT,5516500,5519134.71
Transfered,2022-07-02 21:59:12.000,6AhmXSeoDj6zsDtxRuUUGJYJfrKGGF5CjzCKuBvq7E3AFZQCXxU1ccksXi8HbARJLR3EFgbJkEVcWQYbYzUUmGd,Esmx2QjmDZMjJ15yBJ2nhqisjEt7Gqro4jSkofdoVsvY,inbound,USDT,5516500,5519134.71
Transfered,2022-07-02 21:59:12.000,6AhmXSeoDj6zsDtxRuUUGJYJfrKGGF5CjzCKuBvq7E3AFZQCXxU1ccksXi8HbARJLR3EFgbJkEVcWQYbYzUUmGd,Esmx2QjmDZMjJ15yBJ2nhqisjEt7Gqro4jSkofdoVsvY,outbound,USDT,5516500,5519134.71
Transfered,2022-07-02 22:53:49.000,2Z3PeH2Z9zMcq3dWuP5fdWd8k8UgpwyPT6m4tnz3gFcJo78UEs71xcmDYU3GKD4LJ5mr6JiAdvuyBqc1Gec24hKp,Esmx2QjmDZMjJ15yBJ2nhqisjEt7Gqro4jSkofdoVsvY,outbound,USDT,2378385,2379520.93
Transfered,2022-07-02 21:57:55.000,2TLDzCCFQ2LdApQBhnXBdbYF7ebTmBgZ8MtQFjYE29BbBxHdBgAmyikmK2s76xQRQErPmR8KsE9jLFnJbJHy3Mvn,Esmx2QjmDZMjJ15yBJ2nhqisjEt7Gqro4jSkofdoVsvY,inbound,USDT,445650.12,445862.96
Transfered,2022-07-02 21:59:12.000,6AhmXSeoDj6zsDtxRuUUGJYJfrKGGF5CjzCKuBvq7E3AFZQCXxU1ccksXi8HbARJLR3EFgbJkEVcWQYbYzUUmGd,Esmx2QjmDZMjJ15yBJ2nhqisjEt7Gqro4jSkofdoVsvY,inbound,USDT,446986.99,447200.47
Transfered,2022-07-02 21:57:55.000,2TLDzCCFQ2LdApQBhnXBdbYF7ebTmBgZ8MtQFjYE29BbBxHdBgAmyikmK2s76xQRQErPmR8KsE9jLFnJbJHy3Mvn,Esmx2QjmDZMjJ15yBJ2nhqisjEt7Gqro4jSkofdoVsvY,inbound,USDT,445650.12,445862.96
Transfered,2022-07-02 20:15:07.000,2eyEbjgiafifiymEHS4obac7o6Ac4cvVNg3Rxo5Y1nFfkHGxNS8j5VzVkMuhQJf3S95yNLkXT6DoPXr1EiE9bHzo,Esmx2QjmDZMjJ15yBJ2nhqisjEt7Gqro4jSkofdoVsvY,outbound,USDT,0,0
Transfered,2022-07-02 00:23:27.000,64Myb69NkkAcYZAYhAecUpvipMhCg9dUpKF8YrnSpH5GNxM9dh13C94X2JfsZEhZiJJXrS5r4RqD5AdXEz6BEjGp,Esmx2QjmDZMjJ15yBJ2nhqisjEt7Gqro4jSkofdoVsvY,inbound,USDT,1,1
Transfered,2022-07-02 20:15:36.000,54hqehiBoJ3S1ZcDXZ1wUkB9ZKUk8zJXt6RQMoKCYcBMZyJYH6aVKpZ3yWWTrvKUvhkijLyN1EX3uHG1pn4oEgTd,Esmx2QjmDZMjJ15yBJ2nhqisjEt7Gqro4jSkofdoVsvY,outbound,USDT,0,0
Transfered,2022-07-02 21:57:55.000,2TLDzCCFQ2LdApQBhnXBdbYF7ebTmBgZ8MtQFjYE29BbBxHdBgAmyikmK2s76xQRQErPmR8KsE9jLFnJbJHy3Mvn,Esmx2QjmDZMjJ15yBJ2nhqisjEt7Gqro4jSkofdoVsvY,outbound,USDT,5500001,5502627.83
Transfered,2022-07-02 21:57:55.000,2TLDzCCFQ2LdApQBhnXBdbYF7ebTmBgZ8MtQFjYE29BbBxHdBgAmyikmK2s76xQRQErPmR8KsE9jLFnJbJHy3Mvn,Esmx2QjmDZMjJ15yBJ2nhqisjEt7Gqro4jSkofdoVsvY,inbound,USDT,5500001,5502627.83
Transfered,2022-07-02 20:14:53.000,4oN1Bz4Xd4wcH274EpJ784fdcFqHAfF6za4oGV4GrMb6HwySjVyr2i97nvAncSvduehzoygexZjYvf4jL2Mq5dTv,Esmx2QjmDZMjJ15yBJ2nhqisjEt7Gqro4jSkofdoVsvY,outbound,USDT,0,0
Transfered,2022-07-02 21:57:55.000,2TLDzCCFQ2LdApQBhnXBdbYF7ebTmBgZ8MtQFjYE29BbBxHdBgAmyikmK2s76xQRQErPmR8KsE9jLFnJbJHy3Mvn,Esmx2QjmDZMjJ15yBJ2nhqisjEt7Gqro4jSkofdoVsvY,inbound,USDT,5500000,5502626.83
Transfered,2022-07-02 21:57:55.000,2TLDzCCFQ2LdApQBhnXBdbYF7ebTmBgZ8MtQFjYE29BbBxHdBgAmyikmK2s76xQRQErPmR8KsE9jLFnJbJHy3Mvn,Esmx2QjmDZMjJ15yBJ2nhqisjEt7Gqro4jSkofdoVsvY,inbound,USDT,445650.12,445862.96
Transfered,2022-07-02 21:59:12.000,6AhmXSeoDj6zsDtxRuUUGJYJfrKGGF5CjzCKuBvq7E3AFZQCXxU1ccksXi8HbARJLR3EFgbJkEVcWQYbYzUUmGd,Esmx2QjmDZMjJ15yBJ2nhqisjEt7Gqro4jSkofdoVsvY,inbound,USDT,446986.99,447200.47
Transfered,2022-07-02 21:57:55.000,2TLDzCCFQ2LdApQBhnXBdbYF7ebTmBgZ8MtQFjYE29BbBxHdBgAmyikmK2s76xQRQErPmR8KsE9jLFnJbJHy3Mvn,Esmx2QjmDZMjJ15yBJ2nhqisjEt7Gqro4jSkofdoVsvY,inbound,USDT,5500001,5502627.83
Transfered,2022-07-02 20:15:25.000,3VqWdP1gjdF8exwjQ3JLbYkbUhG5RRQSyhiqCsAxQpQJeur8oUZZaTLvGrDGzU76HLHxq4DVPDcFoLv2mwDZ13Ha,Esmx2QjmDZMjJ15yBJ2nhqisjEt7Gqro4jSkofdoVsvY,outbound,USDT,0,0
Transfered,2022-07-02 21:59:12.000,6AhmXSeoDj6zsDtxRuUUGJYJfrKGGF5CjzCKuBvq7E3AFZQCXxU1ccksXi8HbARJLR3EFgbJkEVcWQYbYzUUmGd,Esmx2QjmDZMjJ15yBJ2nhqisjEt7Gqro4jSkofdoVsvY,inbound,USDT,5458098.58,5460705.4
Transfered,2022-07-02 21:57:55.000,2TLDzCCFQ2LdApQBhnXBdbYF7ebTmBgZ8MtQFjYE29BbBxHdBgAmyikmK2s76xQRQErPmR8KsE9jLFnJbJHy3Mvn,Esmx2QjmDZMjJ15yBJ2nhqisjEt7Gqro4jSkofdoVsvY,inbound,USDT,5500001,5502627.83
Transfered,2022-07-02 21:57:55.000,2TLDzCCFQ2LdApQBhnXBdbYF7ebTmBgZ8MtQFjYE29BbBxHdBgAmyikmK2s76xQRQErPmR8KsE9jLFnJbJHy3Mvn,Esmx2QjmDZMjJ15yBJ2nhqisjEt7Gqro4jSkofdoVsvY,inbound,USDT,5500001,5502627.83
Transfered,2022-07-02 21:59:12.000,6AhmXSeoDj6zsDtxRuUUGJYJfrKGGF5CjzCKuBvq7E3AFZQCXxU1ccksXi8HbARJLR3EFgbJkEVcWQYbYzUUmGd,Esmx2QjmDZMjJ15yBJ2nhqisjEt7Gqro4jSkofdoVsvY,outbound,USDT,5516500,5519134.71
Transfered,2022-07-02 22:53:49.000,2Z3PeH2Z9zMcq3dWuP5fdWd8k8UgpwyPT6m4tnz3gFcJo78UEs71xcmDYU3GKD4LJ5mr6JiAdvuyBqc1Gec24hKp,Esmx2QjmDZMjJ15yBJ2nhqisjEt7Gqro4jSkofdoVsvY,inbound,USDT,0,0
Transfered,2022-07-02 21:59:12.000,6AhmXSeoDj6zsDtxRuUUGJYJfrKGGF5CjzCKuBvq7E3AFZQCXxU1ccksXi8HbARJLR3EFgbJkEVcWQYbYzUUmGd,Esmx2QjmDZMjJ15yBJ2nhqisjEt7Gqro4jSkofdoVsvY,inbound,USDT,5516500,5519134.71
Transfered,2022-07-02 22:27:14.000,5eWcMfXhbDhHSeGCLrrQG2JbRy8J4VgymH4DL6Vf8aJv8ggfmMEKDUZKh8hsJUAG3rqgvyThtBdAiG3miSSgspkF,Esmx2QjmDZMjJ15yBJ2nhqisjEt7Gqro4jSkofdoVsvY,outbound,USDT,1000000,1000477.6
Transfered,2022-07-02 21:57:55.000,2TLDzCCFQ2LdApQBhnXBdbYF7ebTmBgZ8MtQFjYE29BbBxHdBgAmyikmK2s76xQRQErPmR8KsE9jLFnJbJHy3Mvn,Esmx2QjmDZMjJ15yBJ2nhqisjEt7Gqro4jSkofdoVsvY,outbound,USDT,5516500,5519134.71
Transfered,2022-07-02 21:57:55.000,2TLDzCCFQ2LdApQBhnXBdbYF7ebTmBgZ8MtQFjYE29BbBxHdBgAmyikmK2s76xQRQErPmR8KsE9jLFnJbJHy3Mvn,Esmx2QjmDZMjJ15yBJ2nhqisjEt7Gqro4jSkofdoVsvY,inbound,USDT,445650.12,445862.96
Transfered,2022-07-02 20:15:02.000,4JZV6mEB5v6GX55bP7ahhhwuyY5CQxZaMUpAfsWHhgkmBEwWgmgvrJAzvvdwZtegqY2aPttBb82FUEpq4X2o1iHk,Esmx2QjmDZMjJ15yBJ2nhqisjEt7Gqro4jSkofdoVsvY,outbound,USDT,0,0
Transfered,2022-07-02 21:57:55.000,2TLDzCCFQ2LdApQBhnXBdbYF7ebTmBgZ8MtQFjYE29BbBxHdBgAmyikmK2s76xQRQErPmR8KsE9jLFnJbJHy3Mvn,Esmx2QjmDZMjJ15yBJ2nhqisjEt7Gqro4jSkofdoVsvY,outbound,USDT,5500001,5502627.83
Transfered,2022-07-02 20:15:30.000,26KCJn7pKZ8g78CdeAKoUS48btFkyi9TwxhadoENUDNbdnKEmoEoaLppAka9PM2EKp5BYiC8Msy8aJoGVicBhyrK,Esmx2QjmDZMjJ15yBJ2nhqisjEt7Gqro4jSkofdoVsvY,outbound,USDT,0,0
Transfered,2022-07-02 20:15:22.000,5V3UrPAL9HtTdBkx2KxS1XpeymzKzA9WYGJDb9bWkuereEFmaMKn6qsJe3nypnsfyZetfq4SkE84gbPHkKYCit7D,Esmx2QjmDZMjJ15yBJ2nhqisjEt7Gqro4jSkofdoVsvY,outbound,USDT,0,0
Transfered,2022-07-02 20:15:45.000,9WSpch5LhE27yAU1aPZWSCcznDiaBcUzMpCPXSAJGM5qURNedDTRain4RMppLynvr5UUhyrUWrG622bUpNtNHc9,Esmx2QjmDZMjJ15yBJ2nhqisjEt7Gqro4jSkofdoVsvY,outbound,USDT,0,0
Transfered,2022-07-02 21:59:12.000,6AhmXSeoDj6zsDtxRuUUGJYJfrKGGF5CjzCKuBvq7E3AFZQCXxU1ccksXi8HbARJLR3EFgbJkEVcWQYbYzUUmGd,Esmx2QjmDZMjJ15yBJ2nhqisjEt7Gqro4jSkofdoVsvY,inbound,USDT,446986.99,447200.47
Transfered,2022-07-02 20:15:41.000,vjKSZwFS4ws647UKJ1AWQgUAP7v5QDe6cibnemRAokTr2tHJesjgxoqSPJ4VLqdnFQpJtStD9zqBeXsrkpsZSpY,Esmx2QjmDZMjJ15yBJ2nhqisjEt7Gqro4jSkofdoVsvY,outbound,USDT,0,0
Transfered,2022-07-02 22:27:14.000,5eWcMfXhbDhHSeGCLrrQG2JbRy8J4VgymH4DL6Vf8aJv8ggfmMEKDUZKh8hsJUAG3rqgvyThtBdAiG3miSSgspkF,Esmx2QjmDZMjJ15yBJ2nhqisjEt7Gqro4jSkofdoVsvY,inbound,USDT,0.08,0.08
Transfered,2022-07-02 21:57:55.000,2TLDzCCFQ2LdApQBhnXBdbYF7ebTmBgZ8MtQFjYE29BbBxHdBgAmyikmK2s76xQRQErPmR8KsE9jLFnJbJHy3Mvn,Esmx2QjmDZMjJ15yBJ2nhqisjEt7Gqro4jSkofdoVsvY,inbound,USDT,445650.12,445862.96
Transfered,2022-07-02 21:59:12.000,6AhmXSeoDj6zsDtxRuUUGJYJfrKGGF5CjzCKuBvq7E3AFZQCXxU1ccksXi8HbARJLR3EFgbJkEVcWQYbYzUUmGd,Esmx2QjmDZMjJ15yBJ2nhqisjEt7Gqro4jSkofdoVsvY,outbound,USDT,5516500,5519134.71
Transfered,2022-07-02 21:59:12.000,6AhmXSeoDj6zsDtxRuUUGJYJfrKGGF5CjzCKuBvq7E3AFZQCXxU1ccksXi8HbARJLR3EFgbJkEVcWQYbYzUUmGd,Esmx2QjmDZMjJ15yBJ2nhqisjEt7Gqro4jSkofdoVsvY,outbound,USDT,5516500,5519134.71
Transfered,2022-07-02 21:59:12.000,6AhmXSeoDj6zsDtxRuUUGJYJfrKGGF5CjzCKuBvq7E3AFZQCXxU1ccksXi8HbARJLR3EFgbJkEVcWQYbYzUUmGd,Esmx2QjmDZMjJ15yBJ2nhqisjEt7Gqro4jSkofdoVsvY,inbound,USDT,446986.99,447200.47
Transfered,2022-07-02 21:57:55.000,2TLDzCCFQ2LdApQBhnXBdbYF7ebTmBgZ8MtQFjYE29BbBxHdBgAmyikmK2s76xQRQErPmR8KsE9jLFnJbJHy3Mvn,Esmx2QjmDZMjJ15yBJ2nhqisjEt7Gqro4jSkofdoVsvY,inbound,USDT,5500001,5502627.83
Transfered,2022-07-02 21:59:12.000,6AhmXSeoDj6zsDtxRuUUGJYJfrKGGF5CjzCKuBvq7E3AFZQCXxU1ccksXi8HbARJLR3EFgbJkEVcWQYbYzUUmGd,Esmx2QjmDZMjJ15yBJ2nhqisjEt7Gqro4jSkofdoVsvY,outbound,USDT,5516500,5519134.71
Transfered,2022-07-02 21:57:55.000,2TLDzCCFQ2LdApQBhnXBdbYF7ebTmBgZ8MtQFjYE29BbBxHdBgAmyikmK2s76xQRQErPmR8KsE9jLFnJbJHy3Mvn,Esmx2QjmDZMjJ15yBJ2nhqisjEt7Gqro4jSkofdoVsvY,inbound,USDT,3300,3301.58
Transfered,2022-07-02 20:15:16.000,2Q6ATuVZBAQ7g6phzAzpSKFT72MSdMEgicZQFJXYrepXQ95moBAuQp4r1ExDxizLbpnB3PTjrYWQFwPDEVDKz89s,Esmx2QjmDZMjJ15yBJ2nhqisjEt7Gqro4jSkofdoVsvY,outbound,USDT,0,0
Transfered,2022-07-02 21:59:12.000,6AhmXSeoDj6zsDtxRuUUGJYJfrKGGF5CjzCKuBvq7E3AFZQCXxU1ccksXi8HbARJLR3EFgbJkEVcWQYbYzUUmGd,Esmx2QjmDZMjJ15yBJ2nhqisjEt7Gqro4jSkofdoVsvY,inbound,USDT,5500000,5502626.83
Transfered,2022-07-02 21:57:55.000,2TLDzCCFQ2LdApQBhnXBdbYF7ebTmBgZ8MtQFjYE29BbBxHdBgAmyikmK2s76xQRQErPmR8KsE9jLFnJbJHy3Mvn,Esmx2QjmDZMjJ15yBJ2nhqisjEt7Gqro4jSkofdoVsvY,outbound,USDT,5500001,5502627.83
Transfered,2022-07-02 20:14:57.000,368iGyYhfXPqs2KEguN5vWXj8Hq3pfuJYad69pnMUPsUyEFLataaBuHZ7Jnc3DppGpt2oLWPwAPFhSdZ2n6dUjyJ,Esmx2QjmDZMjJ15yBJ2nhqisjEt7Gqro4jSkofdoVsvY,outbound,USDT,0,0
Transfered,2022-07-02 21:59:12.000,6AhmXSeoDj6zsDtxRuUUGJYJfrKGGF5CjzCKuBvq7E3AFZQCXxU1ccksXi8HbARJLR3EFgbJkEVcWQYbYzUUmGd,Esmx2QjmDZMjJ15yBJ2nhqisjEt7Gqro4jSkofdoVsvY,outbound,USDT,5516500,5519134.71
Transfered,2022-07-02 22:37:48.000,K94QdevVpQsNYs53knTvfTJyrqXgCgxMhJRm2QHs65pqWaoozcy716e4AeNRME23F3UUUwcFUK7wPkn7boDwFf8,Esmx2QjmDZMjJ15yBJ2nhqisjEt7Gqro4jSkofdoVsvY,outbound,USDT,1000000,1000477.6
Transfered,2022-07-02 21:32:05.000,3YgA6MUjDUjvgthKoKJ3RefCkQPGmxyGSVT4uAY8p3jSad5dkqgj8THdv7unGzSAsXKj6t3FDRZEwqbH1huxQK9d,Esmx2QjmDZMjJ15yBJ2nhqisjEt7Gqro4jSkofdoVsvY,outbound,STSOL,0,0
Transfered,2022-07-02 22:11:18.000,4q5Hs4N2FS6BeuyvgHLCgH6bKzdnAvKuLm59kxSt4REafve2ZqDt7qxVRvWwWk3jQCyhGfKwWsJFeHueXJF5Hrs9,Esmx2QjmDZMjJ15yBJ2nhqisjEt7Gqro4jSkofdoVsvY,inbound,STSOL,57000,1956310.72
Transfered,2022-07-02 22:11:18.000,4q5Hs4N2FS6BeuyvgHLCgH6bKzdnAvKuLm59kxSt4REafve2ZqDt7qxVRvWwWk3jQCyhGfKwWsJFeHueXJF5Hrs9,Esmx2QjmDZMjJ15yBJ2nhqisjEt7Gqro4jSkofdoVsvY,outbound,STSOL,57000.01,1956311.05
Transfered,2022-07-02 22:11:18.000,4q5Hs4N2FS6BeuyvgHLCgH6bKzdnAvKuLm59kxSt4REafve2ZqDt7qxVRvWwWk3jQCyhGfKwWsJFeHueXJF5Hrs9,Esmx2QjmDZMjJ15yBJ2nhqisjEt7Gqro4jSkofdoVsvY,inbound,STSOL,57000.01,1956311.05
Transfered,2022-07-02 21:30:07.000,3qNSSgVap4MAUXoMpAkYhGB1gfszWEmsEcDCigHkd1uBhacSXppKBgV5JccaAyDLp9uh67PgqZzRfdjMefaJvszY,Esmx2QjmDZMjJ15yBJ2nhqisjEt7Gqro4jSkofdoVsvY,outbound,STSOL,0,0
Transfered,2022-07-02 21:28:24.000,poeaZppCPqZzm3yzu6AjuptvtCYMff7SefASoUCtUdmaSRznbX85cF2PKdCDjGAGWLrw4ZcwxZz4gP6bQCJGLdd,Esmx2QjmDZMjJ15yBJ2nhqisjEt7Gqro4jSkofdoVsvY,outbound,STSOL,0,0
Transfered,2022-07-02 20:16:50.000,3FCf3aUaqg5hmPgVBakMCe6w12VVb1PQazFx4FudHMSW3uD1PPqERkvU7BUvyiUeHUcpNtGJpEka63qMLVNVFpkT,Esmx2QjmDZMjJ15yBJ2nhqisjEt7Gqro4jSkofdoVsvY,outbound,STSOL,0,0
Transfered,2022-07-02 00:14:33.000,YeATuiXHc1EJkJFs6eexJ6U8i1R7utU4Lv66o6pSFqPNsRGE7rYiSsjy2ae4RrXu8DnjFBVq4RqrRHecPXK1BDD,Esmx2QjmDZMjJ15yBJ2nhqisjEt7Gqro4jSkofdoVsvY,inbound,STSOL,0.01,0.33
Transfered,2022-07-02 22:11:18.000,4q5Hs4N2FS6BeuyvgHLCgH6bKzdnAvKuLm59kxSt4REafve2ZqDt7qxVRvWwWk3jQCyhGfKwWsJFeHueXJF5Hrs9,Esmx2QjmDZMjJ15yBJ2nhqisjEt7Gqro4jSkofdoVsvY,inbound,STSOL,57000.01,1956311.05
Transfered,2022-07-02 20:17:07.000,3z5UMXbs7HqQuCA74in3fZLqZQGHrRR9oWirzRWNsAkU2HYyKF5L4yK84n7JS65JPqaertCN9FLkUZBX2orbrfKn,Esmx2QjmDZMjJ15yBJ2nhqisjEt7Gqro4jSkofdoVsvY,outbound,STSOL,0,0
Transfered,2022-07-02 21:31:53.000,26GxCBMMedh45D7QWa7Gftto5RtxtStbDrhdeehd6UaVjcKHBWnnZ1eaosi9Sem5cD2ZkeWcw5sS8ik5cDTjSpvZ,Esmx2QjmDZMjJ15yBJ2nhqisjEt7Gqro4jSkofdoVsvY,outbound,STSOL,0,0
Transfered,2022-07-02 21:40:25.000,5zLbLNkcuJSTfHMAgTxpjn8Hq9vRZGfLRNtKFNXJex8hDWT4v9uUiXaf2wQmsDwxLgsss2jpEN4KkShY7hDhewMV,Esmx2QjmDZMjJ15yBJ2nhqisjEt7Gqro4jSkofdoVsvY,outbound,STSOL,0,0
Transfered,2022-07-02 20:17:15.000,2TB8P6jpac5PXTQuF9ABHNzTbYVpMM1unpARYJEZD4X8J8Dx9sgQtWNFv3E79nEFxRdfm7PrnqJWwNuCCC7swYYQ,Esmx2QjmDZMjJ15yBJ2nhqisjEt7Gqro4jSkofdoVsvY,outbound,STSOL,0,0
Transfered,2022-07-02 22:11:18.000,4q5Hs4N2FS6BeuyvgHLCgH6bKzdnAvKuLm59kxSt4REafve2ZqDt7qxVRvWwWk3jQCyhGfKwWsJFeHueXJF5Hrs9,Esmx2QjmDZMjJ15yBJ2nhqisjEt7Gqro4jSkofdoVsvY,inbound,STSOL,4157.59,142693.73
Transfered,2022-07-02 22:11:18.000,4q5Hs4N2FS6BeuyvgHLCgH6bKzdnAvKuLm59kxSt4REafve2ZqDt7qxVRvWwWk3jQCyhGfKwWsJFeHueXJF5Hrs9,Esmx2QjmDZMjJ15yBJ2nhqisjEt7Gqro4jSkofdoVsvY,inbound,STSOL,4157.59,142693.73
Transfered,2022-07-02 22:11:18.000,4q5Hs4N2FS6BeuyvgHLCgH6bKzdnAvKuLm59kxSt4REafve2ZqDt7qxVRvWwWk3jQCyhGfKwWsJFeHueXJF5Hrs9,Esmx2QjmDZMjJ15yBJ2nhqisjEt7Gqro4jSkofdoVsvY,inbound,STSOL,4157.59,142693.73
Transfered,2022-07-02 21:30:03.000,3Y1PByMEPitfexsT5zc4JCbxqfAQDqFhmxccmYCk7MBtYFxN3BAjd2zYvpx8s13D93krjYG7sihjLQJv859jdZyK,Esmx2QjmDZMjJ15yBJ2nhqisjEt7Gqro4jSkofdoVsvY,outbound,STSOL,0,0
Transfered,2022-07-02 21:28:36.000,5VmcVCzzMd9oq8frWZ79xS5Yzfx5nkywim2WjGkw8FKJjDw5HfWartd4krTcMe2m8FPXFAio5DMKhYWr8jTYKFJx,Esmx2QjmDZMjJ15yBJ2nhqisjEt7Gqro4jSkofdoVsvY,outbound,STSOL,0,0
Transfered,2022-07-02 20:17:04.000,2gtiDM7JrR9ZuFLCP5u4DsCrHX168qnZ6hG2vpWgxSvn8hMJu4wVdtUHJ3AraafXy9WJ6VUJpx3NLNqAZSs5iygo,Esmx2QjmDZMjJ15yBJ2nhqisjEt7Gqro4jSkofdoVsvY,outbound,STSOL,0,0
Transfered,2022-07-02 21:28:14.000,2dUixoGCD88qf8Hh23jJedQHPewgVGJkJGqBKDjbcYY5fbZaLTykRj51fBVtYmGoN2Eem2ujpmiGoNKj8bUUMwHd,Esmx2QjmDZMjJ15yBJ2nhqisjEt7Gqro4jSkofdoVsvY,outbound,STSOL,0,0
Transfered,2022-07-02 21:29:56.000,5dPJCMFPESSc6AzCibUckC7fip5WouodbPiESn5g1EmY11JCQRLq4adYsA826oufDPLLcyPyt3pEXF1GsF2cgZU8,Esmx2QjmDZMjJ15yBJ2nhqisjEt7Gqro4jSkofdoVsvY,outbound,STSOL,0,0
Transfered,2022-07-02 22:11:18.000,4q5Hs4N2FS6BeuyvgHLCgH6bKzdnAvKuLm59kxSt4REafve2ZqDt7qxVRvWwWk3jQCyhGfKwWsJFeHueXJF5Hrs9,Esmx2QjmDZMjJ15yBJ2nhqisjEt7Gqro4jSkofdoVsvY,inbound,STSOL,34.2,1173.79
Transfered,2022-07-02 22:11:18.000,4q5Hs4N2FS6BeuyvgHLCgH6bKzdnAvKuLm59kxSt4REafve2ZqDt7qxVRvWwWk3jQCyhGfKwWsJFeHueXJF5Hrs9,Esmx2QjmDZMjJ15yBJ2nhqisjEt7Gqro4jSkofdoVsvY,outbound,STSOL,57000.01,1956311.05
Transfered,2022-07-02 22:11:18.000,4q5Hs4N2FS6BeuyvgHLCgH6bKzdnAvKuLm59kxSt4REafve2ZqDt7qxVRvWwWk3jQCyhGfKwWsJFeHueXJF5Hrs9,Esmx2QjmDZMjJ15yBJ2nhqisjEt7Gqro4jSkofdoVsvY,outbound,STSOL,57000.01,1956311.05
Transfered,2022-07-02 22:14:13.000,4cpTBtejDs5zGnzqmb4DCt4Qh5htkbmf6waJkcA92Eze3trmFfA7MceSMWSBQ95DbMdZNxfF6pPjdXydEouQ1Twm,Esmx2QjmDZMjJ15yBJ2nhqisjEt7Gqro4jSkofdoVsvY,outbound,STSOL,20651.17,708773.81
Transfered,2022-07-02 21:28:33.000,4hb3WgGPaWVGA3Vkm9DVGsiSij5WtN3beDjd1LhkFpvYkNAmC7JcKFEFtJWnJsnWdK5FrgmbjxuEgfGz7Rp6KwT5,Esmx2QjmDZMjJ15yBJ2nhqisjEt7Gqro4jSkofdoVsvY,outbound,STSOL,0,0
Transfered,2022-07-02 20:17:12.000,5ykwgSend7YSheDprAfS6dUZsDHJHA2DVaMsKqzse1CTZ7Lwg6eLkswBv18PoAEiKXS665aq9x7g3W7AYAR7R6o3,Esmx2QjmDZMjJ15yBJ2nhqisjEt7Gqro4jSkofdoVsvY,outbound,STSOL,0,0
Transfered,2022-07-02 21:40:03.000,KHSX2gK7W6vXSfMLSL5fJFvMHnZjkRTkEPBeehUHKWZuYApLUfiBum8fdLtbL4seMBQSEgiupibgG2kEP34Lq9P,Esmx2QjmDZMjJ15yBJ2nhqisjEt7Gqro4jSkofdoVsvY,outbound,STSOL,0,0
Transfered,2022-07-02 22:11:18.000,4q5Hs4N2FS6BeuyvgHLCgH6bKzdnAvKuLm59kxSt4REafve2ZqDt7qxVRvWwWk3jQCyhGfKwWsJFeHueXJF5Hrs9,Esmx2QjmDZMjJ15yBJ2nhqisjEt7Gqro4jSkofdoVsvY,inbound,STSOL,4157.59,142693.73
Transfered,2022-07-02 22:11:18.000,4q5Hs4N2FS6BeuyvgHLCgH6bKzdnAvKuLm59kxSt4REafve2ZqDt7qxVRvWwWk3jQCyhGfKwWsJFeHueXJF5Hrs9,Esmx2QjmDZMjJ15yBJ2nhqisjEt7Gqro4jSkofdoVsvY,inbound,STSOL,4157.59,142693.73
Transfered,2022-07-02 21:30:00.000,61txr8iTAn41DvXSLebNjzii7VQmj4cEsXrZjdvRnBahdRDX88ojYD4TxXXt19kvLdLDMe8raCRb6LA5mikhrBZV,Esmx2QjmDZMjJ15yBJ2nhqisjEt7Gqro4jSkofdoVsvY,outbound,STSOL,0,0
Transfered,2022-07-02 22:11:18.000,4q5Hs4N2FS6BeuyvgHLCgH6bKzdnAvKuLm59kxSt4REafve2ZqDt7qxVRvWwWk3jQCyhGfKwWsJFeHueXJF5Hrs9,Esmx2QjmDZMjJ15yBJ2nhqisjEt7Gqro4jSkofdoVsvY,outbound,STSOL,57000.01,1956311.05
Transfered,2022-07-02 22:11:18.000,4q5Hs4N2FS6BeuyvgHLCgH6bKzdnAvKuLm59kxSt4REafve2ZqDt7qxVRvWwWk3jQCyhGfKwWsJFeHueXJF5Hrs9,Esmx2QjmDZMjJ15yBJ2nhqisjEt7Gqro4jSkofdoVsvY,outbound,STSOL,57000.01,1956311.05
Transfered,2022-07-02 21:32:09.000,3hEpeBtdyuqTEnM1G1ZtUEKNaBSjVNsUC83Px1NqyXebRQwuynNzS9ykuieE8H4LMhV5daaDKKcqH6zdke6UHwQn,Esmx2QjmDZMjJ15yBJ2nhqisjEt7Gqro4jSkofdoVsvY,outbound,STSOL,0,0
Transfered,2022-07-02 21:32:01.000,5m4qnpfb2PZkG1TtEVL9zLLdUVjLLNYr4zd1zNV9Z2G5WJzMCw4kbeWuQRBURWtyDT83ZBAy7pBvnjLmDkkRqFBe,Esmx2QjmDZMjJ15yBJ2nhqisjEt7Gqro4jSkofdoVsvY,outbound,STSOL,0,0
Transfered,2022-07-02 22:11:18.000,4q5Hs4N2FS6BeuyvgHLCgH6bKzdnAvKuLm59kxSt4REafve2ZqDt7qxVRvWwWk3jQCyhGfKwWsJFeHueXJF5Hrs9,Esmx2QjmDZMjJ15yBJ2nhqisjEt7Gqro4jSkofdoVsvY,inbound,STSOL,57000.01,1956311.05
Transfered,2022-07-02 20:17:37.000,5SX5ZbcBewQDXJ19GDWW2bSWXQksias6Gg6aKKHJiJLcEUQSxC7yFZkNnj8SYLukwpxymQiNrxeP8JMsRqTKoXnG,Esmx2QjmDZMjJ15yBJ2nhqisjEt7Gqro4jSkofdoVsvY,outbound,STSOL,0,0
Transfered,2022-07-02 21:31:47.000,5fbYim9VrVXy3XxNHUsKzdk2K1QWUrzReKDqfgzkfe5JZUdYF67qLB47Akp9m5S3TF3BdkLKwj4S2zTSyx2cSomd,Esmx2QjmDZMjJ15yBJ2nhqisjEt7Gqro4jSkofdoVsvY,outbound,STSOL,0,0
Transfered,2022-07-02 21:40:08.000,wc1tFsVKBdxcq28qU3LiHhmhH8FyBHiDT5d1LVNPuU5DhmjBRWYQK6eswHn6BjqAbR99SDMDt6RohrsJ6FC85mt,Esmx2QjmDZMjJ15yBJ2nhqisjEt7Gqro4jSkofdoVsvY,outbound,STSOL,0,0
Transfered,2022-07-02 21:28:47.000,mTvfhkxDX25JRwhC9fQhSMtBQDjx7CR4FBBp1WhB93WbZJosRyFQtbeAs3vCTkBwyjdfkZ194VNCVMUtH2t75Q9,Esmx2QjmDZMjJ15yBJ2nhqisjEt7Gqro4jSkofdoVsvY,outbound,STSOL,0,0
Transfered,2022-07-02 20:16:47.000,32UnWevA7NK54gRGmyUhpfMhhmGYj8Mo6PUVdGogTCCLsbuDpFjcBbmNop8qWUfqLSshoqTx9G2PNPJT93o44kYE,Esmx2QjmDZMjJ15yBJ2nhqisjEt7Gqro4jSkofdoVsvY,outbound,STSOL,0,0
Transfered,2022-07-02 20:17:21.000,3m7MgD8P69hrd8HZFDdyFzSvJ63HPz7R6pqqR1wM2jPwDtW2apfvumx8gYsiWJjunbokzgiA1W8gN7gLwhmyss6H,Esmx2QjmDZMjJ15yBJ2nhqisjEt7Gqro4jSkofdoVsvY,outbound,STSOL,0,0
Transfered,2022-07-02 22:11:18.000,4q5Hs4N2FS6BeuyvgHLCgH6bKzdnAvKuLm59kxSt4REafve2ZqDt7qxVRvWwWk3jQCyhGfKwWsJFeHueXJF5Hrs9,Esmx2QjmDZMjJ15yBJ2nhqisjEt7Gqro4jSkofdoVsvY,inbound,STSOL,57000.01,1956311.05
Transfered,2022-07-02 22:11:18.000,4q5Hs4N2FS6BeuyvgHLCgH6bKzdnAvKuLm59kxSt4REafve2ZqDt7qxVRvWwWk3jQCyhGfKwWsJFeHueXJF5Hrs9,Esmx2QjmDZMjJ15yBJ2nhqisjEt7Gqro4jSkofdoVsvY,outbound,STSOL,57171,1962179.65
Transfered,2022-07-02 20:17:30.000,2QqRQfRJDrSjurF1tD4p6s9kQFyaYTzsv9HGqC9Z5Qc2amK1hHniDNMTSrfDg7HMBw8MXC4SRJCy4xZuqsWUQFcz,Esmx2QjmDZMjJ15yBJ2nhqisjEt7Gqro4jSkofdoVsvY,outbound,STSOL,0,0
Transfered,2022-07-02 21:32:07.000,3uMXRpSUkBwaie2HyiANu6LbVRBWUo9QvMvQSV9AAiuVjNxHMz96Zq3nkJvcKPwfDKtAmJ4TAYM17aupdC5gfMCV,Esmx2QjmDZMjJ15yBJ2nhqisjEt7Gqro4jSkofdoVsvY,outbound,STSOL,0,0
Transfered,2022-07-02 21:28:44.000,2QdNAbabVqhJS2bcbdMgZcS4Dfaxr212ZwNqxfgyvPkfb62pK9b5z2kZoAahP8Pi8xzcQaNuFCddD1r5H21JGapR,Esmx2QjmDZMjJ15yBJ2nhqisjEt7Gqro4jSkofdoVsvY,outbound,STSOL,0,0
Transfered,2022-07-02 21:28:19.000,5KvpcjNiMeaR4isjKgt2mqip6txrWPgfKwnhGvUMHWJaRLXMqW1c7vLsHLqA759Hb3Pj4yR4M6KbiB8TfFHc3R8B,Esmx2QjmDZMjJ15yBJ2nhqisjEt7Gqro4jSkofdoVsvY,outbound,STSOL,0,0
Transfered,2022-07-02 21:32:25.000,4ixfhxTMWGuKEqa3xC27rdPayvZzEFeiEj2rozhWjSwrAUHmHHgivkb4xTzuaCKWGnHKLfVNPbVANcRmpmFTze1F,Esmx2QjmDZMjJ15yBJ2nhqisjEt7Gqro4jSkofdoVsvY,outbound,STSOL,0,0
Transfered,2022-07-02 21:32:23.000,3wrQ8x9MCdgJQ2NWcnaZKgabBGswk7GMdNP7DoJ9wPRXsyv1Mtf5NDX3u3pKt7cV67QzRLcr1tYggZARUMPbg1aG,Esmx2QjmDZMjJ15yBJ2nhqisjEt7Gqro4jSkofdoVsvY,outbound,STSOL,0,0
Transfered,2022-07-02 20:16:40.000,27pHBRpKDiNAc4gurzwgd5WuTsFSPEvvxLnXUQCh1LWbmZnG6vyXyoYFsg9Bo2WVZKXRboCMUEGrxQD1oXxWmppp,Esmx2QjmDZMjJ15yBJ2nhqisjEt7Gqro4jSkofdoVsvY,outbound,STSOL,0,0
Transfered,2022-07-02 22:11:18.000,4q5Hs4N2FS6BeuyvgHLCgH6bKzdnAvKuLm59kxSt4REafve2ZqDt7qxVRvWwWk3jQCyhGfKwWsJFeHueXJF5Hrs9,Esmx2QjmDZMjJ15yBJ2nhqisjEt7Gqro4jSkofdoVsvY,inbound,STSOL,57000.01,1956311.05
Transfered,2022-07-02 20:17:32.000,4YvEScJVF2E4yfmSES9J6aanPS3ZciejGHUQRfrURnaCJQFCwrVzWdEb5wxmWijW5UZ9esoVacPPLyeCKTm6QRWk,Esmx2QjmDZMjJ15yBJ2nhqisjEt7Gqro4jSkofdoVsvY,outbound,STSOL,0,0
Transfered,2022-07-02 21:28:28.000,WM9zWVmYf312xvm6yMkfh9griZgytB86PS5n2wdBwz8yye3KXHdxPnYX1PzfYJjaX7isP4Y72nPpLsHNwCpJ9Zx,Esmx2QjmDZMjJ15yBJ2nhqisjEt7Gqro4jSkofdoVsvY,outbound,STSOL,0,0
﻿