TIME_GAP,NARRATION,EVENT,BLOCK_TIMESTAMP,TX_ID,EXPLOITER,ROUTE,SYMBOL,AMOUNT,AMOUNT_USD
0,Exploiter Transfered 0.01MSOL from HS5GnRmXkeC8j2a6wJVaNhKNEbdrgeQJ1d3JL2x82g8Q worth 0.33USD 0 minutes later,Transfered,2022-07-02 00:14:25.000,5dcH1VQPMU8HKDy9rDsBco2A85Rn9knL4Bfes9t3m6eYGpgzDp6qSnXsHQGx9yrMNjfhsTrKtc3D42ULm25QvT9N,Esmx2QjmDZMjJ15yBJ2nhqisjEt7Gqro4jSkofdoVsvY,from HS5GnRmXkeC8j2a6wJVaNhKNEbdrgeQJ1d3JL2x82g8Q,MSOL,0.01,0.33
0,Exploiter Transfered 0.01SOL to HS5GnRmXkeC8j2a6wJVaNhKNEbdrgeQJ1d3JL2x82g8Q worth 0.33USD 0 minutes later,Transfered,2022-07-02 00:14:25.000,5dcH1VQPMU8HKDy9rDsBco2A85Rn9knL4Bfes9t3m6eYGpgzDp6qSnXsHQGx9yrMNjfhsTrKtc3D42ULm25QvT9N,Esmx2QjmDZMjJ15yBJ2nhqisjEt7Gqro4jSkofdoVsvY,to HS5GnRmXkeC8j2a6wJVaNhKNEbdrgeQJ1d3JL2x82g8Q,SOL,0.01,0.33
0,Exploiter Transfered 0.01STSOL from 6kDhKM8rDR4DXvwUpao4UA6JtCZfooAgMhicePmUNeJu worth 0.33USD 0 minutes later,Transfered,2022-07-02 00:14:33.000,YeATuiXHc1EJkJFs6eexJ6U8i1R7utU4Lv66o6pSFqPNsRGE7rYiSsjy2ae4RrXu8DnjFBVq4RqrRHecPXK1BDD,Esmx2QjmDZMjJ15yBJ2nhqisjEt7Gqro4jSkofdoVsvY,from 6kDhKM8rDR4DXvwUpao4UA6JtCZfooAgMhicePmUNeJu,STSOL,0.01,0.33
0,Exploiter Transfered 0.01SOL to 6kDhKM8rDR4DXvwUpao4UA6JtCZfooAgMhicePmUNeJu worth 0.33USD 0 minutes later,Transfered,2022-07-02 00:14:33.000,YeATuiXHc1EJkJFs6eexJ6U8i1R7utU4Lv66o6pSFqPNsRGE7rYiSsjy2ae4RrXu8DnjFBVq4RqrRHecPXK1BDD,Esmx2QjmDZMjJ15yBJ2nhqisjEt7Gqro4jSkofdoVsvY,to 6kDhKM8rDR4DXvwUpao4UA6JtCZfooAgMhicePmUNeJu,SOL,0.01,0.33
2,Exploiter Swapped 1SOL to 33.102978USDC worth 32.97USD 2 minutes later,Swapped,2022-07-02 00:16:04.000,31iq3TuevxHqw9iNekMF1FNGCTh1q7UXESmnZ9rpDRdT2JArp8tUDhzKMtKHZJp9Sjvhwk5gSUUCVgWJ9qcNu4FX,Esmx2QjmDZMjJ15yBJ2nhqisjEt7Gqro4jSkofdoVsvY,to 33.102978USDC,SOL,1,32.97
0,Exploiter Transfered 33.1USDC from EqLZKF1bwUWUzU5F21jDQMoK4HRx8wQpLt57jhP8LbKm worth 33.15USD 0 minutes later,Transfered,2022-07-02 00:16:04.000,31iq3TuevxHqw9iNekMF1FNGCTh1q7UXESmnZ9rpDRdT2JArp8tUDhzKMtKHZJp9Sjvhwk5gSUUCVgWJ9qcNu4FX,Esmx2QjmDZMjJ15yBJ2nhqisjEt7Gqro4jSkofdoVsvY,from EqLZKF1bwUWUzU5F21jDQMoK4HRx8wQpLt57jhP8LbKm,USDC,33.1,33.15
0,Exploiter Transfered 1SOL to EqLZKF1bwUWUzU5F21jDQMoK4HRx8wQpLt57jhP8LbKm worth 32.85USD 0 minutes later,Transfered,2022-07-02 00:16:04.000,31iq3TuevxHqw9iNekMF1FNGCTh1q7UXESmnZ9rpDRdT2JArp8tUDhzKMtKHZJp9Sjvhwk5gSUUCVgWJ9qcNu4FX,Esmx2QjmDZMjJ15yBJ2nhqisjEt7Gqro4jSkofdoVsvY,to EqLZKF1bwUWUzU5F21jDQMoK4HRx8wQpLt57jhP8LbKm,SOL,1,32.85
7,Exploiter Transfered 1USDC to HsYb453638e4ZwykZj4PHNwFiXHauV9UuNL3mCmFkZzh worth 1USD 7 minutes later,Transfered,2022-07-02 00:23:27.000,64Myb69NkkAcYZAYhAecUpvipMhCg9dUpKF8YrnSpH5GNxM9dh13C94X2JfsZEhZiJJXrS5r4RqD5AdXEz6BEjGp,Esmx2QjmDZMjJ15yBJ2nhqisjEt7Gqro4jSkofdoVsvY,to HsYb453638e4ZwykZj4PHNwFiXHauV9UuNL3mCmFkZzh,USDC,1,1
0,Exploiter Transfered 1USDT from HsYb453638e4ZwykZj4PHNwFiXHauV9UuNL3mCmFkZzh worth 1USD 0 minutes later,Transfered,2022-07-02 00:23:27.000,64Myb69NkkAcYZAYhAecUpvipMhCg9dUpKF8YrnSpH5GNxM9dh13C94X2JfsZEhZiJJXrS5r4RqD5AdXEz6BEjGp,Esmx2QjmDZMjJ15yBJ2nhqisjEt7Gqro4jSkofdoVsvY,from HsYb453638e4ZwykZj4PHNwFiXHauV9UuNL3mCmFkZzh,USDT,1,1
0,Exploiter Transfered 1USDC to HRWwcA1VZnG9r2k9BHpR3PjbYuK9qUmcqrEWrhc9je5W worth 1USD 0 minutes later,Transfered,2022-07-02 00:23:59.000,4QH3iVGHyddYHMDqVj1p73kNgAeU17JyrNgGbvV2Faq4LJ6skL7a9aCYZYqEXSYhP2DmosVjGyGKMm15T9JstCfc,Esmx2QjmDZMjJ15yBJ2nhqisjEt7Gqro4jSkofdoVsvY,to HRWwcA1VZnG9r2k9BHpR3PjbYuK9qUmcqrEWrhc9je5W,USDC,1,1
0,Exploiter Transfered 1PAI from HRWwcA1VZnG9r2k9BHpR3PjbYuK9qUmcqrEWrhc9je5W worth 1USD 0 minutes later,Transfered,2022-07-02 00:23:59.000,4QH3iVGHyddYHMDqVj1p73kNgAeU17JyrNgGbvV2Faq4LJ6skL7a9aCYZYqEXSYhP2DmosVjGyGKMm15T9JstCfc,Esmx2QjmDZMjJ15yBJ2nhqisjEt7Gqro4jSkofdoVsvY,from HRWwcA1VZnG9r2k9BHpR3PjbYuK9qUmcqrEWrhc9je5W,PAI,1,1
1,Exploiter Transfered 1USDH from 61o5FKQ7h2BFB1SVVBXqtiGy4oAy2wcNuDXoxUdAYWQq worth 1USD 1 minutes later,Transfered,2022-07-02 00:24:15.000,A1Rv4rxWZfWDqTbX8GyaV1A4V5ti3saKfPmtMKRcJNV9Tax9Hu2aQfALWFFiP7oNWDpjAJQCrffedGs5uPhXQ96,Esmx2QjmDZMjJ15yBJ2nhqisjEt7Gqro4jSkofdoVsvY,from 61o5FKQ7h2BFB1SVVBXqtiGy4oAy2wcNuDXoxUdAYWQq,USDH,1,1
0,Exploiter Transfered 1USDC to 61o5FKQ7h2BFB1SVVBXqtiGy4oAy2wcNuDXoxUdAYWQq worth 1USD 0 minutes later,Transfered,2022-07-02 00:24:15.000,A1Rv4rxWZfWDqTbX8GyaV1A4V5ti3saKfPmtMKRcJNV9Tax9Hu2aQfALWFFiP7oNWDpjAJQCrffedGs5uPhXQ96,Esmx2QjmDZMjJ15yBJ2nhqisjEt7Gqro4jSkofdoVsvY,to 61o5FKQ7h2BFB1SVVBXqtiGy4oAy2wcNuDXoxUdAYWQq,USDC,1,1
22,Exploiter Transfered 1USDC to 3m15qNJDM5zydsYNJzkFYXE7iGCVnkKz1mrmbawrDUAH worth 1USD 22 minutes later,Transfered,2022-07-02 00:46:04.000,5dRfhE9qLxKbbTm7iXX9WFt8hgpJBmefC9i3VAPi9jULkgmJwo5V1d3TzETN3xNDvAxspSmRqLrJcBcfFa97bxs7,Esmx2QjmDZMjJ15yBJ2nhqisjEt7Gqro4jSkofdoVsvY,to 3m15qNJDM5zydsYNJzkFYXE7iGCVnkKz1mrmbawrDUAH,USDC,1,1
0,Exploiter Transfered 1USDCET from 3m15qNJDM5zydsYNJzkFYXE7iGCVnkKz1mrmbawrDUAH worth 1USD 0 minutes later,Transfered,2022-07-02 00:46:04.000,5dRfhE9qLxKbbTm7iXX9WFt8hgpJBmefC9i3VAPi9jULkgmJwo5V1d3TzETN3xNDvAxspSmRqLrJcBcfFa97bxs7,Esmx2QjmDZMjJ15yBJ2nhqisjEt7Gqro4jSkofdoVsvY,from 3m15qNJDM5zydsYNJzkFYXE7iGCVnkKz1mrmbawrDUAH,USDCET,1,1
0,Exploiter Swapped 1USDC to 1.000025USDCET worth 1USD 0 minutes later,Swapped,2022-07-02 00:46:04.000,5dRfhE9qLxKbbTm7iXX9WFt8hgpJBmefC9i3VAPi9jULkgmJwo5V1d3TzETN3xNDvAxspSmRqLrJcBcfFa97bxs7,Esmx2QjmDZMjJ15yBJ2nhqisjEt7Gqro4jSkofdoVsvY,to 1.000025USDCET,USDC,1,1
58,Exploiter Transfered 0MSOL to HS5GnRmXkeC8j2a6wJVaNhKNEbdrgeQJ1d3JL2x82g8Q worth 0USD 58 minutes later,Transfered,2022-07-02 01:44:53.000,2ccJJaxxonmGmKcbx7MH2dDmjKo2j2S3RrWGkZWPEouu6LEFgPiLHkLmfnSAvJx6uHVv23xURk5dNtFstoMLCaJU,Esmx2QjmDZMjJ15yBJ2nhqisjEt7Gqro4jSkofdoVsvY,to HS5GnRmXkeC8j2a6wJVaNhKNEbdrgeQJ1d3JL2x82g8Q,MSOL,0,0
0,Exploiter Transfered 0MSOL to HS5GnRmXkeC8j2a6wJVaNhKNEbdrgeQJ1d3JL2x82g8Q worth 0USD 0 minutes later,Transfered,2022-07-02 01:44:55.000,2G5McnKR3rbVUwBJSn9MTxVD5EaFsF1oxnvhex9m5ptKuxunYLHrjL4RSNYogjR3ozCyMpdups7XaH8v18VewXkS,Esmx2QjmDZMjJ15yBJ2nhqisjEt7Gqro4jSkofdoVsvY,to HS5GnRmXkeC8j2a6wJVaNhKNEbdrgeQJ1d3JL2x82g8Q,MSOL,0,0
0,Exploiter Transfered 0MSOL to HS5GnRmXkeC8j2a6wJVaNhKNEbdrgeQJ1d3JL2x82g8Q worth 0USD 0 minutes later,Transfered,2022-07-02 01:44:58.000,3QJzrVKsRBCzbu9MUHpgS1pn2HBKzsyUmuoQDV1UiQsJG6iixYEmTnYxAg5LSwrf2cq6oNXrJ5dDHzkJ481VK8rT,Esmx2QjmDZMjJ15yBJ2nhqisjEt7Gqro4jSkofdoVsvY,to HS5GnRmXkeC8j2a6wJVaNhKNEbdrgeQJ1d3JL2x82g8Q,MSOL,0,0
1,Exploiter Transfered 0MSOL to HS5GnRmXkeC8j2a6wJVaNhKNEbdrgeQJ1d3JL2x82g8Q worth 0USD 1 minutes later,Transfered,2022-07-02 01:45:03.000,3fsCzLBHdgPYtEgDPoEJo8kKVWsML6WXzkmqNm8ygnV2xdD9mTtwBJdvyFi8GxDnfkqwcCBJWPKUAJADS3NyuXcc,Esmx2QjmDZMjJ15yBJ2nhqisjEt7Gqro4jSkofdoVsvY,to HS5GnRmXkeC8j2a6wJVaNhKNEbdrgeQJ1d3JL2x82g8Q,MSOL,0,0
0,Exploiter Transfered 0MSOL to HS5GnRmXkeC8j2a6wJVaNhKNEbdrgeQJ1d3JL2x82g8Q worth 0USD 0 minutes later,Transfered,2022-07-02 01:45:04.000,DRokD5CrZcHYxpgxhJ9swQfPagrBX1ciSQKJxt2gcnR5ZzKm9jpo9c148xF4rZSpTd3JirF9s2VobwbU2JHxaZm,Esmx2QjmDZMjJ15yBJ2nhqisjEt7Gqro4jSkofdoVsvY,to HS5GnRmXkeC8j2a6wJVaNhKNEbdrgeQJ1d3JL2x82g8Q,MSOL,0,0
0,Exploiter Transfered 0MSOL to HS5GnRmXkeC8j2a6wJVaNhKNEbdrgeQJ1d3JL2x82g8Q worth 0USD 0 minutes later,Transfered,2022-07-02 01:45:06.000,5jr1K7dfBKhtQbUpJgDjyxRv4CaHWq27cqZrerazRkbmZw42s9z5qCDfvV32cDhyTHq23ZZLUh1MKAdvhvfHmrZ6,Esmx2QjmDZMjJ15yBJ2nhqisjEt7Gqro4jSkofdoVsvY,to HS5GnRmXkeC8j2a6wJVaNhKNEbdrgeQJ1d3JL2x82g8Q,MSOL,0,0
0,Exploiter Transfered 0MSOL to HS5GnRmXkeC8j2a6wJVaNhKNEbdrgeQJ1d3JL2x82g8Q worth 0USD 0 minutes later,Transfered,2022-07-02 01:45:09.000,3CMXU3XxkGHr6X17SNpXzwEjRLgeJU5y9To1DYpC2zSLFEnYKhqH9ibkf2EjvraBxCJGaiNo16NmreKcPyrYQycB,Esmx2QjmDZMjJ15yBJ2nhqisjEt7Gqro4jSkofdoVsvY,to HS5GnRmXkeC8j2a6wJVaNhKNEbdrgeQJ1d3JL2x82g8Q,MSOL,0,0
0,Exploiter Transfered 0MSOL to HS5GnRmXkeC8j2a6wJVaNhKNEbdrgeQJ1d3JL2x82g8Q worth 0USD 0 minutes later,Transfered,2022-07-02 01:45:11.000,3jCdAYLcDAGtAAPvZKfNCe5Q2PQWp69Vkxc8bXmd1SxYXimMkA9s4PRPUiZSar9jECU1fY6KPMCo9tH86sD1LD9B,Esmx2QjmDZMjJ15yBJ2nhqisjEt7Gqro4jSkofdoVsvY,to HS5GnRmXkeC8j2a6wJVaNhKNEbdrgeQJ1d3JL2x82g8Q,MSOL,0,0
0,Exploiter Transfered 0MSOL to HS5GnRmXkeC8j2a6wJVaNhKNEbdrgeQJ1d3JL2x82g8Q worth 0USD 0 minutes later,Transfered,2022-07-02 01:45:14.000,3oaxNiZ8ygzT5otT5SQ19LHc1g7qqXkmTBRMdk8vtPojVZKZ2A1UGKrNey8Ww2CiPx6DTDQTTbWVB9jWjexAgiJd,Esmx2QjmDZMjJ15yBJ2nhqisjEt7Gqro4jSkofdoVsvY,to HS5GnRmXkeC8j2a6wJVaNhKNEbdrgeQJ1d3JL2x82g8Q,MSOL,0,0
0,Exploiter Transfered 0MSOL to HS5GnRmXkeC8j2a6wJVaNhKNEbdrgeQJ1d3JL2x82g8Q worth 0USD 0 minutes later,Transfered,2022-07-02 01:45:18.000,53NrfapvPBRkY4E6Jc8tFiF6wh28YAiMu6bVtJN1mg1FtwCDhf3EarnhzEdVLkKm9RRDSBGy3mg94KrmExC2bgmM,Esmx2QjmDZMjJ15yBJ2nhqisjEt7Gqro4jSkofdoVsvY,to HS5GnRmXkeC8j2a6wJVaNhKNEbdrgeQJ1d3JL2x82g8Q,MSOL,0,0
0,Exploiter Transfered 0MSOL to HS5GnRmXkeC8j2a6wJVaNhKNEbdrgeQJ1d3JL2x82g8Q worth 0USD 0 minutes later,Transfered,2022-07-02 01:45:21.000,53ABuuWa6CXFmzGvPSp9u1tg5iMajHthRdqFJX73WaXTnFqVqFpuyrRk8Vh7QpomdHuD78JtnSsMYNTbq82aTJAM,Esmx2QjmDZMjJ15yBJ2nhqisjEt7Gqro4jSkofdoVsvY,to HS5GnRmXkeC8j2a6wJVaNhKNEbdrgeQJ1d3JL2x82g8Q,MSOL,0,0
812,Exploiter Transfered 0MSOL to AufL1ZuuAZoX7jBw8kECvjUYjfhWqZm13hbXeqnLMhFu worth 0USD 812 minutes later,Transfered,2022-07-02 15:17:23.000,4gQSufmZ7Fq7cjk24Vu2ZB2u443xeym7RPoUqCJ5mSWDJdn1su7eQC231q3VsU9tMy6qDapdsL1tgAyCGgycjVj,Esmx2QjmDZMjJ15yBJ2nhqisjEt7Gqro4jSkofdoVsvY,to AufL1ZuuAZoX7jBw8kECvjUYjfhWqZm13hbXeqnLMhFu,MSOL,0,0
0,Exploiter Transfered 0MSOL to EyaSjUtSgo9aRD1f8LWXwdvkpDTmXAW54yoSHZRF14WL worth 0.03USD 0 minutes later,Transfered,2022-07-02 15:17:23.000,4gQSufmZ7Fq7cjk24Vu2ZB2u443xeym7RPoUqCJ5mSWDJdn1su7eQC231q3VsU9tMy6qDapdsL1tgAyCGgycjVj,Esmx2QjmDZMjJ15yBJ2nhqisjEt7Gqro4jSkofdoVsvY,to EyaSjUtSgo9aRD1f8LWXwdvkpDTmXAW54yoSHZRF14WL,MSOL,0,0.03
219,Exploiter Transfered 0PAI to HRWwcA1VZnG9r2k9BHpR3PjbYuK9qUmcqrEWrhc9je5W worth 0USD 219 minutes later,Transfered,2022-07-02 18:56:06.000,2Vz6Fe5Af9HkVUCyds9JNLqEuFdEyNe7UCmhCbBcSExsUo3Ak9BQecrzptaDNHRgfZiUQLAw9Drh3mZPBPHPKEeV,Esmx2QjmDZMjJ15yBJ2nhqisjEt7Gqro4jSkofdoVsvY,to HRWwcA1VZnG9r2k9BHpR3PjbYuK9qUmcqrEWrhc9je5W,PAI,0,0
0,Exploiter Transfered 0PAI to HRWwcA1VZnG9r2k9BHpR3PjbYuK9qUmcqrEWrhc9je5W worth 0USD 0 minutes later,Transfered,2022-07-02 18:56:10.000,5f4CcNyFfore948JTHbjpaHT26od12ecwThA8dfyA5YcGquSTuW1ajpWUrGfAaTVSGT7hzg9N6daY8BZZgsdQX5C,Esmx2QjmDZMjJ15yBJ2nhqisjEt7Gqro4jSkofdoVsvY,to HRWwcA1VZnG9r2k9BHpR3PjbYuK9qUmcqrEWrhc9je5W,PAI,0,0
0,Exploiter Transfered 0PAI to HRWwcA1VZnG9r2k9BHpR3PjbYuK9qUmcqrEWrhc9je5W worth 0USD 0 minutes later,Transfered,2022-07-02 18:56:16.000,4Z57ak49EvtDpCfciXX5ZS1tfB5FutuFcdwqnoAGqRpQvTX1RDfGMdyp9o2m8C8nwjhabL5NsuhqdhVX9D5XymfM,Esmx2QjmDZMjJ15yBJ2nhqisjEt7Gqro4jSkofdoVsvY,to HRWwcA1VZnG9r2k9BHpR3PjbYuK9qUmcqrEWrhc9je5W,PAI,0,0
0,Exploiter Transfered 0PAI to HRWwcA1VZnG9r2k9BHpR3PjbYuK9qUmcqrEWrhc9je5W worth 0USD 0 minutes later,Transfered,2022-07-02 18:56:23.000,5GenevrpgfGd1YCQxiawqbcjkVULC813t7TsfKbMzYh6XWBg4hUpxNKLDMMjh7qWgQaDaWBBoaara5jRhjwdzhP7,Esmx2QjmDZMjJ15yBJ2nhqisjEt7Gqro4jSkofdoVsvY,to HRWwcA1VZnG9r2k9BHpR3PjbYuK9qUmcqrEWrhc9je5W,PAI,0,0
0,Exploiter Transfered 0PAI to HRWwcA1VZnG9r2k9BHpR3PjbYuK9qUmcqrEWrhc9je5W worth 0USD 0 minutes later,Transfered,2022-07-02 18:56:29.000,stkcH6gmyQJF9VVA7awCd3TnLWfvmnYN7oMFGkh1mXTXMo8e1azJNCAR1UsmRqXjPfXKo7hVtjQnT3w4mBTvpbH,Esmx2QjmDZMjJ15yBJ2nhqisjEt7Gqro4jSkofdoVsvY,to HRWwcA1VZnG9r2k9BHpR3PjbYuK9qUmcqrEWrhc9je5W,PAI,0,0
0,Exploiter Transfered 0PAI to HRWwcA1VZnG9r2k9BHpR3PjbYuK9qUmcqrEWrhc9je5W worth 0USD 0 minutes later,Transfered,2022-07-02 18:56:30.000,3Tk2NMthg16ZqjdwaEnZ4JHPGj7S7nDpCwJqY5Xph6cmHa9WmxPxvE6DwNmMC1MgPhHwX1xkYSJn3DJZoELoCiCC,Esmx2QjmDZMjJ15yBJ2nhqisjEt7Gqro4jSkofdoVsvY,to HRWwcA1VZnG9r2k9BHpR3PjbYuK9qUmcqrEWrhc9je5W,PAI,0,0
0,Exploiter Transfered 0PAI to HRWwcA1VZnG9r2k9BHpR3PjbYuK9qUmcqrEWrhc9je5W worth 0USD 0 minutes later,Transfered,2022-07-02 18:56:44.000,DPKiDApQydKpaLouTgXa4BmV1WgZsGzEThP5e1iNw9v4pmLpQN3TcDtg2rtsri5BxzDhoDnWoHkxRUTV7hYVzUN,Esmx2QjmDZMjJ15yBJ2nhqisjEt7Gqro4jSkofdoVsvY,to HRWwcA1VZnG9r2k9BHpR3PjbYuK9qUmcqrEWrhc9je5W,PAI,0,0
0,Exploiter Transfered 0PAI to HRWwcA1VZnG9r2k9BHpR3PjbYuK9qUmcqrEWrhc9je5W worth 0USD 0 minutes later,Transfered,2022-07-02 18:56:51.000,4aJuDdM44fbE4ALq1UdgbwCkkSVxgHRDyMkFYyTXmsqU5hBMuEScXZZwVJGofuJr83My1K66MhheNPhR9xgTYEjH,Esmx2QjmDZMjJ15yBJ2nhqisjEt7Gqro4jSkofdoVsvY,to HRWwcA1VZnG9r2k9BHpR3PjbYuK9qUmcqrEWrhc9je5W,PAI,0,0
2,Exploiter Transfered 0PAI to HRWwcA1VZnG9r2k9BHpR3PjbYuK9qUmcqrEWrhc9je5W worth 0USD 2 minutes later,Transfered,2022-07-02 18:58:14.000,3CdmJhUCXSw3QC5oSzPQeedGX9zALWo658LvvLNCBChYSGkbeG7gZRTFsU3DsX5UtGayLkTaqqThrVVPquZRXY7W,Esmx2QjmDZMjJ15yBJ2nhqisjEt7Gqro4jSkofdoVsvY,to HRWwcA1VZnG9r2k9BHpR3PjbYuK9qUmcqrEWrhc9je5W,PAI,0,0
0,Exploiter Transfered 0PAI to HRWwcA1VZnG9r2k9BHpR3PjbYuK9qUmcqrEWrhc9je5W worth 0USD 0 minutes later,Transfered,2022-07-02 18:58:18.000,2FpnZA1NKDJwzBWC1nuJsJsSjYM21qn8qr3sZ1jKM8ePeZXhQtHW1woAp4GScCpjHYuurVMRn5nbAtzrHAka2D14,Esmx2QjmDZMjJ15yBJ2nhqisjEt7Gqro4jSkofdoVsvY,to HRWwcA1VZnG9r2k9BHpR3PjbYuK9qUmcqrEWrhc9je5W,PAI,0,0
0,Exploiter Transfered 0PAI to HRWwcA1VZnG9r2k9BHpR3PjbYuK9qUmcqrEWrhc9je5W worth 0USD 0 minutes later,Transfered,2022-07-02 18:58:21.000,4yGefLgtzu11dnBdFcoF29CdDqkH63s4YCUiWyJXMghun2CLRpnxeSF8b85fsusTCqRb5HH7Xr9STuQ6hxwsxY7Q,Esmx2QjmDZMjJ15yBJ2nhqisjEt7Gqro4jSkofdoVsvY,to HRWwcA1VZnG9r2k9BHpR3PjbYuK9qUmcqrEWrhc9je5W,PAI,0,0
0,Exploiter Transfered 0PAI to HRWwcA1VZnG9r2k9BHpR3PjbYuK9qUmcqrEWrhc9je5W worth 0USD 0 minutes later,Transfered,2022-07-02 18:58:26.000,h84zbpdLDGTHtUAnr5vZS2NHBw2ZPqJuFeURCPuxW7ZAotmeR2WXQz8JL7wL5GDMYVHCzwZE7bz8qR9cWhwcnme,Esmx2QjmDZMjJ15yBJ2nhqisjEt7Gqro4jSkofdoVsvY,to HRWwcA1VZnG9r2k9BHpR3PjbYuK9qUmcqrEWrhc9je5W,PAI,0,0
0,Exploiter Transfered 0PAI to HRWwcA1VZnG9r2k9BHpR3PjbYuK9qUmcqrEWrhc9je5W worth 0USD 0 minutes later,Transfered,2022-07-02 18:58:29.000,LmMzd5e9B47VokcRVqxmbUroLNYXqZie4GiNKR5PC3ScLWj1DiXhAe6ijkpXG5T2TpVbYEys8zWPkN3Jcec7g5e,Esmx2QjmDZMjJ15yBJ2nhqisjEt7Gqro4jSkofdoVsvY,to HRWwcA1VZnG9r2k9BHpR3PjbYuK9qUmcqrEWrhc9je5W,PAI,0,0
0,Exploiter Transfered 0PAI to HRWwcA1VZnG9r2k9BHpR3PjbYuK9qUmcqrEWrhc9je5W worth 0USD 0 minutes later,Transfered,2022-07-02 18:58:32.000,2gp364UM2VEyuS4ASE3hARaQpdBGTAhGHf2JvhgGLJU4V4Bth24n7qiumxdU7AyprKzGFV6E2LkH8UJ8F2MoSHQA,Esmx2QjmDZMjJ15yBJ2nhqisjEt7Gqro4jSkofdoVsvY,to HRWwcA1VZnG9r2k9BHpR3PjbYuK9qUmcqrEWrhc9je5W,PAI,0,0
0,Exploiter Transfered 0PAI to HRWwcA1VZnG9r2k9BHpR3PjbYuK9qUmcqrEWrhc9je5W worth 0USD 0 minutes later,Transfered,2022-07-02 18:58:35.000,JJrztokfykN4pJZiJYYJBRwNUTMq1sRrGH6CdQxTwVDERVmHAsrP3t8KVKv3FQcugNeKFVJy5bkisnQKRfTBG9p,Esmx2QjmDZMjJ15yBJ2nhqisjEt7Gqro4jSkofdoVsvY,to HRWwcA1VZnG9r2k9BHpR3PjbYuK9qUmcqrEWrhc9je5W,PAI,0,0
1,Exploiter Transfered 0PAI to HRWwcA1VZnG9r2k9BHpR3PjbYuK9qUmcqrEWrhc9je5W worth 0USD 1 minutes later,Transfered,2022-07-02 18:59:16.000,2H9imSCcLABDoGe8hPYG17L4968t3gbUEi5jYqxwrzK7QjRDm6FMUK5peMH2M5TzrnPAcNGRVXYDtv7E67wjqFF8,Esmx2QjmDZMjJ15yBJ2nhqisjEt7Gqro4jSkofdoVsvY,to HRWwcA1VZnG9r2k9BHpR3PjbYuK9qUmcqrEWrhc9je5W,PAI,0,0
0,Exploiter Transfered 0PAI to HRWwcA1VZnG9r2k9BHpR3PjbYuK9qUmcqrEWrhc9je5W worth 0USD 0 minutes later,Transfered,2022-07-02 18:59:30.000,2S954ip9F5exa7GmZvnHEVDvLBE2S614ge5CNdGmfGQn8gDrcBXsJgmUeB2Z1USkyzRSC772zxAjGY2cugizYFUi,Esmx2QjmDZMjJ15yBJ2nhqisjEt7Gqro4jSkofdoVsvY,to HRWwcA1VZnG9r2k9BHpR3PjbYuK9qUmcqrEWrhc9je5W,PAI,0,0
0,Exploiter Transfered 0PAI to HRWwcA1VZnG9r2k9BHpR3PjbYuK9qUmcqrEWrhc9je5W worth 0USD 0 minutes later,Transfered,2022-07-02 18:59:34.000,57CxvLFzDF4wn8reZ2swL9wA7xQdiRHaXrHbn9oMfYV5hdrC43Rcxrxze4D6eqEnm4URSKQmXQSw2bo2Cf1z9xGP,Esmx2QjmDZMjJ15yBJ2nhqisjEt7Gqro4jSkofdoVsvY,to HRWwcA1VZnG9r2k9BHpR3PjbYuK9qUmcqrEWrhc9je5W,PAI,0,0
0,Exploiter Transfered 0PAI to HRWwcA1VZnG9r2k9BHpR3PjbYuK9qUmcqrEWrhc9je5W worth 0USD 0 minutes later,Transfered,2022-07-02 18:59:37.000,mp16tVkpGMt1EYZpcB3oRAb2M8x6FRhk6UvXUzp6tiN4WfMEY1s5NyRCvcjqSrUXDppy8MLk1MFVgkgpHcxkzsb,Esmx2QjmDZMjJ15yBJ2nhqisjEt7Gqro4jSkofdoVsvY,to HRWwcA1VZnG9r2k9BHpR3PjbYuK9qUmcqrEWrhc9je5W,PAI,0,0
0,Exploiter Transfered 0PAI to HRWwcA1VZnG9r2k9BHpR3PjbYuK9qUmcqrEWrhc9je5W worth 0USD 0 minutes later,Transfered,2022-07-02 18:59:51.000,62c2hmBfpQBQ3jF25P4grNCu7GMsd9W5Rz4wDAeL2KemWaJmvQ9V3wJ2JEy9MfetCHBsFtnD2Nff38Bt7h7NjsBT,Esmx2QjmDZMjJ15yBJ2nhqisjEt7Gqro4jSkofdoVsvY,to HRWwcA1VZnG9r2k9BHpR3PjbYuK9qUmcqrEWrhc9je5W,PAI,0,0
0,Exploiter Transfered 0PAI to HRWwcA1VZnG9r2k9BHpR3PjbYuK9qUmcqrEWrhc9je5W worth 0USD 0 minutes later,Transfered,2022-07-02 18:59:55.000,2dnAWSWhjJGvsggNYRZzfpGgJTYdh1CwYioEHRmtnezF4q2LipU1n4QWdVcm8eMN4h9b2eHtFzqA3etiEYq6tPBd,Esmx2QjmDZMjJ15yBJ2nhqisjEt7Gqro4jSkofdoVsvY,to HRWwcA1VZnG9r2k9BHpR3PjbYuK9qUmcqrEWrhc9je5W,PAI,0,0
1,Exploiter Transfered 0PAI to HRWwcA1VZnG9r2k9BHpR3PjbYuK9qUmcqrEWrhc9je5W worth 0USD 1 minutes later,Transfered,2022-07-02 19:00:11.000,4pvD6obuu6NhRtb4srBHyQr6PmYXTPvGVVp1L7JVGcQgHpJc8hCTo6McrGha91JbyDnHixxURdpuNj3k9xGYWNsb,Esmx2QjmDZMjJ15yBJ2nhqisjEt7Gqro4jSkofdoVsvY,to HRWwcA1VZnG9r2k9BHpR3PjbYuK9qUmcqrEWrhc9je5W,PAI,0,0
28,Exploiter Transfered 0PAI to HRWwcA1VZnG9r2k9BHpR3PjbYuK9qUmcqrEWrhc9je5W worth 0USD 28 minutes later,Transfered,2022-07-02 19:28:24.000,3Fg5H8UYsQ8KPhEPx3hFfBZaAnX8wognBVLW2pjKA9rM4CJpc1rgWSanTV22eoQ6FhMT7Lyzq1drnNSryt22EZcT,Esmx2QjmDZMjJ15yBJ2nhqisjEt7Gqro4jSkofdoVsvY,to HRWwcA1VZnG9r2k9BHpR3PjbYuK9qUmcqrEWrhc9je5W,PAI,0,0
0,Exploiter Transfered 0PAI to HRWwcA1VZnG9r2k9BHpR3PjbYuK9qUmcqrEWrhc9je5W worth 0USD 0 minutes later,Transfered,2022-07-02 19:28:37.000,3R5f9LLhMUMAHMMe13naxqp2Fq4Qv8Erp37zQ7nETiWYhdsbAF4m4jJEzbUrbwvuk24LqLgkW4aZixM6CDc9Sc6z,Esmx2QjmDZMjJ15yBJ2nhqisjEt7Gqro4jSkofdoVsvY,to HRWwcA1VZnG9r2k9BHpR3PjbYuK9qUmcqrEWrhc9je5W,PAI,0,0
0,Exploiter Transfered 0PAI to HRWwcA1VZnG9r2k9BHpR3PjbYuK9qUmcqrEWrhc9je5W worth 0USD 0 minutes later,Transfered,2022-07-02 19:28:42.000,3bDjrLtG5MvXteJBhCoWuQ5vJUkF9VFVDZDUsjmgGFGFtc3WSdRCqxiq9mD1XRZzPANiC7P6qzHmvfouWaotm7ox,Esmx2QjmDZMjJ15yBJ2nhqisjEt7Gqro4jSkofdoVsvY,to HRWwcA1VZnG9r2k9BHpR3PjbYuK9qUmcqrEWrhc9je5W,PAI,0,0
2,Exploiter Transfered 0PAI to HRWwcA1VZnG9r2k9BHpR3PjbYuK9qUmcqrEWrhc9je5W worth 0USD 2 minutes later,Transfered,2022-07-02 19:30:00.000,2iwTrnzNnUcXbLspupvxYq1JSGCvK2L2Tc3L8oLyGaAXVyXUk7ddukMMc9W6XmxdveyEoLHKh131rPP3uN35vyU8,Esmx2QjmDZMjJ15yBJ2nhqisjEt7Gqro4jSkofdoVsvY,to HRWwcA1VZnG9r2k9BHpR3PjbYuK9qUmcqrEWrhc9je5W,PAI,0,0
0,Exploiter Transfered 0PAI to HRWwcA1VZnG9r2k9BHpR3PjbYuK9qUmcqrEWrhc9je5W worth 0USD 0 minutes later,Transfered,2022-07-02 19:30:05.000,63ZggZkBQTQmmfU68rpPy24yq7sjtWkh5jZmwuPXNUjAfDEz4MzhDTP6SvwhUjNs6yHJpD5CFSrfhTLbNMndGgL4,Esmx2QjmDZMjJ15yBJ2nhqisjEt7Gqro4jSkofdoVsvY,to HRWwcA1VZnG9r2k9BHpR3PjbYuK9qUmcqrEWrhc9je5W,PAI,0,0
0,Exploiter Transfered 0PAI to HRWwcA1VZnG9r2k9BHpR3PjbYuK9qUmcqrEWrhc9je5W worth 0USD 0 minutes later,Transfered,2022-07-02 19:30:07.000,5JZ9PJinmxhj2gnxPetnRJF8cGEqGe1cW7VqeqeAQZE63hiHKHoc5t7CdU751pVc9SKBZRvLY5pt3GpfLDbf5SpY,Esmx2QjmDZMjJ15yBJ2nhqisjEt7Gqro4jSkofdoVsvY,to HRWwcA1VZnG9r2k9BHpR3PjbYuK9qUmcqrEWrhc9je5W,PAI,0,0
0,Exploiter Transfered 0PAI to HRWwcA1VZnG9r2k9BHpR3PjbYuK9qUmcqrEWrhc9je5W worth 0USD 0 minutes later,Transfered,2022-07-02 19:30:18.000,2Vi8ZZNqmGeDkeWDK5SC7kUD9b7htVqQkU8SDYapDEY7ce6oKM3ZW9rWQzZkMYWeb2XNBshr8kemMdwEiMQk8dFY,Esmx2QjmDZMjJ15yBJ2nhqisjEt7Gqro4jSkofdoVsvY,to HRWwcA1VZnG9r2k9BHpR3PjbYuK9qUmcqrEWrhc9je5W,PAI,0,0
36,Exploiter Transfered 0PAI to HRWwcA1VZnG9r2k9BHpR3PjbYuK9qUmcqrEWrhc9je5W worth 0USD 36 minutes later,Transfered,2022-07-02 20:06:52.000,54Qdw69mkonP7jXGtkjBLbhfFzmpQmL8bkqqmBBMQdd2Hhq7ZffqgnWN7EcdUfcJRV2L7mx2F8Bwyjp1HBBkKp64,Esmx2QjmDZMjJ15yBJ2nhqisjEt7Gqro4jSkofdoVsvY,to HRWwcA1VZnG9r2k9BHpR3PjbYuK9qUmcqrEWrhc9je5W,PAI,0,0
1,Exploiter Transfered 0PAI to HRWwcA1VZnG9r2k9BHpR3PjbYuK9qUmcqrEWrhc9je5W worth 0USD 1 minutes later,Transfered,2022-07-02 20:07:08.000,5zZC8ZrANAaCfPvUeBGFY7q46CFYakbTWhbUqht8VwZD2FsfPecqDuwsqbmkx3iX7uqhqYtyRoeYPtdBtBJY6NpH,Esmx2QjmDZMjJ15yBJ2nhqisjEt7Gqro4jSkofdoVsvY,to HRWwcA1VZnG9r2k9BHpR3PjbYuK9qUmcqrEWrhc9je5W,PAI,0,0
0,Exploiter Transfered 0PAI to HRWwcA1VZnG9r2k9BHpR3PjbYuK9qUmcqrEWrhc9je5W worth 0USD 0 minutes later,Transfered,2022-07-02 20:07:29.000,58cuBBGmUzSHfMtMDc8Sa3m1wx1ERw2zXMfBWK75rPt8aDk7dNk5X2KF6yVMdRTKoSqzoZmNiAa6DJ4BU4xFuxy2,Esmx2QjmDZMjJ15yBJ2nhqisjEt7Gqro4jSkofdoVsvY,to HRWwcA1VZnG9r2k9BHpR3PjbYuK9qUmcqrEWrhc9je5W,PAI,0,0
1,Exploiter Transfered 842520PAI to Ej4KxxUz73edQzjfsPVWvYxT5eyhQoWoXpo7BYm2Ejhj worth 841175.77USD 1 minutes later,Transfered,2022-07-02 20:08:52.000,2mGpZ6c3sjC38csNqspsy3WpJFrA3xe8jR944CFPm86XGac7pinYLyhEJ9wbhMk8Ke8jM3DCok1J3oxpWZVwN1Qe,Esmx2QjmDZMjJ15yBJ2nhqisjEt7Gqro4jSkofdoVsvY,to Ej4KxxUz73edQzjfsPVWvYxT5eyhQoWoXpo7BYm2Ejhj,PAI,842520,841175.77
0,Exploiter Transfered 840001PAI from HRWwcA1VZnG9r2k9BHpR3PjbYuK9qUmcqrEWrhc9je5W worth 838660.8USD 0 minutes later,Transfered,2022-07-02 20:08:52.000,2mGpZ6c3sjC38csNqspsy3WpJFrA3xe8jR944CFPm86XGac7pinYLyhEJ9wbhMk8Ke8jM3DCok1J3oxpWZVwN1Qe,Esmx2QjmDZMjJ15yBJ2nhqisjEt7Gqro4jSkofdoVsvY,from HRWwcA1VZnG9r2k9BHpR3PjbYuK9qUmcqrEWrhc9je5W,PAI,840001,838660.8
0,Exploiter Transfered 1133.93PAI from HRWwcA1VZnG9r2k9BHpR3PjbYuK9qUmcqrEWrhc9je5W worth 1132.12USD 0 minutes later,Transfered,2022-07-02 20:08:52.000,2mGpZ6c3sjC38csNqspsy3WpJFrA3xe8jR944CFPm86XGac7pinYLyhEJ9wbhMk8Ke8jM3DCok1J3oxpWZVwN1Qe,Esmx2QjmDZMjJ15yBJ2nhqisjEt7Gqro4jSkofdoVsvY,from HRWwcA1VZnG9r2k9BHpR3PjbYuK9qUmcqrEWrhc9je5W,PAI,1133.93,1132.12
0,Exploiter Transfered 504PAI from Ej4KxxUz73edQzjfsPVWvYxT5eyhQoWoXpo7BYm2Ejhj worth 503.2USD 0 minutes later,Transfered,2022-07-02 20:08:52.000,2mGpZ6c3sjC38csNqspsy3WpJFrA3xe8jR944CFPm86XGac7pinYLyhEJ9wbhMk8Ke8jM3DCok1J3oxpWZVwN1Qe,Esmx2QjmDZMjJ15yBJ2nhqisjEt7Gqro4jSkofdoVsvY,from Ej4KxxUz73edQzjfsPVWvYxT5eyhQoWoXpo7BYm2Ejhj,PAI,504,503.2
0,Exploiter Transfered 120.15USDC from HRWwcA1VZnG9r2k9BHpR3PjbYuK9qUmcqrEWrhc9je5W worth 120.3USD 0 minutes later,Transfered,2022-07-02 20:08:52.000,2mGpZ6c3sjC38csNqspsy3WpJFrA3xe8jR944CFPm86XGac7pinYLyhEJ9wbhMk8Ke8jM3DCok1J3oxpWZVwN1Qe,Esmx2QjmDZMjJ15yBJ2nhqisjEt7Gqro4jSkofdoVsvY,from HRWwcA1VZnG9r2k9BHpR3PjbYuK9qUmcqrEWrhc9je5W,USDC,120.15,120.3
0,Exploiter Transfered 840000PAI from Ej4KxxUz73edQzjfsPVWvYxT5eyhQoWoXpo7BYm2Ejhj worth 838659.79USD 0 minutes later,Transfered,2022-07-02 20:08:52.000,2mGpZ6c3sjC38csNqspsy3WpJFrA3xe8jR944CFPm86XGac7pinYLyhEJ9wbhMk8Ke8jM3DCok1J3oxpWZVwN1Qe,Esmx2QjmDZMjJ15yBJ2nhqisjEt7Gqro4jSkofdoVsvY,from Ej4KxxUz73edQzjfsPVWvYxT5eyhQoWoXpo7BYm2Ejhj,PAI,840000,838659.79
0,Exploiter Transfered 840001PAI to HRWwcA1VZnG9r2k9BHpR3PjbYuK9qUmcqrEWrhc9je5W worth 838660.8USD 0 minutes later,Transfered,2022-07-02 20:08:52.000,2mGpZ6c3sjC38csNqspsy3WpJFrA3xe8jR944CFPm86XGac7pinYLyhEJ9wbhMk8Ke8jM3DCok1J3oxpWZVwN1Qe,Esmx2QjmDZMjJ15yBJ2nhqisjEt7Gqro4jSkofdoVsvY,to HRWwcA1VZnG9r2k9BHpR3PjbYuK9qUmcqrEWrhc9je5W,PAI,840001,838660.8
6,Exploiter Transfered 0USDT to HsYb453638e4ZwykZj4PHNwFiXHauV9UuNL3mCmFkZzh worth 0USD 6 minutes later,Transfered,2022-07-02 20:14:53.000,4oN1Bz4Xd4wcH274EpJ784fdcFqHAfF6za4oGV4GrMb6HwySjVyr2i97nvAncSvduehzoygexZjYvf4jL2Mq5dTv,Esmx2QjmDZMjJ15yBJ2nhqisjEt7Gqro4jSkofdoVsvY,to HsYb453638e4ZwykZj4PHNwFiXHauV9UuNL3mCmFkZzh,USDT,0,0
0,Exploiter Transfered 0USDT to HsYb453638e4ZwykZj4PHNwFiXHauV9UuNL3mCmFkZzh worth 0USD 0 minutes later,Transfered,2022-07-02 20:14:57.000,368iGyYhfXPqs2KEguN5vWXj8Hq3pfuJYad69pnMUPsUyEFLataaBuHZ7Jnc3DppGpt2oLWPwAPFhSdZ2n6dUjyJ,Esmx2QjmDZMjJ15yBJ2nhqisjEt7Gqro4jSkofdoVsvY,to HsYb453638e4ZwykZj4PHNwFiXHauV9UuNL3mCmFkZzh,USDT,0,0
1,Exploiter Transfered 0USDT to HsYb453638e4ZwykZj4PHNwFiXHauV9UuNL3mCmFkZzh worth 0USD 1 minutes later,Transfered,2022-07-02 20:15:02.000,4JZV6mEB5v6GX55bP7ahhhwuyY5CQxZaMUpAfsWHhgkmBEwWgmgvrJAzvvdwZtegqY2aPttBb82FUEpq4X2o1iHk,Esmx2QjmDZMjJ15yBJ2nhqisjEt7Gqro4jSkofdoVsvY,to HsYb453638e4ZwykZj4PHNwFiXHauV9UuNL3mCmFkZzh,USDT,0,0
0,Exploiter Transfered 0USDT to HsYb453638e4ZwykZj4PHNwFiXHauV9UuNL3mCmFkZzh worth 0USD 0 minutes later,Transfered,2022-07-02 20:15:07.000,2eyEbjgiafifiymEHS4obac7o6Ac4cvVNg3Rxo5Y1nFfkHGxNS8j5VzVkMuhQJf3S95yNLkXT6DoPXr1EiE9bHzo,Esmx2QjmDZMjJ15yBJ2nhqisjEt7Gqro4jSkofdoVsvY,to HsYb453638e4ZwykZj4PHNwFiXHauV9UuNL3mCmFkZzh,USDT,0,0
0,Exploiter Transfered 0USDT to HsYb453638e4ZwykZj4PHNwFiXHauV9UuNL3mCmFkZzh worth 0USD 0 minutes later,Transfered,2022-07-02 20:15:16.000,2Q6ATuVZBAQ7g6phzAzpSKFT72MSdMEgicZQFJXYrepXQ95moBAuQp4r1ExDxizLbpnB3PTjrYWQFwPDEVDKz89s,Esmx2QjmDZMjJ15yBJ2nhqisjEt7Gqro4jSkofdoVsvY,to HsYb453638e4ZwykZj4PHNwFiXHauV9UuNL3mCmFkZzh,USDT,0,0
0,Exploiter Transfered 0USDT to HsYb453638e4ZwykZj4PHNwFiXHauV9UuNL3mCmFkZzh worth 0USD 0 minutes later,Transfered,2022-07-02 20:15:22.000,5V3UrPAL9HtTdBkx2KxS1XpeymzKzA9WYGJDb9bWkuereEFmaMKn6qsJe3nypnsfyZetfq4SkE84gbPHkKYCit7D,Esmx2QjmDZMjJ15yBJ2nhqisjEt7Gqro4jSkofdoVsvY,to HsYb453638e4ZwykZj4PHNwFiXHauV9UuNL3mCmFkZzh,USDT,0,0
0,Exploiter Transfered 0USDT to HsYb453638e4ZwykZj4PHNwFiXHauV9UuNL3mCmFkZzh worth 0USD 0 minutes later,Transfered,2022-07-02 20:15:25.000,3VqWdP1gjdF8exwjQ3JLbYkbUhG5RRQSyhiqCsAxQpQJeur8oUZZaTLvGrDGzU76HLHxq4DVPDcFoLv2mwDZ13Ha,Esmx2QjmDZMjJ15yBJ2nhqisjEt7Gqro4jSkofdoVsvY,to HsYb453638e4ZwykZj4PHNwFiXHauV9UuNL3mCmFkZzh,USDT,0,0
0,Exploiter Transfered 0USDT to HsYb453638e4ZwykZj4PHNwFiXHauV9UuNL3mCmFkZzh worth 0USD 0 minutes later,Transfered,2022-07-02 20:15:30.000,26KCJn7pKZ8g78CdeAKoUS48btFkyi9TwxhadoENUDNbdnKEmoEoaLppAka9PM2EKp5BYiC8Msy8aJoGVicBhyrK,Esmx2QjmDZMjJ15yBJ2nhqisjEt7Gqro4jSkofdoVsvY,to HsYb453638e4ZwykZj4PHNwFiXHauV9UuNL3mCmFkZzh,USDT,0,0
0,Exploiter Transfered 0USDT to HsYb453638e4ZwykZj4PHNwFiXHauV9UuNL3mCmFkZzh worth 0USD 0 minutes later,Transfered,2022-07-02 20:15:36.000,54hqehiBoJ3S1ZcDXZ1wUkB9ZKUk8zJXt6RQMoKCYcBMZyJYH6aVKpZ3yWWTrvKUvhkijLyN1EX3uHG1pn4oEgTd,Esmx2QjmDZMjJ15yBJ2nhqisjEt7Gqro4jSkofdoVsvY,to HsYb453638e4ZwykZj4PHNwFiXHauV9UuNL3mCmFkZzh,USDT,0,0
0,Exploiter Transfered 0USDT to HsYb453638e4ZwykZj4PHNwFiXHauV9UuNL3mCmFkZzh worth 0USD 0 minutes later,Transfered,2022-07-02 20:15:41.000,vjKSZwFS4ws647UKJ1AWQgUAP7v5QDe6cibnemRAokTr2tHJesjgxoqSPJ4VLqdnFQpJtStD9zqBeXsrkpsZSpY,Esmx2QjmDZMjJ15yBJ2nhqisjEt7Gqro4jSkofdoVsvY,to HsYb453638e4ZwykZj4PHNwFiXHauV9UuNL3mCmFkZzh,USDT,0,0
0,Exploiter Transfered 0USDT to HsYb453638e4ZwykZj4PHNwFiXHauV9UuNL3mCmFkZzh worth 0USD 0 minutes later,Transfered,2022-07-02 20:15:45.000,9WSpch5LhE27yAU1aPZWSCcznDiaBcUzMpCPXSAJGM5qURNedDTRain4RMppLynvr5UUhyrUWrG622bUpNtNHc9,Esmx2QjmDZMjJ15yBJ2nhqisjEt7Gqro4jSkofdoVsvY,to HsYb453638e4ZwykZj4PHNwFiXHauV9UuNL3mCmFkZzh,USDT,0,0
1,Exploiter Transfered 0STSOL to 6kDhKM8rDR4DXvwUpao4UA6JtCZfooAgMhicePmUNeJu worth 0USD 1 minutes later,Transfered,2022-07-02 20:16:40.000,27pHBRpKDiNAc4gurzwgd5WuTsFSPEvvxLnXUQCh1LWbmZnG6vyXyoYFsg9Bo2WVZKXRboCMUEGrxQD1oXxWmppp,Esmx2QjmDZMjJ15yBJ2nhqisjEt7Gqro4jSkofdoVsvY,to 6kDhKM8rDR4DXvwUpao4UA6JtCZfooAgMhicePmUNeJu,STSOL,0,0
0,Exploiter Transfered 0STSOL to 6kDhKM8rDR4DXvwUpao4UA6JtCZfooAgMhicePmUNeJu worth 0USD 0 minutes later,Transfered,2022-07-02 20:16:47.000,32UnWevA7NK54gRGmyUhpfMhhmGYj8Mo6PUVdGogTCCLsbuDpFjcBbmNop8qWUfqLSshoqTx9G2PNPJT93o44kYE,Esmx2QjmDZMjJ15yBJ2nhqisjEt7Gqro4jSkofdoVsvY,to 6kDhKM8rDR4DXvwUpao4UA6JtCZfooAgMhicePmUNeJu,STSOL,0,0
0,Exploiter Transfered 0STSOL to 6kDhKM8rDR4DXvwUpao4UA6JtCZfooAgMhicePmUNeJu worth 0USD 0 minutes later,Transfered,2022-07-02 20:16:50.000,3FCf3aUaqg5hmPgVBakMCe6w12VVb1PQazFx4FudHMSW3uD1PPqERkvU7BUvyiUeHUcpNtGJpEka63qMLVNVFpkT,Esmx2QjmDZMjJ15yBJ2nhqisjEt7Gqro4jSkofdoVsvY,to 6kDhKM8rDR4DXvwUpao4UA6JtCZfooAgMhicePmUNeJu,STSOL,0,0
1,Exploiter Transfered 0STSOL to 6kDhKM8rDR4DXvwUpao4UA6JtCZfooAgMhicePmUNeJu worth 0USD 1 minutes later,Transfered,2022-07-02 20:17:04.000,2gtiDM7JrR9ZuFLCP5u4DsCrHX168qnZ6hG2vpWgxSvn8hMJu4wVdtUHJ3AraafXy9WJ6VUJpx3NLNqAZSs5iygo,Esmx2QjmDZMjJ15yBJ2nhqisjEt7Gqro4jSkofdoVsvY,to 6kDhKM8rDR4DXvwUpao4UA6JtCZfooAgMhicePmUNeJu,STSOL,0,0
0,Exploiter Transfered 0STSOL to 6kDhKM8rDR4DXvwUpao4UA6JtCZfooAgMhicePmUNeJu worth 0USD 0 minutes later,Transfered,2022-07-02 20:17:07.000,3z5UMXbs7HqQuCA74in3fZLqZQGHrRR9oWirzRWNsAkU2HYyKF5L4yK84n7JS65JPqaertCN9FLkUZBX2orbrfKn,Esmx2QjmDZMjJ15yBJ2nhqisjEt7Gqro4jSkofdoVsvY,to 6kDhKM8rDR4DXvwUpao4UA6JtCZfooAgMhicePmUNeJu,STSOL,0,0
0,Exploiter Transfered 0STSOL to 6kDhKM8rDR4DXvwUpao4UA6JtCZfooAgMhicePmUNeJu worth 0USD 0 minutes later,Transfered,2022-07-02 20:17:12.000,5ykwgSend7YSheDprAfS6dUZsDHJHA2DVaMsKqzse1CTZ7Lwg6eLkswBv18PoAEiKXS665aq9x7g3W7AYAR7R6o3,Esmx2QjmDZMjJ15yBJ2nhqisjEt7Gqro4jSkofdoVsvY,to 6kDhKM8rDR4DXvwUpao4UA6JtCZfooAgMhicePmUNeJu,STSOL,0,0
0,Exploiter Transfered 0STSOL to 6kDhKM8rDR4DXvwUpao4UA6JtCZfooAgMhicePmUNeJu worth 0USD 0 minutes later,Transfered,2022-07-02 20:17:15.000,2TB8P6jpac5PXTQuF9ABHNzTbYVpMM1unpARYJEZD4X8J8Dx9sgQtWNFv3E79nEFxRdfm7PrnqJWwNuCCC7swYYQ,Esmx2QjmDZMjJ15yBJ2nhqisjEt7Gqro4jSkofdoVsvY,to 6kDhKM8rDR4DXvwUpao4UA6JtCZfooAgMhicePmUNeJu,STSOL,0,0
0,Exploiter Transfered 0STSOL to 6kDhKM8rDR4DXvwUpao4UA6JtCZfooAgMhicePmUNeJu worth 0USD 0 minutes later,Transfered,2022-07-02 20:17:21.000,3m7MgD8P69hrd8HZFDdyFzSvJ63HPz7R6pqqR1wM2jPwDtW2apfvumx8gYsiWJjunbokzgiA1W8gN7gLwhmyss6H,Esmx2QjmDZMjJ15yBJ2nhqisjEt7Gqro4jSkofdoVsvY,to 6kDhKM8rDR4DXvwUpao4UA6JtCZfooAgMhicePmUNeJu,STSOL,0,0
0,Exploiter Transfered 0STSOL to 6kDhKM8rDR4DXvwUpao4UA6JtCZfooAgMhicePmUNeJu worth 0USD 0 minutes later,Transfered,2022-07-02 20:17:30.000,2QqRQfRJDrSjurF1tD4p6s9kQFyaYTzsv9HGqC9Z5Qc2amK1hHniDNMTSrfDg7HMBw8MXC4SRJCy4xZuqsWUQFcz,Esmx2QjmDZMjJ15yBJ2nhqisjEt7Gqro4jSkofdoVsvY,to 6kDhKM8rDR4DXvwUpao4UA6JtCZfooAgMhicePmUNeJu,STSOL,0,0
0,Exploiter Transfered 0STSOL to 6kDhKM8rDR4DXvwUpao4UA6JtCZfooAgMhicePmUNeJu worth 0USD 0 minutes later,Transfered,2022-07-02 20:17:32.000,4YvEScJVF2E4yfmSES9J6aanPS3ZciejGHUQRfrURnaCJQFCwrVzWdEb5wxmWijW5UZ9esoVacPPLyeCKTm6QRWk,Esmx2QjmDZMjJ15yBJ2nhqisjEt7Gqro4jSkofdoVsvY,to 6kDhKM8rDR4DXvwUpao4UA6JtCZfooAgMhicePmUNeJu,STSOL,0,0
0,Exploiter Transfered 0STSOL to 6kDhKM8rDR4DXvwUpao4UA6JtCZfooAgMhicePmUNeJu worth 0USD 0 minutes later,Transfered,2022-07-02 20:17:37.000,5SX5ZbcBewQDXJ19GDWW2bSWXQksias6Gg6aKKHJiJLcEUQSxC7yFZkNnj8SYLukwpxymQiNrxeP8JMsRqTKoXnG,Esmx2QjmDZMjJ15yBJ2nhqisjEt7Gqro4jSkofdoVsvY,to 6kDhKM8rDR4DXvwUpao4UA6JtCZfooAgMhicePmUNeJu,STSOL,0,0
1,Exploiter Transfered 0MSOL to HS5GnRmXkeC8j2a6wJVaNhKNEbdrgeQJ1d3JL2x82g8Q worth 0USD 1 minutes later,Transfered,2022-07-02 20:18:12.000,5zpQAvE7Stx1xS9WYxHL4eiHfnBDsQ7o31hBWvyFegxDR7bYydAtdGHtBQZRTjYFtCogAFzjZZr3Tfp5gfAe5Eae,Esmx2QjmDZMjJ15yBJ2nhqisjEt7Gqro4jSkofdoVsvY,to HS5GnRmXkeC8j2a6wJVaNhKNEbdrgeQJ1d3JL2x82g8Q,MSOL,0,0
0,Exploiter Transfered 0MSOL to HS5GnRmXkeC8j2a6wJVaNhKNEbdrgeQJ1d3JL2x82g8Q worth 0USD 0 minutes later,Transfered,2022-07-02 20:18:16.000,5FKKYGGzyeZhmpwfSLAZUpHUZw3jXE3XbqCqxEMZzcF1wPjyKpktXGhCShpV2TxGK6cFJVyPeh8Yd6pBHaK7kqtT,Esmx2QjmDZMjJ15yBJ2nhqisjEt7Gqro4jSkofdoVsvY,to HS5GnRmXkeC8j2a6wJVaNhKNEbdrgeQJ1d3JL2x82g8Q,MSOL,0,0
0,Exploiter Transfered 0MSOL to HS5GnRmXkeC8j2a6wJVaNhKNEbdrgeQJ1d3JL2x82g8Q worth 0USD 0 minutes later,Transfered,2022-07-02 20:18:19.000,2YVVdw8AqbCq44qgMPfPo6SqY57tPuxzPeKEBm48tEeEY6GKRcA8UZUNZch2UtFQrcNnRjd9R2aFsr23VU3V5d7x,Esmx2QjmDZMjJ15yBJ2nhqisjEt7Gqro4jSkofdoVsvY,to HS5GnRmXkeC8j2a6wJVaNhKNEbdrgeQJ1d3JL2x82g8Q,MSOL,0,0
0,Exploiter Transfered 0MSOL to HS5GnRmXkeC8j2a6wJVaNhKNEbdrgeQJ1d3JL2x82g8Q worth 0USD 0 minutes later,Transfered,2022-07-02 20:18:25.000,hXAH6QUJb4ipLgWhVfRX8bPDQKDNCLUECJX8s474kjE8cgi7MfvduhuAjfubStx5WgNgekaDxevm7X84uC1BinV,Esmx2QjmDZMjJ15yBJ2nhqisjEt7Gqro4jSkofdoVsvY,to HS5GnRmXkeC8j2a6wJVaNhKNEbdrgeQJ1d3JL2x82g8Q,MSOL,0,0
0,Exploiter Transfered 0MSOL to HS5GnRmXkeC8j2a6wJVaNhKNEbdrgeQJ1d3JL2x82g8Q worth 0USD 0 minutes later,Transfered,2022-07-02 20:18:29.000,cDu4amPvE1DvWUSi6UsH3C9Jfu1T62WghGSLHF6L7e8d891Cc75w7LdjhUbeCqTjUoHHGKgydU5Jo114yquVDnE,Esmx2QjmDZMjJ15yBJ2nhqisjEt7Gqro4jSkofdoVsvY,to HS5GnRmXkeC8j2a6wJVaNhKNEbdrgeQJ1d3JL2x82g8Q,MSOL,0,0
0,Exploiter Transfered 0MSOL to HS5GnRmXkeC8j2a6wJVaNhKNEbdrgeQJ1d3JL2x82g8Q worth 0USD 0 minutes later,Transfered,2022-07-02 20:18:35.000,gm64ynjLCUg6VgaEgH1CeW1Rc8sfuGnGj4JTFgiZibRUkWb7U4VHcb7MPjCW5dC7QUFbkGve24XjDrdCN9oxykz,Esmx2QjmDZMjJ15yBJ2nhqisjEt7Gqro4jSkofdoVsvY,to HS5GnRmXkeC8j2a6wJVaNhKNEbdrgeQJ1d3JL2x82g8Q,MSOL,0,0
0,Exploiter Transfered 0MSOL to HS5GnRmXkeC8j2a6wJVaNhKNEbdrgeQJ1d3JL2x82g8Q worth 0USD 0 minutes later,Transfered,2022-07-02 20:18:40.000,59Yqr4qxvTEq1f8YZvJ8SBQ1FyWKB3wQ7BpAtmAVx8pPnCjTrSpv7zqvnAv3UAb1uPssCKXHgRrcm9o696sixXAW,Esmx2QjmDZMjJ15yBJ2nhqisjEt7Gqro4jSkofdoVsvY,to HS5GnRmXkeC8j2a6wJVaNhKNEbdrgeQJ1d3JL2x82g8Q,MSOL,0,0
4,Exploiter Transfered 0USDH to 61o5FKQ7h2BFB1SVVBXqtiGy4oAy2wcNuDXoxUdAYWQq worth 0USD 4 minutes later,Transfered,2022-07-02 20:22:30.000,JVrgx4ZjgCYaQCS5FerVaGLpVHEJJy8y6RuCGw3exVFdcZsgsmzXZ3XyQtYEEBtdZVFqhjJYwNRiBPSSYpnTn1w,Esmx2QjmDZMjJ15yBJ2nhqisjEt7Gqro4jSkofdoVsvY,to 61o5FKQ7h2BFB1SVVBXqtiGy4oAy2wcNuDXoxUdAYWQq,USDH,0,0
0,Exploiter Transfered 0USDH to 61o5FKQ7h2BFB1SVVBXqtiGy4oAy2wcNuDXoxUdAYWQq worth 0USD 0 minutes later,Transfered,2022-07-02 20:22:46.000,56WWeSX2e56zPYARZ9pRnUrYz1M5QmxH3NvPe1kUJfyyoVWoHVfbkACDobbb2cAS1zcsNsd2anRJdZxMG9go6j7v,Esmx2QjmDZMjJ15yBJ2nhqisjEt7Gqro4jSkofdoVsvY,to 61o5FKQ7h2BFB1SVVBXqtiGy4oAy2wcNuDXoxUdAYWQq,USDH,0,0
1,Exploiter Transfered 0USDH to 61o5FKQ7h2BFB1SVVBXqtiGy4oAy2wcNuDXoxUdAYWQq worth 0USD 1 minutes later,Transfered,2022-07-02 20:23:06.000,W755wUbpD8KusLBAhsf6xNvX4G1oZu3Y5h2tMk3z8T5tHgmq5fTHHkPsyU611Eh6AntDbYMDgMexgaLiFeReVWe,Esmx2QjmDZMjJ15yBJ2nhqisjEt7Gqro4jSkofdoVsvY,to 61o5FKQ7h2BFB1SVVBXqtiGy4oAy2wcNuDXoxUdAYWQq,USDH,0,0
0,Exploiter Transfered 0USDH to 61o5FKQ7h2BFB1SVVBXqtiGy4oAy2wcNuDXoxUdAYWQq worth 0USD 0 minutes later,Transfered,2022-07-02 20:23:27.000,39d5BdZUNm8TdPTqnAyCWXjaZAJo3bg8wXRgsSgZNFX3GWdi8CvLWBbcW51NT157NP9oRf6QcgKUoWwLLP3CKezh,Esmx2QjmDZMjJ15yBJ2nhqisjEt7Gqro4jSkofdoVsvY,to 61o5FKQ7h2BFB1SVVBXqtiGy4oAy2wcNuDXoxUdAYWQq,USDH,0,0
0,Exploiter Transfered 0USDH to 61o5FKQ7h2BFB1SVVBXqtiGy4oAy2wcNuDXoxUdAYWQq worth 0USD 0 minutes later,Transfered,2022-07-02 20:23:49.000,5ppNsdzyoxvtM61Pc7Mjnt8Mqr8zhfqqnSwK5s5QF6hrSXPFPUNEiUJriTSNt6LwFsg99FUn5D5Xwu2k3sS1LHtc,Esmx2QjmDZMjJ15yBJ2nhqisjEt7Gqro4jSkofdoVsvY,to 61o5FKQ7h2BFB1SVVBXqtiGy4oAy2wcNuDXoxUdAYWQq,USDH,0,0
1,Exploiter Transfered 0USDH to 61o5FKQ7h2BFB1SVVBXqtiGy4oAy2wcNuDXoxUdAYWQq worth 0USD 1 minutes later,Transfered,2022-07-02 20:24:14.000,4prnqyVdELZiNSsjYbe3ziwqWpmX5Vr5bDmxFF3oASo6FbUry7R7nskkb1opskU72YX9bg2GtdHP7ZjhcfGsbP1d,Esmx2QjmDZMjJ15yBJ2nhqisjEt7Gqro4jSkofdoVsvY,to 61o5FKQ7h2BFB1SVVBXqtiGy4oAy2wcNuDXoxUdAYWQq,USDH,0,0
0,Exploiter Transfered 0USDH to 61o5FKQ7h2BFB1SVVBXqtiGy4oAy2wcNuDXoxUdAYWQq worth 0USD 0 minutes later,Transfered,2022-07-02 20:24:39.000,3dMm5LpoqX8WhzPNZ6mwr929YEHuHnPy9dtKhX2tfSU2DyyGuuMdZzdNJdxdmYd7Z63NaezsA75DpBaBVeb2DNjX,Esmx2QjmDZMjJ15yBJ2nhqisjEt7Gqro4jSkofdoVsvY,to 61o5FKQ7h2BFB1SVVBXqtiGy4oAy2wcNuDXoxUdAYWQq,USDH,0,0
1,Exploiter Transfered 0USDH to 61o5FKQ7h2BFB1SVVBXqtiGy4oAy2wcNuDXoxUdAYWQq worth 0USD 1 minutes later,Transfered,2022-07-02 20:25:07.000,3EJsaWZTgv81Rd4c6rgESZvzC8bVuP8sKEdTxidLHvJioaqmCh5zJzPGPFYn1uBJL3zEeucjiFrzwfDqv5Nd8m4q,Esmx2QjmDZMjJ15yBJ2nhqisjEt7Gqro4jSkofdoVsvY,to 61o5FKQ7h2BFB1SVVBXqtiGy4oAy2wcNuDXoxUdAYWQq,USDH,0,0
0,Exploiter Transfered 0USDH to 61o5FKQ7h2BFB1SVVBXqtiGy4oAy2wcNuDXoxUdAYWQq worth 0USD 0 minutes later,Transfered,2022-07-02 20:25:42.000,gXxLhs7wdN8KUxKwiVctVwDBvkvvL33y865UcTfdmr4XhPzfnjZfa62SkwcxdqjDj6g2ak5Wx78D8VLoWotB6CV,Esmx2QjmDZMjJ15yBJ2nhqisjEt7Gqro4jSkofdoVsvY,to 61o5FKQ7h2BFB1SVVBXqtiGy4oAy2wcNuDXoxUdAYWQq,USDH,0,0
1,Exploiter Transfered 0USDH to 61o5FKQ7h2BFB1SVVBXqtiGy4oAy2wcNuDXoxUdAYWQq worth 0USD 1 minutes later,Transfered,2022-07-02 20:26:11.000,3LvLXYz2QEP75RsxbDpmR4j6qqxLyafSzZytAV2252K9PmeJDKRJTX62vCghCkJDEdqm7ThquFysNoTY8A6MH2Z5,Esmx2QjmDZMjJ15yBJ2nhqisjEt7Gqro4jSkofdoVsvY,to 61o5FKQ7h2BFB1SVVBXqtiGy4oAy2wcNuDXoxUdAYWQq,USDH,0,0
0,Exploiter Transfered 0USDH to 61o5FKQ7h2BFB1SVVBXqtiGy4oAy2wcNuDXoxUdAYWQq worth 0USD 0 minutes later,Transfered,2022-07-02 20:26:38.000,3GGBR6EeHj5wg8hxsgHD5vcC5T3yKSstVcMtQBdZJr9M7fbwKJU7aRzXpVXCo3fY6JWUG4fyCTUapYG3GJq9Trfw,Esmx2QjmDZMjJ15yBJ2nhqisjEt7Gqro4jSkofdoVsvY,to 61o5FKQ7h2BFB1SVVBXqtiGy4oAy2wcNuDXoxUdAYWQq,USDH,0,0
50,Exploiter Transfered 0MSOL to HS5GnRmXkeC8j2a6wJVaNhKNEbdrgeQJ1d3JL2x82g8Q worth 0USD 50 minutes later,Transfered,2022-07-02 21:16:15.000,4kARuobP19RHF811pXvnEqowjMHLVe7kXu5U4pJxeu6gCEzjrMHYmhZvnSiKiVyrfE8qsH988UooMGCBP7RLAFTT,Esmx2QjmDZMjJ15yBJ2nhqisjEt7Gqro4jSkofdoVsvY,to HS5GnRmXkeC8j2a6wJVaNhKNEbdrgeQJ1d3JL2x82g8Q,MSOL,0,0
0,Exploiter Transfered 0MSOL to HS5GnRmXkeC8j2a6wJVaNhKNEbdrgeQJ1d3JL2x82g8Q worth 0USD 0 minutes later,Transfered,2022-07-02 21:16:20.000,29svLFuyhD9DAEiYcGygdRdfYwes6F14TgtxQvgxniCZQSfeBvVrqaxKe5vJ3HoBxuMyuYAhBWPUvPakP4NJmwjN,Esmx2QjmDZMjJ15yBJ2nhqisjEt7Gqro4jSkofdoVsvY,to HS5GnRmXkeC8j2a6wJVaNhKNEbdrgeQJ1d3JL2x82g8Q,MSOL,0,0
0,Exploiter Transfered 0MSOL to HS5GnRmXkeC8j2a6wJVaNhKNEbdrgeQJ1d3JL2x82g8Q worth 0USD 0 minutes later,Transfered,2022-07-02 21:16:23.000,2EBh5DQ2BgcZQGPhnL4cu5TRgdsq3a2tP8RATgQRQA6yXnmCsjuksX1buGgobXJ2W36CwsJKcMV2MXMPXQmbwLaD,Esmx2QjmDZMjJ15yBJ2nhqisjEt7Gqro4jSkofdoVsvY,to HS5GnRmXkeC8j2a6wJVaNhKNEbdrgeQJ1d3JL2x82g8Q,MSOL,0,0
0,Exploiter Transfered 0MSOL to HS5GnRmXkeC8j2a6wJVaNhKNEbdrgeQJ1d3JL2x82g8Q worth 0USD 0 minutes later,Transfered,2022-07-02 21:16:27.000,2JNh7ty8eziFtc4Q8eMH6V3TsbsmmpoBPTkKNTpmodBf3byAZEJsJnAy5TQz1U8RbcuA5CfMf81JDYkfPt9ML3Mz,Esmx2QjmDZMjJ15yBJ2nhqisjEt7Gqro4jSkofdoVsvY,to HS5GnRmXkeC8j2a6wJVaNhKNEbdrgeQJ1d3JL2x82g8Q,MSOL,0,0
0,Exploiter Transfered 0MSOL to HS5GnRmXkeC8j2a6wJVaNhKNEbdrgeQJ1d3JL2x82g8Q worth 0USD 0 minutes later,Transfered,2022-07-02 21:16:31.000,M7zCedKhmfCUnvQw9s18DXXmKxFJDAgZoW5czFYyXuS8jAFahWztgx9w7x4gkfeBuLnfdKn3VL2abcnWNc5HxT2,Esmx2QjmDZMjJ15yBJ2nhqisjEt7Gqro4jSkofdoVsvY,to HS5GnRmXkeC8j2a6wJVaNhKNEbdrgeQJ1d3JL2x82g8Q,MSOL,0,0
0,Exploiter Transfered 0MSOL to HS5GnRmXkeC8j2a6wJVaNhKNEbdrgeQJ1d3JL2x82g8Q worth 0USD 0 minutes later,Transfered,2022-07-02 21:16:34.000,h2SFTBBdQSomCXnApu9BLVqS338wgqxYHRYR7ZHyjWTJAjMnWv6zDU7JpQs6SH7778Hq58DMo1f2iq4dY7JApLj,Esmx2QjmDZMjJ15yBJ2nhqisjEt7Gqro4jSkofdoVsvY,to HS5GnRmXkeC8j2a6wJVaNhKNEbdrgeQJ1d3JL2x82g8Q,MSOL,0,0
0,Exploiter Transfered 0MSOL to HS5GnRmXkeC8j2a6wJVaNhKNEbdrgeQJ1d3JL2x82g8Q worth 0USD 0 minutes later,Transfered,2022-07-02 21:16:40.000,2msSU6RoCXVEyZszaiU3uMRqmavVGpE5T5fb4nHbGdUhkZsMEXw5t67FfyCepwUvihfSKLpCcdLyJVVrZoH62QNH,Esmx2QjmDZMjJ15yBJ2nhqisjEt7Gqro4jSkofdoVsvY,to HS5GnRmXkeC8j2a6wJVaNhKNEbdrgeQJ1d3JL2x82g8Q,MSOL,0,0
0,Exploiter Transfered 0MSOL to HS5GnRmXkeC8j2a6wJVaNhKNEbdrgeQJ1d3JL2x82g8Q worth 0USD 0 minutes later,Transfered,2022-07-02 21:16:47.000,BjQUpHNCsJzbDZGCcioAtZW9LCXifduZjQgDMkSbqUuL5ptU137V3wqW8bBaZyvvpBT4HyfTxvQ4Q83ZX2jg1Pm,Esmx2QjmDZMjJ15yBJ2nhqisjEt7Gqro4jSkofdoVsvY,to HS5GnRmXkeC8j2a6wJVaNhKNEbdrgeQJ1d3JL2x82g8Q,MSOL,0,0
0,Exploiter Transfered 0MSOL to HS5GnRmXkeC8j2a6wJVaNhKNEbdrgeQJ1d3JL2x82g8Q worth 0USD 0 minutes later,Transfered,2022-07-02 21:16:51.000,2sQd3NauqhvHu3eMqwjcu4wcXBimMfxJkkSDizpFLo8LmJhquDhugS7jpLzzdajYPqGeKgFZ1rwPYPxGF4oe67xa,Esmx2QjmDZMjJ15yBJ2nhqisjEt7Gqro4jSkofdoVsvY,to HS5GnRmXkeC8j2a6wJVaNhKNEbdrgeQJ1d3JL2x82g8Q,MSOL,0,0
0,Exploiter Transfered 0MSOL to HS5GnRmXkeC8j2a6wJVaNhKNEbdrgeQJ1d3JL2x82g8Q worth 0USD 0 minutes later,Transfered,2022-07-02 21:16:54.000,4Hz3cuaYcN8geJ9aiM5TU5HWGetWBFEgBRDGNTWdVxPQDpfe8aaLE122PpcuYQrohEGUpsWQEBK4AUo8UprFu4yA,Esmx2QjmDZMjJ15yBJ2nhqisjEt7Gqro4jSkofdoVsvY,to HS5GnRmXkeC8j2a6wJVaNhKNEbdrgeQJ1d3JL2x82g8Q,MSOL,0,0
0,Exploiter Transfered 0MSOL to HS5GnRmXkeC8j2a6wJVaNhKNEbdrgeQJ1d3JL2x82g8Q worth 0USD 0 minutes later,Transfered,2022-07-02 21:16:57.000,4ijD65aeMMwqubTAetCEjRbsDqooiDGBvZxSXsqxyPgpXTLAdtrEiZS3tQ6xatEqEovswQ85NgQ7t99gfn8fivAT,Esmx2QjmDZMjJ15yBJ2nhqisjEt7Gqro4jSkofdoVsvY,to HS5GnRmXkeC8j2a6wJVaNhKNEbdrgeQJ1d3JL2x82g8Q,MSOL,0,0
12,Exploiter Transfered 0STSOL to 6kDhKM8rDR4DXvwUpao4UA6JtCZfooAgMhicePmUNeJu worth 0USD 12 minutes later,Transfered,2022-07-02 21:28:14.000,2dUixoGCD88qf8Hh23jJedQHPewgVGJkJGqBKDjbcYY5fbZaLTykRj51fBVtYmGoN2Eem2ujpmiGoNKj8bUUMwHd,Esmx2QjmDZMjJ15yBJ2nhqisjEt7Gqro4jSkofdoVsvY,to 6kDhKM8rDR4DXvwUpao4UA6JtCZfooAgMhicePmUNeJu,STSOL,0,0
0,Exploiter Transfered 0STSOL to 6kDhKM8rDR4DXvwUpao4UA6JtCZfooAgMhicePmUNeJu worth 0USD 0 minutes later,Transfered,2022-07-02 21:28:19.000,5KvpcjNiMeaR4isjKgt2mqip6txrWPgfKwnhGvUMHWJaRLXMqW1c7vLsHLqA759Hb3Pj4yR4M6KbiB8TfFHc3R8B,Esmx2QjmDZMjJ15yBJ2nhqisjEt7Gqro4jSkofdoVsvY,to 6kDhKM8rDR4DXvwUpao4UA6JtCZfooAgMhicePmUNeJu,STSOL,0,0
0,Exploiter Transfered 0STSOL to 6kDhKM8rDR4DXvwUpao4UA6JtCZfooAgMhicePmUNeJu worth 0USD 0 minutes later,Transfered,2022-07-02 21:28:24.000,poeaZppCPqZzm3yzu6AjuptvtCYMff7SefASoUCtUdmaSRznbX85cF2PKdCDjGAGWLrw4ZcwxZz4gP6bQCJGLdd,Esmx2QjmDZMjJ15yBJ2nhqisjEt7Gqro4jSkofdoVsvY,to 6kDhKM8rDR4DXvwUpao4UA6JtCZfooAgMhicePmUNeJu,STSOL,0,0
0,Exploiter Transfered 0STSOL to 6kDhKM8rDR4DXvwUpao4UA6JtCZfooAgMhicePmUNeJu worth 0USD 0 minutes later,Transfered,2022-07-02 21:28:28.000,WM9zWVmYf312xvm6yMkfh9griZgytB86PS5n2wdBwz8yye3KXHdxPnYX1PzfYJjaX7isP4Y72nPpLsHNwCpJ9Zx,Esmx2QjmDZMjJ15yBJ2nhqisjEt7Gqro4jSkofdoVsvY,to 6kDhKM8rDR4DXvwUpao4UA6JtCZfooAgMhicePmUNeJu,STSOL,0,0
0,Exploiter Transfered 0STSOL to 6kDhKM8rDR4DXvwUpao4UA6JtCZfooAgMhicePmUNeJu worth 0USD 0 minutes later,Transfered,2022-07-02 21:28:33.000,4hb3WgGPaWVGA3Vkm9DVGsiSij5WtN3beDjd1LhkFpvYkNAmC7JcKFEFtJWnJsnWdK5FrgmbjxuEgfGz7Rp6KwT5,Esmx2QjmDZMjJ15yBJ2nhqisjEt7Gqro4jSkofdoVsvY,to 6kDhKM8rDR4DXvwUpao4UA6JtCZfooAgMhicePmUNeJu,STSOL,0,0
0,Exploiter Transfered 0STSOL to 6kDhKM8rDR4DXvwUpao4UA6JtCZfooAgMhicePmUNeJu worth 0USD 0 minutes later,Transfered,2022-07-02 21:28:36.000,5VmcVCzzMd9oq8frWZ79xS5Yzfx5nkywim2WjGkw8FKJjDw5HfWartd4krTcMe2m8FPXFAio5DMKhYWr8jTYKFJx,Esmx2QjmDZMjJ15yBJ2nhqisjEt7Gqro4jSkofdoVsvY,to 6kDhKM8rDR4DXvwUpao4UA6JtCZfooAgMhicePmUNeJu,STSOL,0,0
0,Exploiter Transfered 0STSOL to 6kDhKM8rDR4DXvwUpao4UA6JtCZfooAgMhicePmUNeJu worth 0USD 0 minutes later,Transfered,2022-07-02 21:28:44.000,2QdNAbabVqhJS2bcbdMgZcS4Dfaxr212ZwNqxfgyvPkfb62pK9b5z2kZoAahP8Pi8xzcQaNuFCddD1r5H21JGapR,Esmx2QjmDZMjJ15yBJ2nhqisjEt7Gqro4jSkofdoVsvY,to 6kDhKM8rDR4DXvwUpao4UA6JtCZfooAgMhicePmUNeJu,STSOL,0,0
0,Exploiter Transfered 0STSOL to 6kDhKM8rDR4DXvwUpao4UA6JtCZfooAgMhicePmUNeJu worth 0USD 0 minutes later,Transfered,2022-07-02 21:28:47.000,mTvfhkxDX25JRwhC9fQhSMtBQDjx7CR4FBBp1WhB93WbZJosRyFQtbeAs3vCTkBwyjdfkZ194VNCVMUtH2t75Q9,Esmx2QjmDZMjJ15yBJ2nhqisjEt7Gqro4jSkofdoVsvY,to 6kDhKM8rDR4DXvwUpao4UA6JtCZfooAgMhicePmUNeJu,STSOL,0,0
1,Exploiter Transfered 0STSOL to 6kDhKM8rDR4DXvwUpao4UA6JtCZfooAgMhicePmUNeJu worth 0USD 1 minutes later,Transfered,2022-07-02 21:29:56.000,5dPJCMFPESSc6AzCibUckC7fip5WouodbPiESn5g1EmY11JCQRLq4adYsA826oufDPLLcyPyt3pEXF1GsF2cgZU8,Esmx2QjmDZMjJ15yBJ2nhqisjEt7Gqro4jSkofdoVsvY,to 6kDhKM8rDR4DXvwUpao4UA6JtCZfooAgMhicePmUNeJu,STSOL,0,0
1,Exploiter Transfered 0STSOL to 6kDhKM8rDR4DXvwUpao4UA6JtCZfooAgMhicePmUNeJu worth 0USD 1 minutes later,Transfered,2022-07-02 21:30:00.000,61txr8iTAn41DvXSLebNjzii7VQmj4cEsXrZjdvRnBahdRDX88ojYD4TxXXt19kvLdLDMe8raCRb6LA5mikhrBZV,Esmx2QjmDZMjJ15yBJ2nhqisjEt7Gqro4jSkofdoVsvY,to 6kDhKM8rDR4DXvwUpao4UA6JtCZfooAgMhicePmUNeJu,STSOL,0,0
0,Exploiter Transfered 0STSOL to 6kDhKM8rDR4DXvwUpao4UA6JtCZfooAgMhicePmUNeJu worth 0USD 0 minutes later,Transfered,2022-07-02 21:30:03.000,3Y1PByMEPitfexsT5zc4JCbxqfAQDqFhmxccmYCk7MBtYFxN3BAjd2zYvpx8s13D93krjYG7sihjLQJv859jdZyK,Esmx2QjmDZMjJ15yBJ2nhqisjEt7Gqro4jSkofdoVsvY,to 6kDhKM8rDR4DXvwUpao4UA6JtCZfooAgMhicePmUNeJu,STSOL,0,0
0,Exploiter Transfered 0STSOL to 6kDhKM8rDR4DXvwUpao4UA6JtCZfooAgMhicePmUNeJu worth 0USD 0 minutes later,Transfered,2022-07-02 21:30:07.000,3qNSSgVap4MAUXoMpAkYhGB1gfszWEmsEcDCigHkd1uBhacSXppKBgV5JccaAyDLp9uh67PgqZzRfdjMefaJvszY,Esmx2QjmDZMjJ15yBJ2nhqisjEt7Gqro4jSkofdoVsvY,to 6kDhKM8rDR4DXvwUpao4UA6JtCZfooAgMhicePmUNeJu,STSOL,0,0
1,Exploiter Transfered 0STSOL to 6kDhKM8rDR4DXvwUpao4UA6JtCZfooAgMhicePmUNeJu worth 0USD 1 minutes later,Transfered,2022-07-02 21:31:47.000,5fbYim9VrVXy3XxNHUsKzdk2K1QWUrzReKDqfgzkfe5JZUdYF67qLB47Akp9m5S3TF3BdkLKwj4S2zTSyx2cSomd,Esmx2QjmDZMjJ15yBJ2nhqisjEt7Gqro4jSkofdoVsvY,to 6kDhKM8rDR4DXvwUpao4UA6JtCZfooAgMhicePmUNeJu,STSOL,0,0
0,Exploiter Transfered 0STSOL to 6kDhKM8rDR4DXvwUpao4UA6JtCZfooAgMhicePmUNeJu worth 0USD 0 minutes later,Transfered,2022-07-02 21:31:53.000,26GxCBMMedh45D7QWa7Gftto5RtxtStbDrhdeehd6UaVjcKHBWnnZ1eaosi9Sem5cD2ZkeWcw5sS8ik5cDTjSpvZ,Esmx2QjmDZMjJ15yBJ2nhqisjEt7Gqro4jSkofdoVsvY,to 6kDhKM8rDR4DXvwUpao4UA6JtCZfooAgMhicePmUNeJu,STSOL,0,0
1,Exploiter Transfered 0STSOL to 6kDhKM8rDR4DXvwUpao4UA6JtCZfooAgMhicePmUNeJu worth 0USD 1 minutes later,Transfered,2022-07-02 21:32:01.000,5m4qnpfb2PZkG1TtEVL9zLLdUVjLLNYr4zd1zNV9Z2G5WJzMCw4kbeWuQRBURWtyDT83ZBAy7pBvnjLmDkkRqFBe,Esmx2QjmDZMjJ15yBJ2nhqisjEt7Gqro4jSkofdoVsvY,to 6kDhKM8rDR4DXvwUpao4UA6JtCZfooAgMhicePmUNeJu,STSOL,0,0
0,Exploiter Transfered 0STSOL to 6kDhKM8rDR4DXvwUpao4UA6JtCZfooAgMhicePmUNeJu worth 0USD 0 minutes later,Transfered,2022-07-02 21:32:05.000,3YgA6MUjDUjvgthKoKJ3RefCkQPGmxyGSVT4uAY8p3jSad5dkqgj8THdv7unGzSAsXKj6t3FDRZEwqbH1huxQK9d,Esmx2QjmDZMjJ15yBJ2nhqisjEt7Gqro4jSkofdoVsvY,to 6kDhKM8rDR4DXvwUpao4UA6JtCZfooAgMhicePmUNeJu,STSOL,0,0
0,Exploiter Transfered 0STSOL to 6kDhKM8rDR4DXvwUpao4UA6JtCZfooAgMhicePmUNeJu worth 0USD 0 minutes later,Transfered,2022-07-02 21:32:07.000,3uMXRpSUkBwaie2HyiANu6LbVRBWUo9QvMvQSV9AAiuVjNxHMz96Zq3nkJvcKPwfDKtAmJ4TAYM17aupdC5gfMCV,Esmx2QjmDZMjJ15yBJ2nhqisjEt7Gqro4jSkofdoVsvY,to 6kDhKM8rDR4DXvwUpao4UA6JtCZfooAgMhicePmUNeJu,STSOL,0,0
0,Exploiter Transfered 0STSOL to 6kDhKM8rDR4DXvwUpao4UA6JtCZfooAgMhicePmUNeJu worth 0USD 0 minutes later,Transfered,2022-07-02 21:32:09.000,3hEpeBtdyuqTEnM1G1ZtUEKNaBSjVNsUC83Px1NqyXebRQwuynNzS9ykuieE8H4LMhV5daaDKKcqH6zdke6UHwQn,Esmx2QjmDZMjJ15yBJ2nhqisjEt7Gqro4jSkofdoVsvY,to 6kDhKM8rDR4DXvwUpao4UA6JtCZfooAgMhicePmUNeJu,STSOL,0,0
0,Exploiter Transfered 0STSOL to 6kDhKM8rDR4DXvwUpao4UA6JtCZfooAgMhicePmUNeJu worth 0USD 0 minutes later,Transfered,2022-07-02 21:32:23.000,3wrQ8x9MCdgJQ2NWcnaZKgabBGswk7GMdNP7DoJ9wPRXsyv1Mtf5NDX3u3pKt7cV67QzRLcr1tYggZARUMPbg1aG,Esmx2QjmDZMjJ15yBJ2nhqisjEt7Gqro4jSkofdoVsvY,to 6kDhKM8rDR4DXvwUpao4UA6JtCZfooAgMhicePmUNeJu,STSOL,0,0
0,Exploiter Transfered 0STSOL to 6kDhKM8rDR4DXvwUpao4UA6JtCZfooAgMhicePmUNeJu worth 0USD 0 minutes later,Transfered,2022-07-02 21:32:25.000,4ixfhxTMWGuKEqa3xC27rdPayvZzEFeiEj2rozhWjSwrAUHmHHgivkb4xTzuaCKWGnHKLfVNPbVANcRmpmFTze1F,Esmx2QjmDZMjJ15yBJ2nhqisjEt7Gqro4jSkofdoVsvY,to 6kDhKM8rDR4DXvwUpao4UA6JtCZfooAgMhicePmUNeJu,STSOL,0,0
8,Exploiter Transfered 0STSOL to 6kDhKM8rDR4DXvwUpao4UA6JtCZfooAgMhicePmUNeJu worth 0USD 8 minutes later,Transfered,2022-07-02 21:40:03.000,KHSX2gK7W6vXSfMLSL5fJFvMHnZjkRTkEPBeehUHKWZuYApLUfiBum8fdLtbL4seMBQSEgiupibgG2kEP34Lq9P,Esmx2QjmDZMjJ15yBJ2nhqisjEt7Gqro4jSkofdoVsvY,to 6kDhKM8rDR4DXvwUpao4UA6JtCZfooAgMhicePmUNeJu,STSOL,0,0
0,Exploiter Transfered 0STSOL to 6kDhKM8rDR4DXvwUpao4UA6JtCZfooAgMhicePmUNeJu worth 0USD 0 minutes later,Transfered,2022-07-02 21:40:08.000,wc1tFsVKBdxcq28qU3LiHhmhH8FyBHiDT5d1LVNPuU5DhmjBRWYQK6eswHn6BjqAbR99SDMDt6RohrsJ6FC85mt,Esmx2QjmDZMjJ15yBJ2nhqisjEt7Gqro4jSkofdoVsvY,to 6kDhKM8rDR4DXvwUpao4UA6JtCZfooAgMhicePmUNeJu,STSOL,0,0
0,Exploiter Transfered 0STSOL to 6kDhKM8rDR4DXvwUpao4UA6JtCZfooAgMhicePmUNeJu worth 0USD 0 minutes later,Transfered,2022-07-02 21:40:25.000,5zLbLNkcuJSTfHMAgTxpjn8Hq9vRZGfLRNtKFNXJex8hDWT4v9uUiXaf2wQmsDwxLgsss2jpEN4KkShY7hDhewMV,Esmx2QjmDZMjJ15yBJ2nhqisjEt7Gqro4jSkofdoVsvY,to 6kDhKM8rDR4DXvwUpao4UA6JtCZfooAgMhicePmUNeJu,STSOL,0,0
0,Exploiter Transfered 445650.12USDT from HsYb453638e4ZwykZj4PHNwFiXHauV9UuNL3mCmFkZzh worth 445862.96USD 0 minutes later,Transfered,2022-07-02 21:57:55.000,2TLDzCCFQ2LdApQBhnXBdbYF7ebTmBgZ8MtQFjYE29BbBxHdBgAmyikmK2s76xQRQErPmR8KsE9jLFnJbJHy3Mvn,Esmx2QjmDZMjJ15yBJ2nhqisjEt7Gqro4jSkofdoVsvY,from HsYb453638e4ZwykZj4PHNwFiXHauV9UuNL3mCmFkZzh,USDT,445650.12,445862.96
0,Exploiter Transfered 5500001USDT to HsYb453638e4ZwykZj4PHNwFiXHauV9UuNL3mCmFkZzh worth 5502627.83USD 0 minutes later,Transfered,2022-07-02 21:57:55.000,2TLDzCCFQ2LdApQBhnXBdbYF7ebTmBgZ8MtQFjYE29BbBxHdBgAmyikmK2s76xQRQErPmR8KsE9jLFnJbJHy3Mvn,Esmx2QjmDZMjJ15yBJ2nhqisjEt7Gqro4jSkofdoVsvY,to HsYb453638e4ZwykZj4PHNwFiXHauV9UuNL3mCmFkZzh,USDT,5500001,5502627.83
0,Exploiter Transfered 5516500USDT to DdZR6zRFiUt4S5mg7AV1uKB2z1f1WzcNYCaTEEWPAuby worth 5519134.71USD 0 minutes later,Transfered,2022-07-02 21:57:55.000,2TLDzCCFQ2LdApQBhnXBdbYF7ebTmBgZ8MtQFjYE29BbBxHdBgAmyikmK2s76xQRQErPmR8KsE9jLFnJbJHy3Mvn,Esmx2QjmDZMjJ15yBJ2nhqisjEt7Gqro4jSkofdoVsvY,to DdZR6zRFiUt4S5mg7AV1uKB2z1f1WzcNYCaTEEWPAuby,USDT,5516500,5519134.71
0,Exploiter Transfered 3300USDT from DdZR6zRFiUt4S5mg7AV1uKB2z1f1WzcNYCaTEEWPAuby worth 3301.58USD 0 minutes later,Transfered,2022-07-02 21:57:55.000,2TLDzCCFQ2LdApQBhnXBdbYF7ebTmBgZ8MtQFjYE29BbBxHdBgAmyikmK2s76xQRQErPmR8KsE9jLFnJbJHy3Mvn,Esmx2QjmDZMjJ15yBJ2nhqisjEt7Gqro4jSkofdoVsvY,from DdZR6zRFiUt4S5mg7AV1uKB2z1f1WzcNYCaTEEWPAuby,USDT,3300,3301.58
17,Exploiter Transfered 5500001USDT from HsYb453638e4ZwykZj4PHNwFiXHauV9UuNL3mCmFkZzh worth 5502627.83USD 17 minutes later,Transfered,2022-07-02 21:57:55.000,2TLDzCCFQ2LdApQBhnXBdbYF7ebTmBgZ8MtQFjYE29BbBxHdBgAmyikmK2s76xQRQErPmR8KsE9jLFnJbJHy3Mvn,Esmx2QjmDZMjJ15yBJ2nhqisjEt7Gqro4jSkofdoVsvY,from HsYb453638e4ZwykZj4PHNwFiXHauV9UuNL3mCmFkZzh,USDT,5500001,5502627.83
0,Exploiter Transfered 84900.35USDC from HsYb453638e4ZwykZj4PHNwFiXHauV9UuNL3mCmFkZzh worth 85008.39USD 0 minutes later,Transfered,2022-07-02 21:57:55.000,2TLDzCCFQ2LdApQBhnXBdbYF7ebTmBgZ8MtQFjYE29BbBxHdBgAmyikmK2s76xQRQErPmR8KsE9jLFnJbJHy3Mvn,Esmx2QjmDZMjJ15yBJ2nhqisjEt7Gqro4jSkofdoVsvY,from HsYb453638e4ZwykZj4PHNwFiXHauV9UuNL3mCmFkZzh,USDC,84900.35,85008.39
0,Exploiter Transfered 5500000USDT from DdZR6zRFiUt4S5mg7AV1uKB2z1f1WzcNYCaTEEWPAuby worth 5502626.83USD 0 minutes later,Transfered,2022-07-02 21:57:55.000,2TLDzCCFQ2LdApQBhnXBdbYF7ebTmBgZ8MtQFjYE29BbBxHdBgAmyikmK2s76xQRQErPmR8KsE9jLFnJbJHy3Mvn,Esmx2QjmDZMjJ15yBJ2nhqisjEt7Gqro4jSkofdoVsvY,from DdZR6zRFiUt4S5mg7AV1uKB2z1f1WzcNYCaTEEWPAuby,USDT,5500000,5502626.83
2,Exploiter Transfered 5458098.58USDT from HsYb453638e4ZwykZj4PHNwFiXHauV9UuNL3mCmFkZzh worth 5460705.4USD 2 minutes later,Transfered,2022-07-02 21:59:12.000,6AhmXSeoDj6zsDtxRuUUGJYJfrKGGF5CjzCKuBvq7E3AFZQCXxU1ccksXi8HbARJLR3EFgbJkEVcWQYbYzUUmGd,Esmx2QjmDZMjJ15yBJ2nhqisjEt7Gqro4jSkofdoVsvY,from HsYb453638e4ZwykZj4PHNwFiXHauV9UuNL3mCmFkZzh,USDT,5458098.58,5460705.4
0,Exploiter Transfered 85155.04USDC from HsYb453638e4ZwykZj4PHNwFiXHauV9UuNL3mCmFkZzh worth 85263.4USD 0 minutes later,Transfered,2022-07-02 21:59:12.000,6AhmXSeoDj6zsDtxRuUUGJYJfrKGGF5CjzCKuBvq7E3AFZQCXxU1ccksXi8HbARJLR3EFgbJkEVcWQYbYzUUmGd,Esmx2QjmDZMjJ15yBJ2nhqisjEt7Gqro4jSkofdoVsvY,from HsYb453638e4ZwykZj4PHNwFiXHauV9UuNL3mCmFkZzh,USDC,85155.04,85263.4
0,Exploiter Transfered 5516500USDT from HsYb453638e4ZwykZj4PHNwFiXHauV9UuNL3mCmFkZzh worth 5519134.71USD 0 minutes later,Transfered,2022-07-02 21:59:12.000,6AhmXSeoDj6zsDtxRuUUGJYJfrKGGF5CjzCKuBvq7E3AFZQCXxU1ccksXi8HbARJLR3EFgbJkEVcWQYbYzUUmGd,Esmx2QjmDZMjJ15yBJ2nhqisjEt7Gqro4jSkofdoVsvY,from HsYb453638e4ZwykZj4PHNwFiXHauV9UuNL3mCmFkZzh,USDT,5516500,5519134.71
0,Exploiter Transfered 3300USDT from DdZR6zRFiUt4S5mg7AV1uKB2z1f1WzcNYCaTEEWPAuby worth 3301.58USD 0 minutes later,Transfered,2022-07-02 21:59:12.000,6AhmXSeoDj6zsDtxRuUUGJYJfrKGGF5CjzCKuBvq7E3AFZQCXxU1ccksXi8HbARJLR3EFgbJkEVcWQYbYzUUmGd,Esmx2QjmDZMjJ15yBJ2nhqisjEt7Gqro4jSkofdoVsvY,from DdZR6zRFiUt4S5mg7AV1uKB2z1f1WzcNYCaTEEWPAuby,USDT,3300,3301.58
0,Exploiter Transfered 5516500USDT to DdZR6zRFiUt4S5mg7AV1uKB2z1f1WzcNYCaTEEWPAuby worth 5519134.71USD 0 minutes later,Transfered,2022-07-02 21:59:12.000,6AhmXSeoDj6zsDtxRuUUGJYJfrKGGF5CjzCKuBvq7E3AFZQCXxU1ccksXi8HbARJLR3EFgbJkEVcWQYbYzUUmGd,Esmx2QjmDZMjJ15yBJ2nhqisjEt7Gqro4jSkofdoVsvY,to DdZR6zRFiUt4S5mg7AV1uKB2z1f1WzcNYCaTEEWPAuby,USDT,5516500,5519134.71
0,Exploiter Transfered 5500000USDT from DdZR6zRFiUt4S5mg7AV1uKB2z1f1WzcNYCaTEEWPAuby worth 5502626.83USD 0 minutes later,Transfered,2022-07-02 21:59:12.000,6AhmXSeoDj6zsDtxRuUUGJYJfrKGGF5CjzCKuBvq7E3AFZQCXxU1ccksXi8HbARJLR3EFgbJkEVcWQYbYzUUmGd,Esmx2QjmDZMjJ15yBJ2nhqisjEt7Gqro4jSkofdoVsvY,from DdZR6zRFiUt4S5mg7AV1uKB2z1f1WzcNYCaTEEWPAuby,USDT,5500000,5502626.83
0,Exploiter Transfered 5516500USDT to HsYb453638e4ZwykZj4PHNwFiXHauV9UuNL3mCmFkZzh worth 5519134.71USD 0 minutes later,Transfered,2022-07-02 21:59:12.000,6AhmXSeoDj6zsDtxRuUUGJYJfrKGGF5CjzCKuBvq7E3AFZQCXxU1ccksXi8HbARJLR3EFgbJkEVcWQYbYzUUmGd,Esmx2QjmDZMjJ15yBJ2nhqisjEt7Gqro4jSkofdoVsvY,to HsYb453638e4ZwykZj4PHNwFiXHauV9UuNL3mCmFkZzh,USDT,5516500,5519134.71
0,Exploiter Transfered 446986.99USDT from HsYb453638e4ZwykZj4PHNwFiXHauV9UuNL3mCmFkZzh worth 447200.47USD 0 minutes later,Transfered,2022-07-02 21:59:12.000,6AhmXSeoDj6zsDtxRuUUGJYJfrKGGF5CjzCKuBvq7E3AFZQCXxU1ccksXi8HbARJLR3EFgbJkEVcWQYbYzUUmGd,Esmx2QjmDZMjJ15yBJ2nhqisjEt7Gqro4jSkofdoVsvY,from HsYb453638e4ZwykZj4PHNwFiXHauV9UuNL3mCmFkZzh,USDT,446986.99,447200.47
0,Exploiter Transfered 400001USDH from 61o5FKQ7h2BFB1SVVBXqtiGy4oAy2wcNuDXoxUdAYWQq worth 400289.27USD 0 minutes later,Transfered,2022-07-02 22:06:26.000,5tGmRT8fWF8TCPbdwkw7RKnquqKJ8KKsHn8CveNnEF2WPfXSG87JTbBBp4aqFJMzCTA9eK2kWj2ubfi1MitMr3td,Esmx2QjmDZMjJ15yBJ2nhqisjEt7Gqro4jSkofdoVsvY,from 61o5FKQ7h2BFB1SVVBXqtiGy4oAy2wcNuDXoxUdAYWQq,USDH,400001,400289.27
0,Exploiter Transfered 6808.38USDC from 61o5FKQ7h2BFB1SVVBXqtiGy4oAy2wcNuDXoxUdAYWQq worth 6817.05USD 0 minutes later,Transfered,2022-07-02 22:06:26.000,5tGmRT8fWF8TCPbdwkw7RKnquqKJ8KKsHn8CveNnEF2WPfXSG87JTbBBp4aqFJMzCTA9eK2kWj2ubfi1MitMr3td,Esmx2QjmDZMjJ15yBJ2nhqisjEt7Gqro4jSkofdoVsvY,from 61o5FKQ7h2BFB1SVVBXqtiGy4oAy2wcNuDXoxUdAYWQq,USDC,6808.38,6817.05
7,Exploiter Transfered 240USDH from Ej4KxxUz73edQzjfsPVWvYxT5eyhQoWoXpo7BYm2Ejhj worth 240.17USD 7 minutes later,Transfered,2022-07-02 22:06:26.000,5tGmRT8fWF8TCPbdwkw7RKnquqKJ8KKsHn8CveNnEF2WPfXSG87JTbBBp4aqFJMzCTA9eK2kWj2ubfi1MitMr3td,Esmx2QjmDZMjJ15yBJ2nhqisjEt7Gqro4jSkofdoVsvY,from Ej4KxxUz73edQzjfsPVWvYxT5eyhQoWoXpo7BYm2Ejhj,USDH,240,240.17
0,Exploiter Transfered 400001USDH to 61o5FKQ7h2BFB1SVVBXqtiGy4oAy2wcNuDXoxUdAYWQq worth 400289.27USD 0 minutes later,Transfered,2022-07-02 22:06:26.000,5tGmRT8fWF8TCPbdwkw7RKnquqKJ8KKsHn8CveNnEF2WPfXSG87JTbBBp4aqFJMzCTA9eK2kWj2ubfi1MitMr3td,Esmx2QjmDZMjJ15yBJ2nhqisjEt7Gqro4jSkofdoVsvY,to 61o5FKQ7h2BFB1SVVBXqtiGy4oAy2wcNuDXoxUdAYWQq,USDH,400001,400289.27
0,Exploiter Transfered 60682.81USDH from 61o5FKQ7h2BFB1SVVBXqtiGy4oAy2wcNuDXoxUdAYWQq worth 60726.54USD 0 minutes later,Transfered,2022-07-02 22:06:26.000,5tGmRT8fWF8TCPbdwkw7RKnquqKJ8KKsHn8CveNnEF2WPfXSG87JTbBBp4aqFJMzCTA9eK2kWj2ubfi1MitMr3td,Esmx2QjmDZMjJ15yBJ2nhqisjEt7Gqro4jSkofdoVsvY,from 61o5FKQ7h2BFB1SVVBXqtiGy4oAy2wcNuDXoxUdAYWQq,USDH,60682.81,60726.54
0,Exploiter Transfered 401200USDH to Ej4KxxUz73edQzjfsPVWvYxT5eyhQoWoXpo7BYm2Ejhj worth 401489.13USD 0 minutes later,Transfered,2022-07-02 22:06:26.000,5tGmRT8fWF8TCPbdwkw7RKnquqKJ8KKsHn8CveNnEF2WPfXSG87JTbBBp4aqFJMzCTA9eK2kWj2ubfi1MitMr3td,Esmx2QjmDZMjJ15yBJ2nhqisjEt7Gqro4jSkofdoVsvY,to Ej4KxxUz73edQzjfsPVWvYxT5eyhQoWoXpo7BYm2Ejhj,USDH,401200,401489.13
0,Exploiter Transfered 400000USDH from Ej4KxxUz73edQzjfsPVWvYxT5eyhQoWoXpo7BYm2Ejhj worth 400288.27USD 0 minutes later,Transfered,2022-07-02 22:06:26.000,5tGmRT8fWF8TCPbdwkw7RKnquqKJ8KKsHn8CveNnEF2WPfXSG87JTbBBp4aqFJMzCTA9eK2kWj2ubfi1MitMr3td,Esmx2QjmDZMjJ15yBJ2nhqisjEt7Gqro4jSkofdoVsvY,from Ej4KxxUz73edQzjfsPVWvYxT5eyhQoWoXpo7BYm2Ejhj,USDH,400000,400288.27
0,Exploiter Transfered 6828.79USDC from 61o5FKQ7h2BFB1SVVBXqtiGy4oAy2wcNuDXoxUdAYWQq worth 6837.48USD 0 minutes later,Transfered,2022-07-02 22:06:57.000,4A2BeL7aTseMmH88sad37D5WVhuSPPPEKDGCEM2MFjBWZJoMwZ19pyp6MC7884BdFuSaSvGhhYHbVHWFPF5dMwTr,Esmx2QjmDZMjJ15yBJ2nhqisjEt7Gqro4jSkofdoVsvY,from 61o5FKQ7h2BFB1SVVBXqtiGy4oAy2wcNuDXoxUdAYWQq,USDC,6828.79,6837.48
0,Exploiter Transfered 401200USDH from 61o5FKQ7h2BFB1SVVBXqtiGy4oAy2wcNuDXoxUdAYWQq worth 401489.13USD 0 minutes later,Transfered,2022-07-02 22:06:57.000,4A2BeL7aTseMmH88sad37D5WVhuSPPPEKDGCEM2MFjBWZJoMwZ19pyp6MC7884BdFuSaSvGhhYHbVHWFPF5dMwTr,Esmx2QjmDZMjJ15yBJ2nhqisjEt7Gqro4jSkofdoVsvY,from 61o5FKQ7h2BFB1SVVBXqtiGy4oAy2wcNuDXoxUdAYWQq,USDH,401200,401489.13
0,Exploiter Transfered 401200USDH to Ej4KxxUz73edQzjfsPVWvYxT5eyhQoWoXpo7BYm2Ejhj worth 401489.13USD 0 minutes later,Transfered,2022-07-02 22:06:57.000,4A2BeL7aTseMmH88sad37D5WVhuSPPPEKDGCEM2MFjBWZJoMwZ19pyp6MC7884BdFuSaSvGhhYHbVHWFPF5dMwTr,Esmx2QjmDZMjJ15yBJ2nhqisjEt7Gqro4jSkofdoVsvY,to Ej4KxxUz73edQzjfsPVWvYxT5eyhQoWoXpo7BYm2Ejhj,USDH,401200,401489.13
0,Exploiter Transfered 400000USDH from Ej4KxxUz73edQzjfsPVWvYxT5eyhQoWoXpo7BYm2Ejhj worth 400288.27USD 0 minutes later,Transfered,2022-07-02 22:06:57.000,4A2BeL7aTseMmH88sad37D5WVhuSPPPEKDGCEM2MFjBWZJoMwZ19pyp6MC7884BdFuSaSvGhhYHbVHWFPF5dMwTr,Esmx2QjmDZMjJ15yBJ2nhqisjEt7Gqro4jSkofdoVsvY,from Ej4KxxUz73edQzjfsPVWvYxT5eyhQoWoXpo7BYm2Ejhj,USDH,400000,400288.27
0,Exploiter Transfered 240USDH from Ej4KxxUz73edQzjfsPVWvYxT5eyhQoWoXpo7BYm2Ejhj worth 240.17USD 0 minutes later,Transfered,2022-07-02 22:06:57.000,4A2BeL7aTseMmH88sad37D5WVhuSPPPEKDGCEM2MFjBWZJoMwZ19pyp6MC7884BdFuSaSvGhhYHbVHWFPF5dMwTr,Esmx2QjmDZMjJ15yBJ2nhqisjEt7Gqro4jSkofdoVsvY,from Ej4KxxUz73edQzjfsPVWvYxT5eyhQoWoXpo7BYm2Ejhj,USDH,240,240.17
0,Exploiter Transfered 60864.7USDH from 61o5FKQ7h2BFB1SVVBXqtiGy4oAy2wcNuDXoxUdAYWQq worth 60908.57USD 0 minutes later,Transfered,2022-07-02 22:06:57.000,4A2BeL7aTseMmH88sad37D5WVhuSPPPEKDGCEM2MFjBWZJoMwZ19pyp6MC7884BdFuSaSvGhhYHbVHWFPF5dMwTr,Esmx2QjmDZMjJ15yBJ2nhqisjEt7Gqro4jSkofdoVsvY,from 61o5FKQ7h2BFB1SVVBXqtiGy4oAy2wcNuDXoxUdAYWQq,USDH,60864.7,60908.57
0,Exploiter Transfered 401200USDH to 61o5FKQ7h2BFB1SVVBXqtiGy4oAy2wcNuDXoxUdAYWQq worth 401489.13USD 0 minutes later,Transfered,2022-07-02 22:06:57.000,4A2BeL7aTseMmH88sad37D5WVhuSPPPEKDGCEM2MFjBWZJoMwZ19pyp6MC7884BdFuSaSvGhhYHbVHWFPF5dMwTr,Esmx2QjmDZMjJ15yBJ2nhqisjEt7Gqro4jSkofdoVsvY,to 61o5FKQ7h2BFB1SVVBXqtiGy4oAy2wcNuDXoxUdAYWQq,USDH,401200,401489.13
0,Exploiter Transfered 401200USDH to Ej4KxxUz73edQzjfsPVWvYxT5eyhQoWoXpo7BYm2Ejhj worth 401489.13USD 0 minutes later,Transfered,2022-07-02 22:07:23.000,4jMeCb7vom4a9xGC678Q5kFr2zyPzM6a1ty7arGsBiT56CiXBmkcU87itE7q9nfV6ocB6ur373Z7WjUmYhwYJwtC,Esmx2QjmDZMjJ15yBJ2nhqisjEt7Gqro4jSkofdoVsvY,to Ej4KxxUz73edQzjfsPVWvYxT5eyhQoWoXpo7BYm2Ejhj,USDH,401200,401489.13
0,Exploiter Transfered 376663.37USDH from 61o5FKQ7h2BFB1SVVBXqtiGy4oAy2wcNuDXoxUdAYWQq worth 376934.82USD 0 minutes later,Transfered,2022-07-02 22:07:23.000,4jMeCb7vom4a9xGC678Q5kFr2zyPzM6a1ty7arGsBiT56CiXBmkcU87itE7q9nfV6ocB6ur373Z7WjUmYhwYJwtC,Esmx2QjmDZMjJ15yBJ2nhqisjEt7Gqro4jSkofdoVsvY,from 61o5FKQ7h2BFB1SVVBXqtiGy4oAy2wcNuDXoxUdAYWQq,USDH,376663.37,376934.82
0,Exploiter Transfered 240USDH from Ej4KxxUz73edQzjfsPVWvYxT5eyhQoWoXpo7BYm2Ejhj worth 240.17USD 0 minutes later,Transfered,2022-07-02 22:07:23.000,4jMeCb7vom4a9xGC678Q5kFr2zyPzM6a1ty7arGsBiT56CiXBmkcU87itE7q9nfV6ocB6ur373Z7WjUmYhwYJwtC,Esmx2QjmDZMjJ15yBJ2nhqisjEt7Gqro4jSkofdoVsvY,from Ej4KxxUz73edQzjfsPVWvYxT5eyhQoWoXpo7BYm2Ejhj,USDH,240,240.17
0,Exploiter Transfered 400000USDH from Ej4KxxUz73edQzjfsPVWvYxT5eyhQoWoXpo7BYm2Ejhj worth 400288.27USD 0 minutes later,Transfered,2022-07-02 22:07:23.000,4jMeCb7vom4a9xGC678Q5kFr2zyPzM6a1ty7arGsBiT56CiXBmkcU87itE7q9nfV6ocB6ur373Z7WjUmYhwYJwtC,Esmx2QjmDZMjJ15yBJ2nhqisjEt7Gqro4jSkofdoVsvY,from Ej4KxxUz73edQzjfsPVWvYxT5eyhQoWoXpo7BYm2Ejhj,USDH,400000,400288.27
0,Exploiter Transfered 60864.7USDH from 61o5FKQ7h2BFB1SVVBXqtiGy4oAy2wcNuDXoxUdAYWQq worth 60908.57USD 0 minutes later,Transfered,2022-07-02 22:07:23.000,4jMeCb7vom4a9xGC678Q5kFr2zyPzM6a1ty7arGsBiT56CiXBmkcU87itE7q9nfV6ocB6ur373Z7WjUmYhwYJwtC,Esmx2QjmDZMjJ15yBJ2nhqisjEt7Gqro4jSkofdoVsvY,from 61o5FKQ7h2BFB1SVVBXqtiGy4oAy2wcNuDXoxUdAYWQq,USDH,60864.7,60908.57
0,Exploiter Transfered 401200USDH from 61o5FKQ7h2BFB1SVVBXqtiGy4oAy2wcNuDXoxUdAYWQq worth 401489.13USD 0 minutes later,Transfered,2022-07-02 22:07:23.000,4jMeCb7vom4a9xGC678Q5kFr2zyPzM6a1ty7arGsBiT56CiXBmkcU87itE7q9nfV6ocB6ur373Z7WjUmYhwYJwtC,Esmx2QjmDZMjJ15yBJ2nhqisjEt7Gqro4jSkofdoVsvY,from 61o5FKQ7h2BFB1SVVBXqtiGy4oAy2wcNuDXoxUdAYWQq,USDH,401200,401489.13
1,Exploiter Transfered 401200USDH to 61o5FKQ7h2BFB1SVVBXqtiGy4oAy2wcNuDXoxUdAYWQq worth 401489.13USD 1 minutes later,Transfered,2022-07-02 22:07:23.000,4jMeCb7vom4a9xGC678Q5kFr2zyPzM6a1ty7arGsBiT56CiXBmkcU87itE7q9nfV6ocB6ur373Z7WjUmYhwYJwtC,Esmx2QjmDZMjJ15yBJ2nhqisjEt7Gqro4jSkofdoVsvY,to 61o5FKQ7h2BFB1SVVBXqtiGy4oAy2wcNuDXoxUdAYWQq,USDH,401200,401489.13
0,Exploiter Transfered 6828.79USDC from 61o5FKQ7h2BFB1SVVBXqtiGy4oAy2wcNuDXoxUdAYWQq worth 6837.48USD 0 minutes later,Transfered,2022-07-02 22:07:23.000,4jMeCb7vom4a9xGC678Q5kFr2zyPzM6a1ty7arGsBiT56CiXBmkcU87itE7q9nfV6ocB6ur373Z7WjUmYhwYJwtC,Esmx2QjmDZMjJ15yBJ2nhqisjEt7Gqro4jSkofdoVsvY,from 61o5FKQ7h2BFB1SVVBXqtiGy4oAy2wcNuDXoxUdAYWQq,USDC,6828.79,6837.48
0,Exploiter Swapped 0MSOL to 0.001052526SOL worth 0.03USD 0 minutes later,Swapped,2022-07-02 22:07:25.000,ZUq5WdXbPHeFBuPAYQRMxLQMRLYNzxc9BtfxcL5vxGpKfM34XCw7rYWmSJmxsp6sbkmMGtZyH3irbhBeXGTFmxv,Esmx2QjmDZMjJ15yBJ2nhqisjEt7Gqro4jSkofdoVsvY,to 0.001052526SOL,MSOL,0,0.03
0,Exploiter Transfered 0SOL from 2Sj4MZvmLhud4uRmGHJvDxq612nmF4JJsU1R4ZjNNGMS worth 0.03USD 0 minutes later,Transfered,2022-07-02 22:07:25.000,ZUq5WdXbPHeFBuPAYQRMxLQMRLYNzxc9BtfxcL5vxGpKfM34XCw7rYWmSJmxsp6sbkmMGtZyH3irbhBeXGTFmxv,Esmx2QjmDZMjJ15yBJ2nhqisjEt7Gqro4jSkofdoVsvY,from 2Sj4MZvmLhud4uRmGHJvDxq612nmF4JJsU1R4ZjNNGMS,SOL,0,0.03
0,Exploiter Transfered 0MSOL to 2Sj4MZvmLhud4uRmGHJvDxq612nmF4JJsU1R4ZjNNGMS worth 0.03USD 0 minutes later,Transfered,2022-07-02 22:07:25.000,ZUq5WdXbPHeFBuPAYQRMxLQMRLYNzxc9BtfxcL5vxGpKfM34XCw7rYWmSJmxsp6sbkmMGtZyH3irbhBeXGTFmxv,Esmx2QjmDZMjJ15yBJ2nhqisjEt7Gqro4jSkofdoVsvY,to 2Sj4MZvmLhud4uRmGHJvDxq612nmF4JJsU1R4ZjNNGMS,MSOL,0,0.03
3,Exploiter Transfered 6.3MSOL from DdZR6zRFiUt4S5mg7AV1uKB2z1f1WzcNYCaTEEWPAuby worth 217.74USD 3 minutes later,Transfered,2022-07-02 22:10:14.000,5iTy2smznuB2iQ9rgxP2YmEEGcv8bSvjqntiX8Vscxfr4Jakfnu5wZf1XJ86Xv79wwp1LeXCa6A9L9TLJ3TAoMhh,Esmx2QjmDZMjJ15yBJ2nhqisjEt7Gqro4jSkofdoVsvY,from DdZR6zRFiUt4S5mg7AV1uKB2z1f1WzcNYCaTEEWPAuby,MSOL,6.3,217.74
0,Exploiter Transfered 10531.5MSOL to DdZR6zRFiUt4S5mg7AV1uKB2z1f1WzcNYCaTEEWPAuby worth 363983.11USD 0 minutes later,Transfered,2022-07-02 22:10:14.000,5iTy2smznuB2iQ9rgxP2YmEEGcv8bSvjqntiX8Vscxfr4Jakfnu5wZf1XJ86Xv79wwp1LeXCa6A9L9TLJ3TAoMhh,Esmx2QjmDZMjJ15yBJ2nhqisjEt7Gqro4jSkofdoVsvY,to DdZR6zRFiUt4S5mg7AV1uKB2z1f1WzcNYCaTEEWPAuby,MSOL,10531.5,363983.11
0,Exploiter Transfered 10500.01MSOL to HS5GnRmXkeC8j2a6wJVaNhKNEbdrgeQJ1d3JL2x82g8Q worth 362894.68USD 0 minutes later,Transfered,2022-07-02 22:10:14.000,5iTy2smznuB2iQ9rgxP2YmEEGcv8bSvjqntiX8Vscxfr4Jakfnu5wZf1XJ86Xv79wwp1LeXCa6A9L9TLJ3TAoMhh,Esmx2QjmDZMjJ15yBJ2nhqisjEt7Gqro4jSkofdoVsvY,to HS5GnRmXkeC8j2a6wJVaNhKNEbdrgeQJ1d3JL2x82g8Q,MSOL,10500.01,362894.68
0,Exploiter Transfered 2905.12SOL from HS5GnRmXkeC8j2a6wJVaNhKNEbdrgeQJ1d3JL2x82g8Q worth 95423.99USD 0 minutes later,Transfered,2022-07-02 22:10:14.000,5iTy2smznuB2iQ9rgxP2YmEEGcv8bSvjqntiX8Vscxfr4Jakfnu5wZf1XJ86Xv79wwp1LeXCa6A9L9TLJ3TAoMhh,Esmx2QjmDZMjJ15yBJ2nhqisjEt7Gqro4jSkofdoVsvY,from HS5GnRmXkeC8j2a6wJVaNhKNEbdrgeQJ1d3JL2x82g8Q,SOL,2905.12,95423.99
0,Exploiter Transfered 10500.01MSOL from HS5GnRmXkeC8j2a6wJVaNhKNEbdrgeQJ1d3JL2x82g8Q worth 362894.68USD 0 minutes later,Transfered,2022-07-02 22:10:14.000,5iTy2smznuB2iQ9rgxP2YmEEGcv8bSvjqntiX8Vscxfr4Jakfnu5wZf1XJ86Xv79wwp1LeXCa6A9L9TLJ3TAoMhh,Esmx2QjmDZMjJ15yBJ2nhqisjEt7Gqro4jSkofdoVsvY,from HS5GnRmXkeC8j2a6wJVaNhKNEbdrgeQJ1d3JL2x82g8Q,MSOL,10500.01,362894.68
0,Exploiter Transfered 10500MSOL from DdZR6zRFiUt4S5mg7AV1uKB2z1f1WzcNYCaTEEWPAuby worth 362894.42USD 0 minutes later,Transfered,2022-07-02 22:10:14.000,5iTy2smznuB2iQ9rgxP2YmEEGcv8bSvjqntiX8Vscxfr4Jakfnu5wZf1XJ86Xv79wwp1LeXCa6A9L9TLJ3TAoMhh,Esmx2QjmDZMjJ15yBJ2nhqisjEt7Gqro4jSkofdoVsvY,from DdZR6zRFiUt4S5mg7AV1uKB2z1f1WzcNYCaTEEWPAuby,MSOL,10500,362894.42
0,Exploiter Transfered 3890.2MSOL from HS5GnRmXkeC8j2a6wJVaNhKNEbdrgeQJ1d3JL2x82g8Q worth 134450.81USD 0 minutes later,Transfered,2022-07-02 22:10:14.000,5iTy2smznuB2iQ9rgxP2YmEEGcv8bSvjqntiX8Vscxfr4Jakfnu5wZf1XJ86Xv79wwp1LeXCa6A9L9TLJ3TAoMhh,Esmx2QjmDZMjJ15yBJ2nhqisjEt7Gqro4jSkofdoVsvY,from HS5GnRmXkeC8j2a6wJVaNhKNEbdrgeQJ1d3JL2x82g8Q,MSOL,3890.2,134450.81
0,Exploiter Transfered 57000STSOL from DdZR6zRFiUt4S5mg7AV1uKB2z1f1WzcNYCaTEEWPAuby worth 1956310.72USD 0 minutes later,Transfered,2022-07-02 22:11:18.000,4q5Hs4N2FS6BeuyvgHLCgH6bKzdnAvKuLm59kxSt4REafve2ZqDt7qxVRvWwWk3jQCyhGfKwWsJFeHueXJF5Hrs9,Esmx2QjmDZMjJ15yBJ2nhqisjEt7Gqro4jSkofdoVsvY,from DdZR6zRFiUt4S5mg7AV1uKB2z1f1WzcNYCaTEEWPAuby,STSOL,57000,1956310.72
0,Exploiter Transfered 57000.01STSOL to 6kDhKM8rDR4DXvwUpao4UA6JtCZfooAgMhicePmUNeJu worth 1956311.05USD 0 minutes later,Transfered,2022-07-02 22:11:18.000,4q5Hs4N2FS6BeuyvgHLCgH6bKzdnAvKuLm59kxSt4REafve2ZqDt7qxVRvWwWk3jQCyhGfKwWsJFeHueXJF5Hrs9,Esmx2QjmDZMjJ15yBJ2nhqisjEt7Gqro4jSkofdoVsvY,to 6kDhKM8rDR4DXvwUpao4UA6JtCZfooAgMhicePmUNeJu,STSOL,57000.01,1956311.05
1,Exploiter Transfered 4157.59STSOL from 6kDhKM8rDR4DXvwUpao4UA6JtCZfooAgMhicePmUNeJu worth 142693.73USD 1 minutes later,Transfered,2022-07-02 22:11:18.000,4q5Hs4N2FS6BeuyvgHLCgH6bKzdnAvKuLm59kxSt4REafve2ZqDt7qxVRvWwWk3jQCyhGfKwWsJFeHueXJF5Hrs9,Esmx2QjmDZMjJ15yBJ2nhqisjEt7Gqro4jSkofdoVsvY,from 6kDhKM8rDR4DXvwUpao4UA6JtCZfooAgMhicePmUNeJu,STSOL,4157.59,142693.73
0,Exploiter Transfered 34.2STSOL from DdZR6zRFiUt4S5mg7AV1uKB2z1f1WzcNYCaTEEWPAuby worth 1173.79USD 0 minutes later,Transfered,2022-07-02 22:11:18.000,4q5Hs4N2FS6BeuyvgHLCgH6bKzdnAvKuLm59kxSt4REafve2ZqDt7qxVRvWwWk3jQCyhGfKwWsJFeHueXJF5Hrs9,Esmx2QjmDZMjJ15yBJ2nhqisjEt7Gqro4jSkofdoVsvY,from DdZR6zRFiUt4S5mg7AV1uKB2z1f1WzcNYCaTEEWPAuby,STSOL,34.2,1173.79
0,Exploiter Transfered 3926.31SOL from 6kDhKM8rDR4DXvwUpao4UA6JtCZfooAgMhicePmUNeJu worth 128966.95USD 0 minutes later,Transfered,2022-07-02 22:11:18.000,4q5Hs4N2FS6BeuyvgHLCgH6bKzdnAvKuLm59kxSt4REafve2ZqDt7qxVRvWwWk3jQCyhGfKwWsJFeHueXJF5Hrs9,Esmx2QjmDZMjJ15yBJ2nhqisjEt7Gqro4jSkofdoVsvY,from 6kDhKM8rDR4DXvwUpao4UA6JtCZfooAgMhicePmUNeJu,SOL,3926.31,128966.95
0,Exploiter Transfered 57171STSOL to DdZR6zRFiUt4S5mg7AV1uKB2z1f1WzcNYCaTEEWPAuby worth 1962179.65USD 0 minutes later,Transfered,2022-07-02 22:11:18.000,4q5Hs4N2FS6BeuyvgHLCgH6bKzdnAvKuLm59kxSt4REafve2ZqDt7qxVRvWwWk3jQCyhGfKwWsJFeHueXJF5Hrs9,Esmx2QjmDZMjJ15yBJ2nhqisjEt7Gqro4jSkofdoVsvY,to DdZR6zRFiUt4S5mg7AV1uKB2z1f1WzcNYCaTEEWPAuby,STSOL,57171,1962179.65
0,Exploiter Transfered 57000.01STSOL from 6kDhKM8rDR4DXvwUpao4UA6JtCZfooAgMhicePmUNeJu worth 1956311.05USD 0 minutes later,Transfered,2022-07-02 22:11:18.000,4q5Hs4N2FS6BeuyvgHLCgH6bKzdnAvKuLm59kxSt4REafve2ZqDt7qxVRvWwWk3jQCyhGfKwWsJFeHueXJF5Hrs9,Esmx2QjmDZMjJ15yBJ2nhqisjEt7Gqro4jSkofdoVsvY,from 6kDhKM8rDR4DXvwUpao4UA6JtCZfooAgMhicePmUNeJu,STSOL,57000.01,1956311.05
2,Exploiter Transfered 19411.26MSOL to EyaSjUtSgo9aRD1f8LWXwdvkpDTmXAW54yoSHZRF14WL worth 670879.85USD 2 minutes later,Transfered,2022-07-02 22:13:02.000,kouwKqCdwF89mKDxV96EJvus33WTrEsXBd3qHA86EgJAoss9Q7D9jDWFg3jEAsoFLchGVxkD58QU1KLt59Ewj2k,Esmx2QjmDZMjJ15yBJ2nhqisjEt7Gqro4jSkofdoVsvY,to EyaSjUtSgo9aRD1f8LWXwdvkpDTmXAW54yoSHZRF14WL,MSOL,19411.26,670879.85
0,Exploiter Transfered 14.57MSOL to AufL1ZuuAZoX7jBw8kECvjUYjfhWqZm13hbXeqnLMhFu worth 503.54USD 0 minutes later,Transfered,2022-07-02 22:13:02.000,kouwKqCdwF89mKDxV96EJvus33WTrEsXBd3qHA86EgJAoss9Q7D9jDWFg3jEAsoFLchGVxkD58QU1KLt59Ewj2k,Esmx2QjmDZMjJ15yBJ2nhqisjEt7Gqro4jSkofdoVsvY,to AufL1ZuuAZoX7jBw8kECvjUYjfhWqZm13hbXeqnLMhFu,MSOL,14.57,503.54
0,Exploiter Transfered 20651.17STSOL to 8eyi347MTDeH5F6eVv2qjPxVnU685FFZLDGcj5QWHZ6y worth 708773.81USD 0 minutes later,Transfered,2022-07-02 22:14:13.000,4cpTBtejDs5zGnzqmb4DCt4Qh5htkbmf6waJkcA92Eze3trmFfA7MceSMWSBQ95DbMdZNxfF6pPjdXydEouQ1Twm,Esmx2QjmDZMjJ15yBJ2nhqisjEt7Gqro4jSkofdoVsvY,to 8eyi347MTDeH5F6eVv2qjPxVnU685FFZLDGcj5QWHZ6y,STSOL,20651.17,708773.81
0,Exploiter Swapped 20651.17STSOL to 21278.685402968SOL worth 714012.94USD 0 minutes later,Swapped,2022-07-02 22:14:13.000,4cpTBtejDs5zGnzqmb4DCt4Qh5htkbmf6waJkcA92Eze3trmFfA7MceSMWSBQ95DbMdZNxfF6pPjdXydEouQ1Twm,Esmx2QjmDZMjJ15yBJ2nhqisjEt7Gqro4jSkofdoVsvY,to 21278.685402968SOL,STSOL,20651.17,714012.94
1,Exploiter Transfered 21278.69SOL from 8eyi347MTDeH5F6eVv2qjPxVnU685FFZLDGcj5QWHZ6y worth 698938.39USD 1 minutes later,Transfered,2022-07-02 22:14:13.000,4cpTBtejDs5zGnzqmb4DCt4Qh5htkbmf6waJkcA92Eze3trmFfA7MceSMWSBQ95DbMdZNxfF6pPjdXydEouQ1Twm,Esmx2QjmDZMjJ15yBJ2nhqisjEt7Gqro4jSkofdoVsvY,from 8eyi347MTDeH5F6eVv2qjPxVnU685FFZLDGcj5QWHZ6y,SOL,21278.69,698938.39
0,Exploiter Transfered 120.51USDC from HRWwcA1VZnG9r2k9BHpR3PjbYuK9qUmcqrEWrhc9je5W worth 120.66USD 0 minutes later,Transfered,2022-07-02 22:25:26.000,pit8jmLpxF2bsHTfeQngUM7sR6cvbwXynYnCUHUjybiKaLPKPcRbCFQeoK2pdtquvybSaqpvk4jHJ7GuAb9xn5u,Esmx2QjmDZMjJ15yBJ2nhqisjEt7Gqro4jSkofdoVsvY,from HRWwcA1VZnG9r2k9BHpR3PjbYuK9qUmcqrEWrhc9je5W,USDC,120.51,120.66
0,Exploiter Transfered 842520PAI to HRWwcA1VZnG9r2k9BHpR3PjbYuK9qUmcqrEWrhc9je5W worth 841175.77USD 0 minutes later,Transfered,2022-07-02 22:25:26.000,pit8jmLpxF2bsHTfeQngUM7sR6cvbwXynYnCUHUjybiKaLPKPcRbCFQeoK2pdtquvybSaqpvk4jHJ7GuAb9xn5u,Esmx2QjmDZMjJ15yBJ2nhqisjEt7Gqro4jSkofdoVsvY,to HRWwcA1VZnG9r2k9BHpR3PjbYuK9qUmcqrEWrhc9je5W,PAI,842520,841175.77
0,Exploiter Transfered 504PAI from Ej4KxxUz73edQzjfsPVWvYxT5eyhQoWoXpo7BYm2Ejhj worth 503.2USD 0 minutes later,Transfered,2022-07-02 22:25:26.000,pit8jmLpxF2bsHTfeQngUM7sR6cvbwXynYnCUHUjybiKaLPKPcRbCFQeoK2pdtquvybSaqpvk4jHJ7GuAb9xn5u,Esmx2QjmDZMjJ15yBJ2nhqisjEt7Gqro4jSkofdoVsvY,from Ej4KxxUz73edQzjfsPVWvYxT5eyhQoWoXpo7BYm2Ejhj,PAI,504,503.2
0,Exploiter Transfered 842520PAI to Ej4KxxUz73edQzjfsPVWvYxT5eyhQoWoXpo7BYm2Ejhj worth 841175.77USD 0 minutes later,Transfered,2022-07-02 22:25:26.000,pit8jmLpxF2bsHTfeQngUM7sR6cvbwXynYnCUHUjybiKaLPKPcRbCFQeoK2pdtquvybSaqpvk4jHJ7GuAb9xn5u,Esmx2QjmDZMjJ15yBJ2nhqisjEt7Gqro4jSkofdoVsvY,to Ej4KxxUz73edQzjfsPVWvYxT5eyhQoWoXpo7BYm2Ejhj,PAI,842520,841175.77
11,Exploiter Transfered 1137.33PAI from HRWwcA1VZnG9r2k9BHpR3PjbYuK9qUmcqrEWrhc9je5W worth 1135.52USD 11 minutes later,Transfered,2022-07-02 22:25:26.000,pit8jmLpxF2bsHTfeQngUM7sR6cvbwXynYnCUHUjybiKaLPKPcRbCFQeoK2pdtquvybSaqpvk4jHJ7GuAb9xn5u,Esmx2QjmDZMjJ15yBJ2nhqisjEt7Gqro4jSkofdoVsvY,from HRWwcA1VZnG9r2k9BHpR3PjbYuK9qUmcqrEWrhc9je5W,PAI,1137.33,1135.52
0,Exploiter Transfered 842520PAI from HRWwcA1VZnG9r2k9BHpR3PjbYuK9qUmcqrEWrhc9je5W worth 841175.77USD 0 minutes later,Transfered,2022-07-02 22:25:26.000,pit8jmLpxF2bsHTfeQngUM7sR6cvbwXynYnCUHUjybiKaLPKPcRbCFQeoK2pdtquvybSaqpvk4jHJ7GuAb9xn5u,Esmx2QjmDZMjJ15yBJ2nhqisjEt7Gqro4jSkofdoVsvY,from HRWwcA1VZnG9r2k9BHpR3PjbYuK9qUmcqrEWrhc9je5W,PAI,842520,841175.77
0,Exploiter Transfered 840000PAI from Ej4KxxUz73edQzjfsPVWvYxT5eyhQoWoXpo7BYm2Ejhj worth 838659.79USD 0 minutes later,Transfered,2022-07-02 22:25:26.000,pit8jmLpxF2bsHTfeQngUM7sR6cvbwXynYnCUHUjybiKaLPKPcRbCFQeoK2pdtquvybSaqpvk4jHJ7GuAb9xn5u,Esmx2QjmDZMjJ15yBJ2nhqisjEt7Gqro4jSkofdoVsvY,from Ej4KxxUz73edQzjfsPVWvYxT5eyhQoWoXpo7BYm2Ejhj,PAI,840000,838659.79
0,Exploiter Transfered 504PAI from Ej4KxxUz73edQzjfsPVWvYxT5eyhQoWoXpo7BYm2Ejhj worth 503.2USD 0 minutes later,Transfered,2022-07-02 22:26:18.000,3tS9uYJK4fxRYc7YCs6m99erXUtfMEPJ8jhycpq62DJsB166hAiMDmNWLiWunFVCw6MpnuimfDY7LJ9dBj3zNhx,Esmx2QjmDZMjJ15yBJ2nhqisjEt7Gqro4jSkofdoVsvY,from Ej4KxxUz73edQzjfsPVWvYxT5eyhQoWoXpo7BYm2Ejhj,PAI,504,503.2
1,Exploiter Transfered 842520PAI to HRWwcA1VZnG9r2k9BHpR3PjbYuK9qUmcqrEWrhc9je5W worth 841175.77USD 1 minutes later,Transfered,2022-07-02 22:26:18.000,3tS9uYJK4fxRYc7YCs6m99erXUtfMEPJ8jhycpq62DJsB166hAiMDmNWLiWunFVCw6MpnuimfDY7LJ9dBj3zNhx,Esmx2QjmDZMjJ15yBJ2nhqisjEt7Gqro4jSkofdoVsvY,to HRWwcA1VZnG9r2k9BHpR3PjbYuK9qUmcqrEWrhc9je5W,PAI,842520,841175.77
0,Exploiter Transfered 840000PAI from Ej4KxxUz73edQzjfsPVWvYxT5eyhQoWoXpo7BYm2Ejhj worth 838659.79USD 0 minutes later,Transfered,2022-07-02 22:26:18.000,3tS9uYJK4fxRYc7YCs6m99erXUtfMEPJ8jhycpq62DJsB166hAiMDmNWLiWunFVCw6MpnuimfDY7LJ9dBj3zNhx,Esmx2QjmDZMjJ15yBJ2nhqisjEt7Gqro4jSkofdoVsvY,from Ej4KxxUz73edQzjfsPVWvYxT5eyhQoWoXpo7BYm2Ejhj,PAI,840000,838659.79
0,Exploiter Transfered 1137.33PAI from HRWwcA1VZnG9r2k9BHpR3PjbYuK9qUmcqrEWrhc9je5W worth 1135.52USD 0 minutes later,Transfered,2022-07-02 22:26:18.000,3tS9uYJK4fxRYc7YCs6m99erXUtfMEPJ8jhycpq62DJsB166hAiMDmNWLiWunFVCw6MpnuimfDY7LJ9dBj3zNhx,Esmx2QjmDZMjJ15yBJ2nhqisjEt7Gqro4jSkofdoVsvY,from HRWwcA1VZnG9r2k9BHpR3PjbYuK9qUmcqrEWrhc9je5W,PAI,1137.33,1135.52
0,Exploiter Transfered 120.51USDC from HRWwcA1VZnG9r2k9BHpR3PjbYuK9qUmcqrEWrhc9je5W worth 120.66USD 0 minutes later,Transfered,2022-07-02 22:26:18.000,3tS9uYJK4fxRYc7YCs6m99erXUtfMEPJ8jhycpq62DJsB166hAiMDmNWLiWunFVCw6MpnuimfDY7LJ9dBj3zNhx,Esmx2QjmDZMjJ15yBJ2nhqisjEt7Gqro4jSkofdoVsvY,from HRWwcA1VZnG9r2k9BHpR3PjbYuK9qUmcqrEWrhc9je5W,USDC,120.51,120.66
0,Exploiter Transfered 842520PAI to Ej4KxxUz73edQzjfsPVWvYxT5eyhQoWoXpo7BYm2Ejhj worth 841175.77USD 0 minutes later,Transfered,2022-07-02 22:26:18.000,3tS9uYJK4fxRYc7YCs6m99erXUtfMEPJ8jhycpq62DJsB166hAiMDmNWLiWunFVCw6MpnuimfDY7LJ9dBj3zNhx,Esmx2QjmDZMjJ15yBJ2nhqisjEt7Gqro4jSkofdoVsvY,to Ej4KxxUz73edQzjfsPVWvYxT5eyhQoWoXpo7BYm2Ejhj,PAI,842520,841175.77
0,Exploiter Transfered 842520PAI from HRWwcA1VZnG9r2k9BHpR3PjbYuK9qUmcqrEWrhc9je5W worth 841175.77USD 0 minutes later,Transfered,2022-07-02 22:26:18.000,3tS9uYJK4fxRYc7YCs6m99erXUtfMEPJ8jhycpq62DJsB166hAiMDmNWLiWunFVCw6MpnuimfDY7LJ9dBj3zNhx,Esmx2QjmDZMjJ15yBJ2nhqisjEt7Gqro4jSkofdoVsvY,from HRWwcA1VZnG9r2k9BHpR3PjbYuK9qUmcqrEWrhc9je5W,PAI,842520,841175.77
0,Exploiter Transfered 29354.4SOL from GRiN6BiHeaa2wrFEpqzR397d6RqefCSRhnQVsVscwT3r worth 964200.4USD 0 minutes later,Transfered,2022-07-02 22:27:14.000,5eWcMfXhbDhHSeGCLrrQG2JbRy8J4VgymH4DL6Vf8aJv8ggfmMEKDUZKh8hsJUAG3rqgvyThtBdAiG3miSSgspkF,Esmx2QjmDZMjJ15yBJ2nhqisjEt7Gqro4jSkofdoVsvY,from GRiN6BiHeaa2wrFEpqzR397d6RqefCSRhnQVsVscwT3r,SOL,29354.4,964200.4
0,Exploiter Transfered 0.08USDT from 5jmsB5Z1sfy2Fixy1TRRUXkrxtk5gmBGjuz16L1sQUZQ worth 0.08USD 0 minutes later,Transfered,2022-07-02 22:27:14.000,5eWcMfXhbDhHSeGCLrrQG2JbRy8J4VgymH4DL6Vf8aJv8ggfmMEKDUZKh8hsJUAG3rqgvyThtBdAiG3miSSgspkF,Esmx2QjmDZMjJ15yBJ2nhqisjEt7Gqro4jSkofdoVsvY,from 5jmsB5Z1sfy2Fixy1TRRUXkrxtk5gmBGjuz16L1sQUZQ,USDT,0.08,0.08
1,Exploiter Transfered 927.16ETH from 5jmsB5Z1sfy2Fixy1TRRUXkrxtk5gmBGjuz16L1sQUZQ worth 966265.86USD 1 minutes later,Transfered,2022-07-02 22:27:14.000,5eWcMfXhbDhHSeGCLrrQG2JbRy8J4VgymH4DL6Vf8aJv8ggfmMEKDUZKh8hsJUAG3rqgvyThtBdAiG3miSSgspkF,Esmx2QjmDZMjJ15yBJ2nhqisjEt7Gqro4jSkofdoVsvY,from 5jmsB5Z1sfy2Fixy1TRRUXkrxtk5gmBGjuz16L1sQUZQ,ETH,927.16,966265.86
0,Exploiter Swapped 999999.92USDT to 29354.399802781SOL worth 1000501.63USD 0 minutes later,Swapped,2022-07-02 22:27:14.000,5eWcMfXhbDhHSeGCLrrQG2JbRy8J4VgymH4DL6Vf8aJv8ggfmMEKDUZKh8hsJUAG3rqgvyThtBdAiG3miSSgspkF,Esmx2QjmDZMjJ15yBJ2nhqisjEt7Gqro4jSkofdoVsvY,to 29354.399802781SOL,USDT,999999.92,1000501.63
0,Exploiter Transfered 1000000USDT to 5jmsB5Z1sfy2Fixy1TRRUXkrxtk5gmBGjuz16L1sQUZQ worth 1000477.6USD 0 minutes later,Transfered,2022-07-02 22:27:14.000,5eWcMfXhbDhHSeGCLrrQG2JbRy8J4VgymH4DL6Vf8aJv8ggfmMEKDUZKh8hsJUAG3rqgvyThtBdAiG3miSSgspkF,Esmx2QjmDZMjJ15yBJ2nhqisjEt7Gqro4jSkofdoVsvY,to 5jmsB5Z1sfy2Fixy1TRRUXkrxtk5gmBGjuz16L1sQUZQ,USDT,1000000,1000477.6
0,Exploiter Transfered 927.16ETH to GRiN6BiHeaa2wrFEpqzR397d6RqefCSRhnQVsVscwT3r worth 966265.86USD 0 minutes later,Transfered,2022-07-02 22:27:14.000,5eWcMfXhbDhHSeGCLrrQG2JbRy8J4VgymH4DL6Vf8aJv8ggfmMEKDUZKh8hsJUAG3rqgvyThtBdAiG3miSSgspkF,Esmx2QjmDZMjJ15yBJ2nhqisjEt7Gqro4jSkofdoVsvY,to GRiN6BiHeaa2wrFEpqzR397d6RqefCSRhnQVsVscwT3r,ETH,927.16,966265.86
0,Exploiter Transfered 0ETH from GRiN6BiHeaa2wrFEpqzR397d6RqefCSRhnQVsVscwT3r worth 0USD 0 minutes later,Transfered,2022-07-02 22:27:14.000,5eWcMfXhbDhHSeGCLrrQG2JbRy8J4VgymH4DL6Vf8aJv8ggfmMEKDUZKh8hsJUAG3rqgvyThtBdAiG3miSSgspkF,Esmx2QjmDZMjJ15yBJ2nhqisjEt7Gqro4jSkofdoVsvY,from GRiN6BiHeaa2wrFEpqzR397d6RqefCSRhnQVsVscwT3r,ETH,0,0
0,Exploiter Transfered 120.51USDC from HRWwcA1VZnG9r2k9BHpR3PjbYuK9qUmcqrEWrhc9je5W worth 120.66USD 0 minutes later,Transfered,2022-07-02 22:27:18.000,38engihTn3tCM5XdtRE6nG7QfyCJPu77HwZzFtK8KRwU8JjDxyVWgEFro6LgF2o4E6B7AZK5z6Vkrkq6wNkfBDwH,Esmx2QjmDZMjJ15yBJ2nhqisjEt7Gqro4jSkofdoVsvY,from HRWwcA1VZnG9r2k9BHpR3PjbYuK9qUmcqrEWrhc9je5W,USDC,120.51,120.66
0,Exploiter Transfered 504PAI from Ej4KxxUz73edQzjfsPVWvYxT5eyhQoWoXpo7BYm2Ejhj worth 503.2USD 0 minutes later,Transfered,2022-07-02 22:27:18.000,38engihTn3tCM5XdtRE6nG7QfyCJPu77HwZzFtK8KRwU8JjDxyVWgEFro6LgF2o4E6B7AZK5z6Vkrkq6wNkfBDwH,Esmx2QjmDZMjJ15yBJ2nhqisjEt7Gqro4jSkofdoVsvY,from Ej4KxxUz73edQzjfsPVWvYxT5eyhQoWoXpo7BYm2Ejhj,PAI,504,503.2
0,Exploiter Transfered 842520PAI from HRWwcA1VZnG9r2k9BHpR3PjbYuK9qUmcqrEWrhc9je5W worth 841175.77USD 0 minutes later,Transfered,2022-07-02 22:27:18.000,38engihTn3tCM5XdtRE6nG7QfyCJPu77HwZzFtK8KRwU8JjDxyVWgEFro6LgF2o4E6B7AZK5z6Vkrkq6wNkfBDwH,Esmx2QjmDZMjJ15yBJ2nhqisjEt7Gqro4jSkofdoVsvY,from HRWwcA1VZnG9r2k9BHpR3PjbYuK9qUmcqrEWrhc9je5W,PAI,842520,841175.77
0,Exploiter Transfered 840000PAI from Ej4KxxUz73edQzjfsPVWvYxT5eyhQoWoXpo7BYm2Ejhj worth 838659.79USD 0 minutes later,Transfered,2022-07-02 22:27:18.000,38engihTn3tCM5XdtRE6nG7QfyCJPu77HwZzFtK8KRwU8JjDxyVWgEFro6LgF2o4E6B7AZK5z6Vkrkq6wNkfBDwH,Esmx2QjmDZMjJ15yBJ2nhqisjEt7Gqro4jSkofdoVsvY,from Ej4KxxUz73edQzjfsPVWvYxT5eyhQoWoXpo7BYm2Ejhj,PAI,840000,838659.79
0,Exploiter Transfered 842520PAI to HRWwcA1VZnG9r2k9BHpR3PjbYuK9qUmcqrEWrhc9je5W worth 841175.77USD 0 minutes later,Transfered,2022-07-02 22:27:18.000,38engihTn3tCM5XdtRE6nG7QfyCJPu77HwZzFtK8KRwU8JjDxyVWgEFro6LgF2o4E6B7AZK5z6Vkrkq6wNkfBDwH,Esmx2QjmDZMjJ15yBJ2nhqisjEt7Gqro4jSkofdoVsvY,to HRWwcA1VZnG9r2k9BHpR3PjbYuK9qUmcqrEWrhc9je5W,PAI,842520,841175.77
0,Exploiter Transfered 842520PAI to Ej4KxxUz73edQzjfsPVWvYxT5eyhQoWoXpo7BYm2Ejhj worth 841175.77USD 0 minutes later,Transfered,2022-07-02 22:27:18.000,38engihTn3tCM5XdtRE6nG7QfyCJPu77HwZzFtK8KRwU8JjDxyVWgEFro6LgF2o4E6B7AZK5z6Vkrkq6wNkfBDwH,Esmx2QjmDZMjJ15yBJ2nhqisjEt7Gqro4jSkofdoVsvY,to Ej4KxxUz73edQzjfsPVWvYxT5eyhQoWoXpo7BYm2Ejhj,PAI,842520,841175.77
0,Exploiter Transfered 1137.33PAI from HRWwcA1VZnG9r2k9BHpR3PjbYuK9qUmcqrEWrhc9je5W worth 1135.52USD 0 minutes later,Transfered,2022-07-02 22:27:18.000,38engihTn3tCM5XdtRE6nG7QfyCJPu77HwZzFtK8KRwU8JjDxyVWgEFro6LgF2o4E6B7AZK5z6Vkrkq6wNkfBDwH,Esmx2QjmDZMjJ15yBJ2nhqisjEt7Gqro4jSkofdoVsvY,from HRWwcA1VZnG9r2k9BHpR3PjbYuK9qUmcqrEWrhc9je5W,PAI,1137.33,1135.52
0,Exploiter Transfered 120.51USDC from HRWwcA1VZnG9r2k9BHpR3PjbYuK9qUmcqrEWrhc9je5W worth 120.66USD 0 minutes later,Transfered,2022-07-02 22:28:10.000,5DN5WUXpiNCAUm2jD6UZ1QWruPKFR3jw5jdNXSoB8jFjZ12HQMd8zNinTYkXy9fo57vjemHKMnrxTJwLMDEvruxr,Esmx2QjmDZMjJ15yBJ2nhqisjEt7Gqro4jSkofdoVsvY,from HRWwcA1VZnG9r2k9BHpR3PjbYuK9qUmcqrEWrhc9je5W,USDC,120.51,120.66
1,Exploiter Transfered 1137.33PAI from HRWwcA1VZnG9r2k9BHpR3PjbYuK9qUmcqrEWrhc9je5W worth 1135.52USD 1 minutes later,Transfered,2022-07-02 22:28:10.000,5DN5WUXpiNCAUm2jD6UZ1QWruPKFR3jw5jdNXSoB8jFjZ12HQMd8zNinTYkXy9fo57vjemHKMnrxTJwLMDEvruxr,Esmx2QjmDZMjJ15yBJ2nhqisjEt7Gqro4jSkofdoVsvY,from HRWwcA1VZnG9r2k9BHpR3PjbYuK9qUmcqrEWrhc9je5W,PAI,1137.33,1135.52
0,Exploiter Transfered 842520PAI to Ej4KxxUz73edQzjfsPVWvYxT5eyhQoWoXpo7BYm2Ejhj worth 841175.77USD 0 minutes later,Transfered,2022-07-02 22:28:10.000,5DN5WUXpiNCAUm2jD6UZ1QWruPKFR3jw5jdNXSoB8jFjZ12HQMd8zNinTYkXy9fo57vjemHKMnrxTJwLMDEvruxr,Esmx2QjmDZMjJ15yBJ2nhqisjEt7Gqro4jSkofdoVsvY,to Ej4KxxUz73edQzjfsPVWvYxT5eyhQoWoXpo7BYm2Ejhj,PAI,842520,841175.77
0,Exploiter Transfered 842520PAI to HRWwcA1VZnG9r2k9BHpR3PjbYuK9qUmcqrEWrhc9je5W worth 841175.77USD 0 minutes later,Transfered,2022-07-02 22:28:10.000,5DN5WUXpiNCAUm2jD6UZ1QWruPKFR3jw5jdNXSoB8jFjZ12HQMd8zNinTYkXy9fo57vjemHKMnrxTJwLMDEvruxr,Esmx2QjmDZMjJ15yBJ2nhqisjEt7Gqro4jSkofdoVsvY,to HRWwcA1VZnG9r2k9BHpR3PjbYuK9qUmcqrEWrhc9je5W,PAI,842520,841175.77
0,Exploiter Transfered 842520PAI from HRWwcA1VZnG9r2k9BHpR3PjbYuK9qUmcqrEWrhc9je5W worth 841175.77USD 0 minutes later,Transfered,2022-07-02 22:28:10.000,5DN5WUXpiNCAUm2jD6UZ1QWruPKFR3jw5jdNXSoB8jFjZ12HQMd8zNinTYkXy9fo57vjemHKMnrxTJwLMDEvruxr,Esmx2QjmDZMjJ15yBJ2nhqisjEt7Gqro4jSkofdoVsvY,from HRWwcA1VZnG9r2k9BHpR3PjbYuK9qUmcqrEWrhc9je5W,PAI,842520,841175.77
0,Exploiter Transfered 504PAI from Ej4KxxUz73edQzjfsPVWvYxT5eyhQoWoXpo7BYm2Ejhj worth 503.2USD 0 minutes later,Transfered,2022-07-02 22:28:10.000,5DN5WUXpiNCAUm2jD6UZ1QWruPKFR3jw5jdNXSoB8jFjZ12HQMd8zNinTYkXy9fo57vjemHKMnrxTJwLMDEvruxr,Esmx2QjmDZMjJ15yBJ2nhqisjEt7Gqro4jSkofdoVsvY,from Ej4KxxUz73edQzjfsPVWvYxT5eyhQoWoXpo7BYm2Ejhj,PAI,504,503.2
0,Exploiter Transfered 840000PAI from Ej4KxxUz73edQzjfsPVWvYxT5eyhQoWoXpo7BYm2Ejhj worth 838659.79USD 0 minutes later,Transfered,2022-07-02 22:28:10.000,5DN5WUXpiNCAUm2jD6UZ1QWruPKFR3jw5jdNXSoB8jFjZ12HQMd8zNinTYkXy9fo57vjemHKMnrxTJwLMDEvruxr,Esmx2QjmDZMjJ15yBJ2nhqisjEt7Gqro4jSkofdoVsvY,from Ej4KxxUz73edQzjfsPVWvYxT5eyhQoWoXpo7BYm2Ejhj,PAI,840000,838659.79
0,Exploiter Transfered 27621.98SOL from GRiN6BiHeaa2wrFEpqzR397d6RqefCSRhnQVsVscwT3r worth 907295.65USD 0 minutes later,Transfered,2022-07-02 22:28:23.000,41AE3M12hFfuJbH5Q5nZWZyevjnoJ7PgVQmawEqVzXsaNWiXALQr1JE8jwM8wFQX1t8naq4nUsf6qbsT384PwESa,Esmx2QjmDZMjJ15yBJ2nhqisjEt7Gqro4jSkofdoVsvY,from GRiN6BiHeaa2wrFEpqzR397d6RqefCSRhnQVsVscwT3r,SOL,27621.98,907295.65
0,Exploiter Transfered 955044.31USDC to FG3z1H2BBsf5ekEAxSc1K6DERuAuiXpSdUGkYecQrP5v worth 956259.6USD 0 minutes later,Transfered,2022-07-02 22:28:23.000,41AE3M12hFfuJbH5Q5nZWZyevjnoJ7PgVQmawEqVzXsaNWiXALQr1JE8jwM8wFQX1t8naq4nUsf6qbsT384PwESa,Esmx2QjmDZMjJ15yBJ2nhqisjEt7Gqro4jSkofdoVsvY,to FG3z1H2BBsf5ekEAxSc1K6DERuAuiXpSdUGkYecQrP5v,USDC,955044.31,956259.6
0,Exploiter Transfered 885.66ETH to GRiN6BiHeaa2wrFEpqzR397d6RqefCSRhnQVsVscwT3r worth 923015.45USD 0 minutes later,Transfered,2022-07-02 22:28:23.000,41AE3M12hFfuJbH5Q5nZWZyevjnoJ7PgVQmawEqVzXsaNWiXALQr1JE8jwM8wFQX1t8naq4nUsf6qbsT384PwESa,Esmx2QjmDZMjJ15yBJ2nhqisjEt7Gqro4jSkofdoVsvY,to GRiN6BiHeaa2wrFEpqzR397d6RqefCSRhnQVsVscwT3r,ETH,885.66,923015.45
0,Exploiter Transfered 885.66ETH from FG3z1H2BBsf5ekEAxSc1K6DERuAuiXpSdUGkYecQrP5v worth 923015.45USD 0 minutes later,Transfered,2022-07-02 22:28:23.000,41AE3M12hFfuJbH5Q5nZWZyevjnoJ7PgVQmawEqVzXsaNWiXALQr1JE8jwM8wFQX1t8naq4nUsf6qbsT384PwESa,Esmx2QjmDZMjJ15yBJ2nhqisjEt7Gqro4jSkofdoVsvY,from FG3z1H2BBsf5ekEAxSc1K6DERuAuiXpSdUGkYecQrP5v,ETH,885.66,923015.45
0,Exploiter Transfered 0.01USDC from FG3z1H2BBsf5ekEAxSc1K6DERuAuiXpSdUGkYecQrP5v worth 0.01USD 0 minutes later,Transfered,2022-07-02 22:28:23.000,41AE3M12hFfuJbH5Q5nZWZyevjnoJ7PgVQmawEqVzXsaNWiXALQr1JE8jwM8wFQX1t8naq4nUsf6qbsT384PwESa,Esmx2QjmDZMjJ15yBJ2nhqisjEt7Gqro4jSkofdoVsvY,from FG3z1H2BBsf5ekEAxSc1K6DERuAuiXpSdUGkYecQrP5v,USDC,0.01,0.01
0,Exploiter Transfered 0ETH from GRiN6BiHeaa2wrFEpqzR397d6RqefCSRhnQVsVscwT3r worth 0USD 0 minutes later,Transfered,2022-07-02 22:28:23.000,41AE3M12hFfuJbH5Q5nZWZyevjnoJ7PgVQmawEqVzXsaNWiXALQr1JE8jwM8wFQX1t8naq4nUsf6qbsT384PwESa,Esmx2QjmDZMjJ15yBJ2nhqisjEt7Gqro4jSkofdoVsvY,from GRiN6BiHeaa2wrFEpqzR397d6RqefCSRhnQVsVscwT3r,ETH,0,0
0,Exploiter Swapped 955044.3USDC to 27621.975126267SOL worth 956549.63USD 0 minutes later,Swapped,2022-07-02 22:28:23.000,41AE3M12hFfuJbH5Q5nZWZyevjnoJ7PgVQmawEqVzXsaNWiXALQr1JE8jwM8wFQX1t8naq4nUsf6qbsT384PwESa,Esmx2QjmDZMjJ15yBJ2nhqisjEt7Gqro4jSkofdoVsvY,to 27621.975126267SOL,USDC,955044.3,956549.63
0,Exploiter Transfered 0.56ETH from 6dd82JKznP7JVNRxEqfTyWtMjys1i87oL2PkiiEupZNH worth 584.77USD 0 minutes later,Transfered,2022-07-02 22:28:58.000,9MxH7WyyGJo7oiK47dbKREmo8wrXDwKRWUqpf83NQAsvFYviPjTQzbUvwbkYpNhC5i7Ans29q4fHbSUoHccRLxQ,Esmx2QjmDZMjJ15yBJ2nhqisjEt7Gqro4jSkofdoVsvY,from 6dd82JKznP7JVNRxEqfTyWtMjys1i87oL2PkiiEupZNH,ETH,0.56,584.77
0,Exploiter Swapped 0.56ETH to 17.830911932SOL worth 587.53USD 0 minutes later,Swapped,2022-07-02 22:28:58.000,9MxH7WyyGJo7oiK47dbKREmo8wrXDwKRWUqpf83NQAsvFYviPjTQzbUvwbkYpNhC5i7Ans29q4fHbSUoHccRLxQ,Esmx2QjmDZMjJ15yBJ2nhqisjEt7Gqro4jSkofdoVsvY,to 17.830911932SOL,ETH,0.56,587.53
0,Exploiter Transfered 602.55USDC to 6dd82JKznP7JVNRxEqfTyWtMjys1i87oL2PkiiEupZNH worth 603.32USD 0 minutes later,Transfered,2022-07-02 22:28:58.000,9MxH7WyyGJo7oiK47dbKREmo8wrXDwKRWUqpf83NQAsvFYviPjTQzbUvwbkYpNhC5i7Ans29q4fHbSUoHccRLxQ,Esmx2QjmDZMjJ15yBJ2nhqisjEt7Gqro4jSkofdoVsvY,to 6dd82JKznP7JVNRxEqfTyWtMjys1i87oL2PkiiEupZNH,USDC,602.55,603.32
0,Exploiter Transfered 17.83SOL from 5Q544fKrFoe6tsEbD7S8EmxGTJYAKtTVhAW5Q5pge4j1 worth 585.69USD 0 minutes later,Transfered,2022-07-02 22:28:58.000,9MxH7WyyGJo7oiK47dbKREmo8wrXDwKRWUqpf83NQAsvFYviPjTQzbUvwbkYpNhC5i7Ans29q4fHbSUoHccRLxQ,Esmx2QjmDZMjJ15yBJ2nhqisjEt7Gqro4jSkofdoVsvY,from 5Q544fKrFoe6tsEbD7S8EmxGTJYAKtTVhAW5Q5pge4j1,SOL,17.83,585.69
0,Exploiter Swapped 602.55USDC to 17.830911932SOL worth 603.5USD 0 minutes later,Swapped,2022-07-02 22:28:58.000,9MxH7WyyGJo7oiK47dbKREmo8wrXDwKRWUqpf83NQAsvFYviPjTQzbUvwbkYpNhC5i7Ans29q4fHbSUoHccRLxQ,Esmx2QjmDZMjJ15yBJ2nhqisjEt7Gqro4jSkofdoVsvY,to 17.830911932SOL,USDC,602.55,603.5
0,Exploiter Transfered 0.56ETH to 5Q544fKrFoe6tsEbD7S8EmxGTJYAKtTVhAW5Q5pge4j1 worth 584.77USD 0 minutes later,Transfered,2022-07-02 22:28:58.000,9MxH7WyyGJo7oiK47dbKREmo8wrXDwKRWUqpf83NQAsvFYviPjTQzbUvwbkYpNhC5i7Ans29q4fHbSUoHccRLxQ,Esmx2QjmDZMjJ15yBJ2nhqisjEt7Gqro4jSkofdoVsvY,to 5Q544fKrFoe6tsEbD7S8EmxGTJYAKtTVhAW5Q5pge4j1,ETH,0.56,584.77
0,Exploiter Transfered 504PAI from Ej4KxxUz73edQzjfsPVWvYxT5eyhQoWoXpo7BYm2Ejhj worth 503.2USD 0 minutes later,Transfered,2022-07-02 22:29:01.000,4Vp4vBqbJXz5UHwdwXbV4GzD93uZBKwykRLi3ezfX1g9Rph2PTZpCGE9EsN4Lhjsr2fiqRJwEj2L1jBDVfbyKC2s,Esmx2QjmDZMjJ15yBJ2nhqisjEt7Gqro4jSkofdoVsvY,from Ej4KxxUz73edQzjfsPVWvYxT5eyhQoWoXpo7BYm2Ejhj,PAI,504,503.2
0,Exploiter Transfered 842520PAI from HRWwcA1VZnG9r2k9BHpR3PjbYuK9qUmcqrEWrhc9je5W worth 841175.77USD 0 minutes later,Transfered,2022-07-02 22:29:01.000,4Vp4vBqbJXz5UHwdwXbV4GzD93uZBKwykRLi3ezfX1g9Rph2PTZpCGE9EsN4Lhjsr2fiqRJwEj2L1jBDVfbyKC2s,Esmx2QjmDZMjJ15yBJ2nhqisjEt7Gqro4jSkofdoVsvY,from HRWwcA1VZnG9r2k9BHpR3PjbYuK9qUmcqrEWrhc9je5W,PAI,842520,841175.77
1,Exploiter Transfered 840000PAI from Ej4KxxUz73edQzjfsPVWvYxT5eyhQoWoXpo7BYm2Ejhj worth 838659.79USD 1 minutes later,Transfered,2022-07-02 22:29:01.000,4Vp4vBqbJXz5UHwdwXbV4GzD93uZBKwykRLi3ezfX1g9Rph2PTZpCGE9EsN4Lhjsr2fiqRJwEj2L1jBDVfbyKC2s,Esmx2QjmDZMjJ15yBJ2nhqisjEt7Gqro4jSkofdoVsvY,from Ej4KxxUz73edQzjfsPVWvYxT5eyhQoWoXpo7BYm2Ejhj,PAI,840000,838659.79
0,Exploiter Transfered 120.51USDC from HRWwcA1VZnG9r2k9BHpR3PjbYuK9qUmcqrEWrhc9je5W worth 120.66USD 0 minutes later,Transfered,2022-07-02 22:29:01.000,4Vp4vBqbJXz5UHwdwXbV4GzD93uZBKwykRLi3ezfX1g9Rph2PTZpCGE9EsN4Lhjsr2fiqRJwEj2L1jBDVfbyKC2s,Esmx2QjmDZMjJ15yBJ2nhqisjEt7Gqro4jSkofdoVsvY,from HRWwcA1VZnG9r2k9BHpR3PjbYuK9qUmcqrEWrhc9je5W,USDC,120.51,120.66
0,Exploiter Transfered 842520PAI to Ej4KxxUz73edQzjfsPVWvYxT5eyhQoWoXpo7BYm2Ejhj worth 841175.77USD 0 minutes later,Transfered,2022-07-02 22:29:01.000,4Vp4vBqbJXz5UHwdwXbV4GzD93uZBKwykRLi3ezfX1g9Rph2PTZpCGE9EsN4Lhjsr2fiqRJwEj2L1jBDVfbyKC2s,Esmx2QjmDZMjJ15yBJ2nhqisjEt7Gqro4jSkofdoVsvY,to Ej4KxxUz73edQzjfsPVWvYxT5eyhQoWoXpo7BYm2Ejhj,PAI,842520,841175.77
0,Exploiter Transfered 842520PAI to HRWwcA1VZnG9r2k9BHpR3PjbYuK9qUmcqrEWrhc9je5W worth 841175.77USD 0 minutes later,Transfered,2022-07-02 22:29:01.000,4Vp4vBqbJXz5UHwdwXbV4GzD93uZBKwykRLi3ezfX1g9Rph2PTZpCGE9EsN4Lhjsr2fiqRJwEj2L1jBDVfbyKC2s,Esmx2QjmDZMjJ15yBJ2nhqisjEt7Gqro4jSkofdoVsvY,to HRWwcA1VZnG9r2k9BHpR3PjbYuK9qUmcqrEWrhc9je5W,PAI,842520,841175.77
0,Exploiter Transfered 1137.33PAI from HRWwcA1VZnG9r2k9BHpR3PjbYuK9qUmcqrEWrhc9je5W worth 1135.52USD 0 minutes later,Transfered,2022-07-02 22:29:01.000,4Vp4vBqbJXz5UHwdwXbV4GzD93uZBKwykRLi3ezfX1g9Rph2PTZpCGE9EsN4Lhjsr2fiqRJwEj2L1jBDVfbyKC2s,Esmx2QjmDZMjJ15yBJ2nhqisjEt7Gqro4jSkofdoVsvY,from HRWwcA1VZnG9r2k9BHpR3PjbYuK9qUmcqrEWrhc9je5W,PAI,1137.33,1135.52
1,Exploiter Transfered 120.51USDC from HRWwcA1VZnG9r2k9BHpR3PjbYuK9qUmcqrEWrhc9je5W worth 120.66USD 1 minutes later,Transfered,2022-07-02 22:30:21.000,TRfTVawVybCDnN3QruRP8pDjAFbzuLhupauTDXGTST1Ef2XLGxyqcPY5oVqGbPg2u9nBiFNh4tEPhfrZicyCKPq,Esmx2QjmDZMjJ15yBJ2nhqisjEt7Gqro4jSkofdoVsvY,from HRWwcA1VZnG9r2k9BHpR3PjbYuK9qUmcqrEWrhc9je5W,USDC,120.51,120.66
0,Exploiter Transfered 842520PAI from HRWwcA1VZnG9r2k9BHpR3PjbYuK9qUmcqrEWrhc9je5W worth 841175.77USD 0 minutes later,Transfered,2022-07-02 22:30:21.000,TRfTVawVybCDnN3QruRP8pDjAFbzuLhupauTDXGTST1Ef2XLGxyqcPY5oVqGbPg2u9nBiFNh4tEPhfrZicyCKPq,Esmx2QjmDZMjJ15yBJ2nhqisjEt7Gqro4jSkofdoVsvY,from HRWwcA1VZnG9r2k9BHpR3PjbYuK9qUmcqrEWrhc9je5W,PAI,842520,841175.77
0,Exploiter Transfered 504PAI from Ej4KxxUz73edQzjfsPVWvYxT5eyhQoWoXpo7BYm2Ejhj worth 503.2USD 0 minutes later,Transfered,2022-07-02 22:30:21.000,TRfTVawVybCDnN3QruRP8pDjAFbzuLhupauTDXGTST1Ef2XLGxyqcPY5oVqGbPg2u9nBiFNh4tEPhfrZicyCKPq,Esmx2QjmDZMjJ15yBJ2nhqisjEt7Gqro4jSkofdoVsvY,from Ej4KxxUz73edQzjfsPVWvYxT5eyhQoWoXpo7BYm2Ejhj,PAI,504,503.2
0,Exploiter Transfered 1137.33PAI from HRWwcA1VZnG9r2k9BHpR3PjbYuK9qUmcqrEWrhc9je5W worth 1135.52USD 0 minutes later,Transfered,2022-07-02 22:30:21.000,TRfTVawVybCDnN3QruRP8pDjAFbzuLhupauTDXGTST1Ef2XLGxyqcPY5oVqGbPg2u9nBiFNh4tEPhfrZicyCKPq,Esmx2QjmDZMjJ15yBJ2nhqisjEt7Gqro4jSkofdoVsvY,from HRWwcA1VZnG9r2k9BHpR3PjbYuK9qUmcqrEWrhc9je5W,PAI,1137.33,1135.52
0,Exploiter Transfered 842520PAI to HRWwcA1VZnG9r2k9BHpR3PjbYuK9qUmcqrEWrhc9je5W worth 841175.77USD 0 minutes later,Transfered,2022-07-02 22:30:21.000,TRfTVawVybCDnN3QruRP8pDjAFbzuLhupauTDXGTST1Ef2XLGxyqcPY5oVqGbPg2u9nBiFNh4tEPhfrZicyCKPq,Esmx2QjmDZMjJ15yBJ2nhqisjEt7Gqro4jSkofdoVsvY,to HRWwcA1VZnG9r2k9BHpR3PjbYuK9qUmcqrEWrhc9je5W,PAI,842520,841175.77
0,Exploiter Transfered 842520PAI to Ej4KxxUz73edQzjfsPVWvYxT5eyhQoWoXpo7BYm2Ejhj worth 841175.77USD 0 minutes later,Transfered,2022-07-02 22:30:21.000,TRfTVawVybCDnN3QruRP8pDjAFbzuLhupauTDXGTST1Ef2XLGxyqcPY5oVqGbPg2u9nBiFNh4tEPhfrZicyCKPq,Esmx2QjmDZMjJ15yBJ2nhqisjEt7Gqro4jSkofdoVsvY,to Ej4KxxUz73edQzjfsPVWvYxT5eyhQoWoXpo7BYm2Ejhj,PAI,842520,841175.77
0,Exploiter Transfered 840000PAI from Ej4KxxUz73edQzjfsPVWvYxT5eyhQoWoXpo7BYm2Ejhj worth 838659.79USD 0 minutes later,Transfered,2022-07-02 22:30:21.000,TRfTVawVybCDnN3QruRP8pDjAFbzuLhupauTDXGTST1Ef2XLGxyqcPY5oVqGbPg2u9nBiFNh4tEPhfrZicyCKPq,Esmx2QjmDZMjJ15yBJ2nhqisjEt7Gqro4jSkofdoVsvY,from Ej4KxxUz73edQzjfsPVWvYxT5eyhQoWoXpo7BYm2Ejhj,PAI,840000,838659.79
0,Exploiter Transfered 16.98MSOL from 9dEVMESKXcMQNndoPc5ji9iTeDJ9GfToboy8prkZeT96 worth 586.75USD 0 minutes later,Transfered,2022-07-02 22:30:44.000,38gy8ZpRTvQSPKUcqWcxP9JWXxdoCWSwFjyknLJgqgZ44GYoRr4jHMPB2kqLkz1mduoJVRNiwKT6GMNNUu1etKfT,Esmx2QjmDZMjJ15yBJ2nhqisjEt7Gqro4jSkofdoVsvY,from 9dEVMESKXcMQNndoPc5ji9iTeDJ9GfToboy8prkZeT96,MSOL,16.98,586.75
0,Exploiter Transfered 602.55USDC to 9dEVMESKXcMQNndoPc5ji9iTeDJ9GfToboy8prkZeT96 worth 603.31USD 0 minutes later,Transfered,2022-07-02 22:30:44.000,38gy8ZpRTvQSPKUcqWcxP9JWXxdoCWSwFjyknLJgqgZ44GYoRr4jHMPB2kqLkz1mduoJVRNiwKT6GMNNUu1etKfT,Esmx2QjmDZMjJ15yBJ2nhqisjEt7Gqro4jSkofdoVsvY,to 9dEVMESKXcMQNndoPc5ji9iTeDJ9GfToboy8prkZeT96,USDC,602.55,603.31
0,Exploiter Transfered 0.03USDC from 9dEVMESKXcMQNndoPc5ji9iTeDJ9GfToboy8prkZeT96 worth 0.03USD 0 minutes later,Transfered,2022-07-02 22:30:44.000,38gy8ZpRTvQSPKUcqWcxP9JWXxdoCWSwFjyknLJgqgZ44GYoRr4jHMPB2kqLkz1mduoJVRNiwKT6GMNNUu1etKfT,Esmx2QjmDZMjJ15yBJ2nhqisjEt7Gqro4jSkofdoVsvY,from 9dEVMESKXcMQNndoPc5ji9iTeDJ9GfToboy8prkZeT96,USDC,0.03,0.03
0,Exploiter Transfered 16.98MSOL to 2Sj4MZvmLhud4uRmGHJvDxq612nmF4JJsU1R4ZjNNGMS worth 586.75USD 0 minutes later,Transfered,2022-07-02 22:30:44.000,38gy8ZpRTvQSPKUcqWcxP9JWXxdoCWSwFjyknLJgqgZ44GYoRr4jHMPB2kqLkz1mduoJVRNiwKT6GMNNUu1etKfT,Esmx2QjmDZMjJ15yBJ2nhqisjEt7Gqro4jSkofdoVsvY,to 2Sj4MZvmLhud4uRmGHJvDxq612nmF4JJsU1R4ZjNNGMS,MSOL,16.98,586.75
0,Exploiter Swapped 602.52USDC to 17.869195847SOL worth 603.47USD 0 minutes later,Swapped,2022-07-02 22:30:44.000,38gy8ZpRTvQSPKUcqWcxP9JWXxdoCWSwFjyknLJgqgZ44GYoRr4jHMPB2kqLkz1mduoJVRNiwKT6GMNNUu1etKfT,Esmx2QjmDZMjJ15yBJ2nhqisjEt7Gqro4jSkofdoVsvY,to 17.869195847SOL,USDC,602.52,603.47
1,Exploiter Transfered 842520PAI from HRWwcA1VZnG9r2k9BHpR3PjbYuK9qUmcqrEWrhc9je5W worth 841175.77USD 1 minutes later,Transfered,2022-07-02 22:31:09.000,2YD1imPBkUpq8pgQTHufBpBQX1q4QxjpWAHhf9i9fzstbidm7boS2S9rBKz7UEQgJ5gKJwZnkQFfTVSEdAgAkX4z,Esmx2QjmDZMjJ15yBJ2nhqisjEt7Gqro4jSkofdoVsvY,from HRWwcA1VZnG9r2k9BHpR3PjbYuK9qUmcqrEWrhc9je5W,PAI,842520,841175.77
0,Exploiter Transfered 840000PAI from Ej4KxxUz73edQzjfsPVWvYxT5eyhQoWoXpo7BYm2Ejhj worth 838659.79USD 0 minutes later,Transfered,2022-07-02 22:31:09.000,2YD1imPBkUpq8pgQTHufBpBQX1q4QxjpWAHhf9i9fzstbidm7boS2S9rBKz7UEQgJ5gKJwZnkQFfTVSEdAgAkX4z,Esmx2QjmDZMjJ15yBJ2nhqisjEt7Gqro4jSkofdoVsvY,from Ej4KxxUz73edQzjfsPVWvYxT5eyhQoWoXpo7BYm2Ejhj,PAI,840000,838659.79
0,Exploiter Transfered 504PAI from Ej4KxxUz73edQzjfsPVWvYxT5eyhQoWoXpo7BYm2Ejhj worth 503.2USD 0 minutes later,Transfered,2022-07-02 22:31:09.000,2YD1imPBkUpq8pgQTHufBpBQX1q4QxjpWAHhf9i9fzstbidm7boS2S9rBKz7UEQgJ5gKJwZnkQFfTVSEdAgAkX4z,Esmx2QjmDZMjJ15yBJ2nhqisjEt7Gqro4jSkofdoVsvY,from Ej4KxxUz73edQzjfsPVWvYxT5eyhQoWoXpo7BYm2Ejhj,PAI,504,503.2
0,Exploiter Transfered 842520PAI to HRWwcA1VZnG9r2k9BHpR3PjbYuK9qUmcqrEWrhc9je5W worth 841175.77USD 0 minutes later,Transfered,2022-07-02 22:31:09.000,2YD1imPBkUpq8pgQTHufBpBQX1q4QxjpWAHhf9i9fzstbidm7boS2S9rBKz7UEQgJ5gKJwZnkQFfTVSEdAgAkX4z,Esmx2QjmDZMjJ15yBJ2nhqisjEt7Gqro4jSkofdoVsvY,to HRWwcA1VZnG9r2k9BHpR3PjbYuK9qUmcqrEWrhc9je5W,PAI,842520,841175.77
0,Exploiter Transfered 1137.33PAI from HRWwcA1VZnG9r2k9BHpR3PjbYuK9qUmcqrEWrhc9je5W worth 1135.52USD 0 minutes later,Transfered,2022-07-02 22:31:09.000,2YD1imPBkUpq8pgQTHufBpBQX1q4QxjpWAHhf9i9fzstbidm7boS2S9rBKz7UEQgJ5gKJwZnkQFfTVSEdAgAkX4z,Esmx2QjmDZMjJ15yBJ2nhqisjEt7Gqro4jSkofdoVsvY,from HRWwcA1VZnG9r2k9BHpR3PjbYuK9qUmcqrEWrhc9je5W,PAI,1137.33,1135.52
0,Exploiter Transfered 842520PAI to Ej4KxxUz73edQzjfsPVWvYxT5eyhQoWoXpo7BYm2Ejhj worth 841175.77USD 0 minutes later,Transfered,2022-07-02 22:31:09.000,2YD1imPBkUpq8pgQTHufBpBQX1q4QxjpWAHhf9i9fzstbidm7boS2S9rBKz7UEQgJ5gKJwZnkQFfTVSEdAgAkX4z,Esmx2QjmDZMjJ15yBJ2nhqisjEt7Gqro4jSkofdoVsvY,to Ej4KxxUz73edQzjfsPVWvYxT5eyhQoWoXpo7BYm2Ejhj,PAI,842520,841175.77
0,Exploiter Transfered 120.51USDC from HRWwcA1VZnG9r2k9BHpR3PjbYuK9qUmcqrEWrhc9je5W worth 120.66USD 0 minutes later,Transfered,2022-07-02 22:31:09.000,2YD1imPBkUpq8pgQTHufBpBQX1q4QxjpWAHhf9i9fzstbidm7boS2S9rBKz7UEQgJ5gKJwZnkQFfTVSEdAgAkX4z,Esmx2QjmDZMjJ15yBJ2nhqisjEt7Gqro4jSkofdoVsvY,from HRWwcA1VZnG9r2k9BHpR3PjbYuK9qUmcqrEWrhc9je5W,USDC,120.51,120.66
1,Exploiter Transfered 840000PAI from Ej4KxxUz73edQzjfsPVWvYxT5eyhQoWoXpo7BYm2Ejhj worth 838659.79USD 1 minutes later,Transfered,2022-07-02 22:32:42.000,4rPDRpJqzi23BWaHsh37AzJwAFqejxKngLgvom7rvizZkkfJeCNixUkob1mHyX3M4TGFA1K84UJNLahFzTPVHHpe,Esmx2QjmDZMjJ15yBJ2nhqisjEt7Gqro4jSkofdoVsvY,from Ej4KxxUz73edQzjfsPVWvYxT5eyhQoWoXpo7BYm2Ejhj,PAI,840000,838659.79
0,Exploiter Transfered 504PAI from Ej4KxxUz73edQzjfsPVWvYxT5eyhQoWoXpo7BYm2Ejhj worth 503.2USD 0 minutes later,Transfered,2022-07-02 22:32:42.000,4rPDRpJqzi23BWaHsh37AzJwAFqejxKngLgvom7rvizZkkfJeCNixUkob1mHyX3M4TGFA1K84UJNLahFzTPVHHpe,Esmx2QjmDZMjJ15yBJ2nhqisjEt7Gqro4jSkofdoVsvY,from Ej4KxxUz73edQzjfsPVWvYxT5eyhQoWoXpo7BYm2Ejhj,PAI,504,503.2
0,Exploiter Transfered 842520PAI to HRWwcA1VZnG9r2k9BHpR3PjbYuK9qUmcqrEWrhc9je5W worth 841175.77USD 0 minutes later,Transfered,2022-07-02 22:32:42.000,4rPDRpJqzi23BWaHsh37AzJwAFqejxKngLgvom7rvizZkkfJeCNixUkob1mHyX3M4TGFA1K84UJNLahFzTPVHHpe,Esmx2QjmDZMjJ15yBJ2nhqisjEt7Gqro4jSkofdoVsvY,to HRWwcA1VZnG9r2k9BHpR3PjbYuK9qUmcqrEWrhc9je5W,PAI,842520,841175.77
0,Exploiter Transfered 842520PAI to Ej4KxxUz73edQzjfsPVWvYxT5eyhQoWoXpo7BYm2Ejhj worth 841175.77USD 0 minutes later,Transfered,2022-07-02 22:32:42.000,4rPDRpJqzi23BWaHsh37AzJwAFqejxKngLgvom7rvizZkkfJeCNixUkob1mHyX3M4TGFA1K84UJNLahFzTPVHHpe,Esmx2QjmDZMjJ15yBJ2nhqisjEt7Gqro4jSkofdoVsvY,to Ej4KxxUz73edQzjfsPVWvYxT5eyhQoWoXpo7BYm2Ejhj,PAI,842520,841175.77
0,Exploiter Transfered 1137.33PAI from HRWwcA1VZnG9r2k9BHpR3PjbYuK9qUmcqrEWrhc9je5W worth 1135.52USD 0 minutes later,Transfered,2022-07-02 22:32:42.000,4rPDRpJqzi23BWaHsh37AzJwAFqejxKngLgvom7rvizZkkfJeCNixUkob1mHyX3M4TGFA1K84UJNLahFzTPVHHpe,Esmx2QjmDZMjJ15yBJ2nhqisjEt7Gqro4jSkofdoVsvY,from HRWwcA1VZnG9r2k9BHpR3PjbYuK9qUmcqrEWrhc9je5W,PAI,1137.33,1135.52
0,Exploiter Transfered 842520PAI from HRWwcA1VZnG9r2k9BHpR3PjbYuK9qUmcqrEWrhc9je5W worth 841175.77USD 0 minutes later,Transfered,2022-07-02 22:32:42.000,4rPDRpJqzi23BWaHsh37AzJwAFqejxKngLgvom7rvizZkkfJeCNixUkob1mHyX3M4TGFA1K84UJNLahFzTPVHHpe,Esmx2QjmDZMjJ15yBJ2nhqisjEt7Gqro4jSkofdoVsvY,from HRWwcA1VZnG9r2k9BHpR3PjbYuK9qUmcqrEWrhc9je5W,PAI,842520,841175.77
0,Exploiter Transfered 120.51USDC from HRWwcA1VZnG9r2k9BHpR3PjbYuK9qUmcqrEWrhc9je5W worth 120.66USD 0 minutes later,Transfered,2022-07-02 22:32:42.000,4rPDRpJqzi23BWaHsh37AzJwAFqejxKngLgvom7rvizZkkfJeCNixUkob1mHyX3M4TGFA1K84UJNLahFzTPVHHpe,Esmx2QjmDZMjJ15yBJ2nhqisjEt7Gqro4jSkofdoVsvY,from HRWwcA1VZnG9r2k9BHpR3PjbYuK9qUmcqrEWrhc9je5W,USDC,120.51,120.66
1,Exploiter Transfered 199722.08USDC to AiMZS5U3JMvpdvsr1KeaMiS354Z1DeSg5XjA4yYRxtFf worth 199976.23USD 1 minutes later,Transfered,2022-07-02 22:33:38.000,NoW32ZzkADJVRmJCXcHoV9ee9SsQg8f1b8HR6jAKs3pCncYEqAMSjcsCdRUw8dRK5AywSMrj12dm1vTkWnpZ4u4,Esmx2QjmDZMjJ15yBJ2nhqisjEt7Gqro4jSkofdoVsvY,to AiMZS5U3JMvpdvsr1KeaMiS354Z1DeSg5XjA4yYRxtFf,USDC,199722.08,199976.23
0,Exploiter Swapped 200000USDH to 5540.976135341MSOL worth 200131.81USD 0 minutes later,Swapped,2022-07-02 22:33:38.000,NoW32ZzkADJVRmJCXcHoV9ee9SsQg8f1b8HR6jAKs3pCncYEqAMSjcsCdRUw8dRK5AywSMrj12dm1vTkWnpZ4u4,Esmx2QjmDZMjJ15yBJ2nhqisjEt7Gqro4jSkofdoVsvY,to 5540.976135341MSOL,USDH,200000,200131.81
0,Exploiter Transfered 200000USDH to H66xGa3c5wvg5ZGF7RCwskf52iH42C8u8v8TPwQXwc3m worth 200144.13USD 0 minutes later,Transfered,2022-07-02 22:33:38.000,NoW32ZzkADJVRmJCXcHoV9ee9SsQg8f1b8HR6jAKs3pCncYEqAMSjcsCdRUw8dRK5AywSMrj12dm1vTkWnpZ4u4,Esmx2QjmDZMjJ15yBJ2nhqisjEt7Gqro4jSkofdoVsvY,to H66xGa3c5wvg5ZGF7RCwskf52iH42C8u8v8TPwQXwc3m,USDH,200000,200144.13
0,Exploiter Transfered 199722.08USDC from H66xGa3c5wvg5ZGF7RCwskf52iH42C8u8v8TPwQXwc3m worth 199976.23USD 0 minutes later,Transfered,2022-07-02 22:33:38.000,NoW32ZzkADJVRmJCXcHoV9ee9SsQg8f1b8HR6jAKs3pCncYEqAMSjcsCdRUw8dRK5AywSMrj12dm1vTkWnpZ4u4,Esmx2QjmDZMjJ15yBJ2nhqisjEt7Gqro4jSkofdoVsvY,from H66xGa3c5wvg5ZGF7RCwskf52iH42C8u8v8TPwQXwc3m,USDC,199722.08,199976.23
0,Exploiter Transfered 5540.98MSOL from AiMZS5U3JMvpdvsr1KeaMiS354Z1DeSg5XjA4yYRxtFf worth 191503.75USD 0 minutes later,Transfered,2022-07-02 22:33:38.000,NoW32ZzkADJVRmJCXcHoV9ee9SsQg8f1b8HR6jAKs3pCncYEqAMSjcsCdRUw8dRK5AywSMrj12dm1vTkWnpZ4u4,Esmx2QjmDZMjJ15yBJ2nhqisjEt7Gqro4jSkofdoVsvY,from AiMZS5U3JMvpdvsr1KeaMiS354Z1DeSg5XjA4yYRxtFf,MSOL,5540.98,191503.75
1,Exploiter Transfered 840000PAI from Ej4KxxUz73edQzjfsPVWvYxT5eyhQoWoXpo7BYm2Ejhj worth 838659.79USD 1 minutes later,Transfered,2022-07-02 22:34:09.000,5ecGgfCKpd4YiVP6YCvGQZGo536iZia4qqzNoBBDNAq66UpChQapzMdDgb1jdmZ4qVGttA1iGKs5mwe6Z5dgFxrS,Esmx2QjmDZMjJ15yBJ2nhqisjEt7Gqro4jSkofdoVsvY,from Ej4KxxUz73edQzjfsPVWvYxT5eyhQoWoXpo7BYm2Ejhj,PAI,840000,838659.79
0,Exploiter Transfered 120.51USDC from HRWwcA1VZnG9r2k9BHpR3PjbYuK9qUmcqrEWrhc9je5W worth 120.66USD 0 minutes later,Transfered,2022-07-02 22:34:09.000,5ecGgfCKpd4YiVP6YCvGQZGo536iZia4qqzNoBBDNAq66UpChQapzMdDgb1jdmZ4qVGttA1iGKs5mwe6Z5dgFxrS,Esmx2QjmDZMjJ15yBJ2nhqisjEt7Gqro4jSkofdoVsvY,from HRWwcA1VZnG9r2k9BHpR3PjbYuK9qUmcqrEWrhc9je5W,USDC,120.51,120.66
0,Exploiter Transfered 842520PAI to HRWwcA1VZnG9r2k9BHpR3PjbYuK9qUmcqrEWrhc9je5W worth 841175.77USD 0 minutes later,Transfered,2022-07-02 22:34:09.000,5ecGgfCKpd4YiVP6YCvGQZGo536iZia4qqzNoBBDNAq66UpChQapzMdDgb1jdmZ4qVGttA1iGKs5mwe6Z5dgFxrS,Esmx2QjmDZMjJ15yBJ2nhqisjEt7Gqro4jSkofdoVsvY,to HRWwcA1VZnG9r2k9BHpR3PjbYuK9qUmcqrEWrhc9je5W,PAI,842520,841175.77
0,Exploiter Transfered 1137.33PAI from HRWwcA1VZnG9r2k9BHpR3PjbYuK9qUmcqrEWrhc9je5W worth 1135.52USD 0 minutes later,Transfered,2022-07-02 22:34:09.000,5ecGgfCKpd4YiVP6YCvGQZGo536iZia4qqzNoBBDNAq66UpChQapzMdDgb1jdmZ4qVGttA1iGKs5mwe6Z5dgFxrS,Esmx2QjmDZMjJ15yBJ2nhqisjEt7Gqro4jSkofdoVsvY,from HRWwcA1VZnG9r2k9BHpR3PjbYuK9qUmcqrEWrhc9je5W,PAI,1137.33,1135.52
0,Exploiter Transfered 504PAI from Ej4KxxUz73edQzjfsPVWvYxT5eyhQoWoXpo7BYm2Ejhj worth 503.2USD 0 minutes later,Transfered,2022-07-02 22:34:09.000,5ecGgfCKpd4YiVP6YCvGQZGo536iZia4qqzNoBBDNAq66UpChQapzMdDgb1jdmZ4qVGttA1iGKs5mwe6Z5dgFxrS,Esmx2QjmDZMjJ15yBJ2nhqisjEt7Gqro4jSkofdoVsvY,from Ej4KxxUz73edQzjfsPVWvYxT5eyhQoWoXpo7BYm2Ejhj,PAI,504,503.2
0,Exploiter Transfered 842520PAI to Ej4KxxUz73edQzjfsPVWvYxT5eyhQoWoXpo7BYm2Ejhj worth 841175.77USD 0 minutes later,Transfered,2022-07-02 22:34:09.000,5ecGgfCKpd4YiVP6YCvGQZGo536iZia4qqzNoBBDNAq66UpChQapzMdDgb1jdmZ4qVGttA1iGKs5mwe6Z5dgFxrS,Esmx2QjmDZMjJ15yBJ2nhqisjEt7Gqro4jSkofdoVsvY,to Ej4KxxUz73edQzjfsPVWvYxT5eyhQoWoXpo7BYm2Ejhj,PAI,842520,841175.77
0,Exploiter Transfered 842520PAI from HRWwcA1VZnG9r2k9BHpR3PjbYuK9qUmcqrEWrhc9je5W worth 841175.77USD 0 minutes later,Transfered,2022-07-02 22:34:09.000,5ecGgfCKpd4YiVP6YCvGQZGo536iZia4qqzNoBBDNAq66UpChQapzMdDgb1jdmZ4qVGttA1iGKs5mwe6Z5dgFxrS,Esmx2QjmDZMjJ15yBJ2nhqisjEt7Gqro4jSkofdoVsvY,from HRWwcA1VZnG9r2k9BHpR3PjbYuK9qUmcqrEWrhc9je5W,PAI,842520,841175.77
2,Exploiter Transfered 1137.33PAI from HRWwcA1VZnG9r2k9BHpR3PjbYuK9qUmcqrEWrhc9je5W worth 1135.52USD 2 minutes later,Transfered,2022-07-02 22:36:15.000,4fcpLnm9VRH6Ethhj4HzxXh1U9psC7hRFt3heE6XDe34m4RmKJP1KDbEigQyTCi8MxnaQdF2VX96k7FPcsgNLtAk,Esmx2QjmDZMjJ15yBJ2nhqisjEt7Gqro4jSkofdoVsvY,from HRWwcA1VZnG9r2k9BHpR3PjbYuK9qUmcqrEWrhc9je5W,PAI,1137.33,1135.52
0,Exploiter Transfered 120.51USDC from HRWwcA1VZnG9r2k9BHpR3PjbYuK9qUmcqrEWrhc9je5W worth 120.66USD 0 minutes later,Transfered,2022-07-02 22:36:15.000,4fcpLnm9VRH6Ethhj4HzxXh1U9psC7hRFt3heE6XDe34m4RmKJP1KDbEigQyTCi8MxnaQdF2VX96k7FPcsgNLtAk,Esmx2QjmDZMjJ15yBJ2nhqisjEt7Gqro4jSkofdoVsvY,from HRWwcA1VZnG9r2k9BHpR3PjbYuK9qUmcqrEWrhc9je5W,USDC,120.51,120.66
0,Exploiter Transfered 842520PAI from HRWwcA1VZnG9r2k9BHpR3PjbYuK9qUmcqrEWrhc9je5W worth 841175.77USD 0 minutes later,Transfered,2022-07-02 22:36:15.000,4fcpLnm9VRH6Ethhj4HzxXh1U9psC7hRFt3heE6XDe34m4RmKJP1KDbEigQyTCi8MxnaQdF2VX96k7FPcsgNLtAk,Esmx2QjmDZMjJ15yBJ2nhqisjEt7Gqro4jSkofdoVsvY,from HRWwcA1VZnG9r2k9BHpR3PjbYuK9qUmcqrEWrhc9je5W,PAI,842520,841175.77
0,Exploiter Transfered 504PAI from Ej4KxxUz73edQzjfsPVWvYxT5eyhQoWoXpo7BYm2Ejhj worth 503.2USD 0 minutes later,Transfered,2022-07-02 22:36:15.000,4fcpLnm9VRH6Ethhj4HzxXh1U9psC7hRFt3heE6XDe34m4RmKJP1KDbEigQyTCi8MxnaQdF2VX96k7FPcsgNLtAk,Esmx2QjmDZMjJ15yBJ2nhqisjEt7Gqro4jSkofdoVsvY,from Ej4KxxUz73edQzjfsPVWvYxT5eyhQoWoXpo7BYm2Ejhj,PAI,504,503.2
0,Exploiter Transfered 842520PAI to Ej4KxxUz73edQzjfsPVWvYxT5eyhQoWoXpo7BYm2Ejhj worth 841175.77USD 0 minutes later,Transfered,2022-07-02 22:36:15.000,4fcpLnm9VRH6Ethhj4HzxXh1U9psC7hRFt3heE6XDe34m4RmKJP1KDbEigQyTCi8MxnaQdF2VX96k7FPcsgNLtAk,Esmx2QjmDZMjJ15yBJ2nhqisjEt7Gqro4jSkofdoVsvY,to Ej4KxxUz73edQzjfsPVWvYxT5eyhQoWoXpo7BYm2Ejhj,PAI,842520,841175.77
0,Exploiter Transfered 842520PAI to HRWwcA1VZnG9r2k9BHpR3PjbYuK9qUmcqrEWrhc9je5W worth 841175.77USD 0 minutes later,Transfered,2022-07-02 22:36:15.000,4fcpLnm9VRH6Ethhj4HzxXh1U9psC7hRFt3heE6XDe34m4RmKJP1KDbEigQyTCi8MxnaQdF2VX96k7FPcsgNLtAk,Esmx2QjmDZMjJ15yBJ2nhqisjEt7Gqro4jSkofdoVsvY,to HRWwcA1VZnG9r2k9BHpR3PjbYuK9qUmcqrEWrhc9je5W,PAI,842520,841175.77
0,Exploiter Transfered 840000PAI from Ej4KxxUz73edQzjfsPVWvYxT5eyhQoWoXpo7BYm2Ejhj worth 838659.79USD 0 minutes later,Transfered,2022-07-02 22:36:15.000,4fcpLnm9VRH6Ethhj4HzxXh1U9psC7hRFt3heE6XDe34m4RmKJP1KDbEigQyTCi8MxnaQdF2VX96k7FPcsgNLtAk,Esmx2QjmDZMjJ15yBJ2nhqisjEt7Gqro4jSkofdoVsvY,from Ej4KxxUz73edQzjfsPVWvYxT5eyhQoWoXpo7BYm2Ejhj,PAI,840000,838659.79
1,Exploiter Transfered 842520PAI to Ej4KxxUz73edQzjfsPVWvYxT5eyhQoWoXpo7BYm2Ejhj worth 841175.77USD 1 minutes later,Transfered,2022-07-02 22:37:24.000,56Xs3yxWGcwW3drBsGNxfzeM8AuaQWNMyEbiuW1mRRsCxfAVdEkETu33DwoeVsumZWaezoKhU8NZWHEqFXNBcUGV,Esmx2QjmDZMjJ15yBJ2nhqisjEt7Gqro4jSkofdoVsvY,to Ej4KxxUz73edQzjfsPVWvYxT5eyhQoWoXpo7BYm2Ejhj,PAI,842520,841175.77
0,Exploiter Transfered 1137.33PAI from HRWwcA1VZnG9r2k9BHpR3PjbYuK9qUmcqrEWrhc9je5W worth 1135.52USD 0 minutes later,Transfered,2022-07-02 22:37:24.000,56Xs3yxWGcwW3drBsGNxfzeM8AuaQWNMyEbiuW1mRRsCxfAVdEkETu33DwoeVsumZWaezoKhU8NZWHEqFXNBcUGV,Esmx2QjmDZMjJ15yBJ2nhqisjEt7Gqro4jSkofdoVsvY,from HRWwcA1VZnG9r2k9BHpR3PjbYuK9qUmcqrEWrhc9je5W,PAI,1137.33,1135.52
0,Exploiter Transfered 842520PAI from HRWwcA1VZnG9r2k9BHpR3PjbYuK9qUmcqrEWrhc9je5W worth 841175.77USD 0 minutes later,Transfered,2022-07-02 22:37:24.000,56Xs3yxWGcwW3drBsGNxfzeM8AuaQWNMyEbiuW1mRRsCxfAVdEkETu33DwoeVsumZWaezoKhU8NZWHEqFXNBcUGV,Esmx2QjmDZMjJ15yBJ2nhqisjEt7Gqro4jSkofdoVsvY,from HRWwcA1VZnG9r2k9BHpR3PjbYuK9qUmcqrEWrhc9je5W,PAI,842520,841175.77
0,Exploiter Transfered 120.51USDC from HRWwcA1VZnG9r2k9BHpR3PjbYuK9qUmcqrEWrhc9je5W worth 120.66USD 0 minutes later,Transfered,2022-07-02 22:37:24.000,56Xs3yxWGcwW3drBsGNxfzeM8AuaQWNMyEbiuW1mRRsCxfAVdEkETu33DwoeVsumZWaezoKhU8NZWHEqFXNBcUGV,Esmx2QjmDZMjJ15yBJ2nhqisjEt7Gqro4jSkofdoVsvY,from HRWwcA1VZnG9r2k9BHpR3PjbYuK9qUmcqrEWrhc9je5W,USDC,120.51,120.66
0,Exploiter Transfered 504PAI from Ej4KxxUz73edQzjfsPVWvYxT5eyhQoWoXpo7BYm2Ejhj worth 503.2USD 0 minutes later,Transfered,2022-07-02 22:37:24.000,56Xs3yxWGcwW3drBsGNxfzeM8AuaQWNMyEbiuW1mRRsCxfAVdEkETu33DwoeVsumZWaezoKhU8NZWHEqFXNBcUGV,Esmx2QjmDZMjJ15yBJ2nhqisjEt7Gqro4jSkofdoVsvY,from Ej4KxxUz73edQzjfsPVWvYxT5eyhQoWoXpo7BYm2Ejhj,PAI,504,503.2
0,Exploiter Transfered 840000PAI from Ej4KxxUz73edQzjfsPVWvYxT5eyhQoWoXpo7BYm2Ejhj worth 838659.79USD 0 minutes later,Transfered,2022-07-02 22:37:24.000,56Xs3yxWGcwW3drBsGNxfzeM8AuaQWNMyEbiuW1mRRsCxfAVdEkETu33DwoeVsumZWaezoKhU8NZWHEqFXNBcUGV,Esmx2QjmDZMjJ15yBJ2nhqisjEt7Gqro4jSkofdoVsvY,from Ej4KxxUz73edQzjfsPVWvYxT5eyhQoWoXpo7BYm2Ejhj,PAI,840000,838659.79
0,Exploiter Transfered 842520PAI to HRWwcA1VZnG9r2k9BHpR3PjbYuK9qUmcqrEWrhc9je5W worth 841175.77USD 0 minutes later,Transfered,2022-07-02 22:37:24.000,56Xs3yxWGcwW3drBsGNxfzeM8AuaQWNMyEbiuW1mRRsCxfAVdEkETu33DwoeVsumZWaezoKhU8NZWHEqFXNBcUGV,Esmx2QjmDZMjJ15yBJ2nhqisjEt7Gqro4jSkofdoVsvY,to HRWwcA1VZnG9r2k9BHpR3PjbYuK9qUmcqrEWrhc9je5W,PAI,842520,841175.77
0,Exploiter Transfered 997499.02USDC from 5C1k9yV7y4CjMnKv8eGYDgWND8P89Pdfj79Trk2qmfGo worth 998768.34USD 0 minutes later,Transfered,2022-07-02 22:37:48.000,K94QdevVpQsNYs53knTvfTJyrqXgCgxMhJRm2QHs65pqWaoozcy716e4AeNRME23F3UUUwcFUK7wPkn7boDwFf8,Esmx2QjmDZMjJ15yBJ2nhqisjEt7Gqro4jSkofdoVsvY,from 5C1k9yV7y4CjMnKv8eGYDgWND8P89Pdfj79Trk2qmfGo,USDC,997499.02,998768.34
0,Exploiter Transfered 997428.37USDCET from 7XFMgfxhDURuaPwhUkXAy6uQJCoC3HPpjiZBqcot57Ge worth 999200.52USD 0 minutes later,Transfered,2022-07-02 22:37:48.000,K94QdevVpQsNYs53knTvfTJyrqXgCgxMhJRm2QHs65pqWaoozcy716e4AeNRME23F3UUUwcFUK7wPkn7boDwFf8,Esmx2QjmDZMjJ15yBJ2nhqisjEt7Gqro4jSkofdoVsvY,from 7XFMgfxhDURuaPwhUkXAy6uQJCoC3HPpjiZBqcot57Ge,USDCET,997428.37,999200.52
0,Exploiter Transfered 997499.02USDC to 7XFMgfxhDURuaPwhUkXAy6uQJCoC3HPpjiZBqcot57Ge worth 998768.34USD 0 minutes later,Transfered,2022-07-02 22:37:48.000,K94QdevVpQsNYs53knTvfTJyrqXgCgxMhJRm2QHs65pqWaoozcy716e4AeNRME23F3UUUwcFUK7wPkn7boDwFf8,Esmx2QjmDZMjJ15yBJ2nhqisjEt7Gqro4jSkofdoVsvY,to 7XFMgfxhDURuaPwhUkXAy6uQJCoC3HPpjiZBqcot57Ge,USDC,997499.02,998768.34
0,Exploiter Swapped 1000000USDT to 997428.372553USDCET worth 1000501.71USD 0 minutes later,Swapped,2022-07-02 22:37:48.000,K94QdevVpQsNYs53knTvfTJyrqXgCgxMhJRm2QHs65pqWaoozcy716e4AeNRME23F3UUUwcFUK7wPkn7boDwFf8,Esmx2QjmDZMjJ15yBJ2nhqisjEt7Gqro4jSkofdoVsvY,to 997428.372553USDCET,USDT,1000000,1000501.71
0,Exploiter Transfered 1000000USDT to 5C1k9yV7y4CjMnKv8eGYDgWND8P89Pdfj79Trk2qmfGo worth 1000477.6USD 0 minutes later,Transfered,2022-07-02 22:37:48.000,K94QdevVpQsNYs53knTvfTJyrqXgCgxMhJRm2QHs65pqWaoozcy716e4AeNRME23F3UUUwcFUK7wPkn7boDwFf8,Esmx2QjmDZMjJ15yBJ2nhqisjEt7Gqro4jSkofdoVsvY,to 5C1k9yV7y4CjMnKv8eGYDgWND8P89Pdfj79Trk2qmfGo,USDT,1000000,1000477.6
7,Exploiter Bridged 997429.372578USDCET outbound worth 999201.52USD 7 minutes later,Bridged,2022-07-02 22:44:39.000,2mjjHXRi2PzFU6MSydd6vRppvyNG8VsVNb7QaaDpChxuEkZ6vD2LK7TqnPN7T7tpNvdEQjBveGn9gwCqKhXGcuM2,Esmx2QjmDZMjJ15yBJ2nhqisjEt7Gqro4jSkofdoVsvY,outbound,USDCET,997429.372578,999201.52
0,Exploiter Transfered 2367302.98USDCET from 7XFMgfxhDURuaPwhUkXAy6uQJCoC3HPpjiZBqcot57Ge worth 2371508.99USD 0 minutes later,Transfered,2022-07-02 22:53:49.000,2Z3PeH2Z9zMcq3dWuP5fdWd8k8UgpwyPT6m4tnz3gFcJo78UEs71xcmDYU3GKD4LJ5mr6JiAdvuyBqc1Gec24hKp,Esmx2QjmDZMjJ15yBJ2nhqisjEt7Gqro4jSkofdoVsvY,from 7XFMgfxhDURuaPwhUkXAy6uQJCoC3HPpjiZBqcot57Ge,USDCET,2367302.98,2371508.99
0,Exploiter Transfered 2368580.64USDC to 7XFMgfxhDURuaPwhUkXAy6uQJCoC3HPpjiZBqcot57Ge worth 2371594.66USD 0 minutes later,Transfered,2022-07-02 22:53:49.000,2Z3PeH2Z9zMcq3dWuP5fdWd8k8UgpwyPT6m4tnz3gFcJo78UEs71xcmDYU3GKD4LJ5mr6JiAdvuyBqc1Gec24hKp,Esmx2QjmDZMjJ15yBJ2nhqisjEt7Gqro4jSkofdoVsvY,to 7XFMgfxhDURuaPwhUkXAy6uQJCoC3HPpjiZBqcot57Ge,USDC,2368580.64,2371594.66
0,Exploiter Transfered 2378385USDT to FGBvMAu88q9d1Csz7ZECB5a2gbWwp6qicNxN2Mo7QhWG worth 2379520.93USD 0 minutes later,Transfered,2022-07-02 22:53:49.000,2Z3PeH2Z9zMcq3dWuP5fdWd8k8UgpwyPT6m4tnz3gFcJo78UEs71xcmDYU3GKD4LJ5mr6JiAdvuyBqc1Gec24hKp,Esmx2QjmDZMjJ15yBJ2nhqisjEt7Gqro4jSkofdoVsvY,to FGBvMAu88q9d1Csz7ZECB5a2gbWwp6qicNxN2Mo7QhWG,USDT,2378385,2379520.93
9,Exploiter Swapped 2378385USDT to 2367302.979352USDCET worth 2379578.27USD 9 minutes later,Swapped,2022-07-02 22:53:49.000,2Z3PeH2Z9zMcq3dWuP5fdWd8k8UgpwyPT6m4tnz3gFcJo78UEs71xcmDYU3GKD4LJ5mr6JiAdvuyBqc1Gec24hKp,Esmx2QjmDZMjJ15yBJ2nhqisjEt7Gqro4jSkofdoVsvY,to 2367302.979352USDCET,USDT,2378385,2379578.27
0,Exploiter Transfered 0USDT from FGBvMAu88q9d1Csz7ZECB5a2gbWwp6qicNxN2Mo7QhWG worth 0USD 0 minutes later,Transfered,2022-07-02 22:53:49.000,2Z3PeH2Z9zMcq3dWuP5fdWd8k8UgpwyPT6m4tnz3gFcJo78UEs71xcmDYU3GKD4LJ5mr6JiAdvuyBqc1Gec24hKp,Esmx2QjmDZMjJ15yBJ2nhqisjEt7Gqro4jSkofdoVsvY,from FGBvMAu88q9d1Csz7ZECB5a2gbWwp6qicNxN2Mo7QhWG,USDT,0,0
0,Exploiter Transfered 2368580.64USDC from FGBvMAu88q9d1Csz7ZECB5a2gbWwp6qicNxN2Mo7QhWG worth 2371594.66USD 0 minutes later,Transfered,2022-07-02 22:53:49.000,2Z3PeH2Z9zMcq3dWuP5fdWd8k8UgpwyPT6m4tnz3gFcJo78UEs71xcmDYU3GKD4LJ5mr6JiAdvuyBqc1Gec24hKp,Esmx2QjmDZMjJ15yBJ2nhqisjEt7Gqro4jSkofdoVsvY,from FGBvMAu88q9d1Csz7ZECB5a2gbWwp6qicNxN2Mo7QhWG,USDC,2368580.64,2371594.66
2,Exploiter Bridged 2367302.979352USDCET outbound worth 2371508.99USD 2 minutes later,Bridged,2022-07-02 22:55:01.000,31W6es25YL2GuK6R56X9pz1idwPY5EFVkrs7DYP17DbCM3CQEYwwvFGR1LUNoE98tF9ZtRckhT6xqFvXfPbAQrrU,Esmx2QjmDZMjJ15yBJ2nhqisjEt7Gqro4jSkofdoVsvY,outbound,USDCET,2367302.979352,2371508.99
9,Exploiter Swapped 1USDH to 0.997417USDCET worth 1USD 9 minutes later,Swapped,2022-07-02 23:04:36.000,3ZrTVuTaMExKsoKkEoTzrNuJLZa8bJ5dywiypny1BzkViqHxfUdT3QCzVNYU8hSDpMLLtdP7oYwboT898E4hmpVE,Esmx2QjmDZMjJ15yBJ2nhqisjEt7Gqro4jSkofdoVsvY,to 0.997417USDCET,USDH,1,1
0,Exploiter Transfered 1USDCET from 3m15qNJDM5zydsYNJzkFYXE7iGCVnkKz1mrmbawrDUAH worth 1USD 0 minutes later,Transfered,2022-07-02 23:04:36.000,3ZrTVuTaMExKsoKkEoTzrNuJLZa8bJ5dywiypny1BzkViqHxfUdT3QCzVNYU8hSDpMLLtdP7oYwboT898E4hmpVE,Esmx2QjmDZMjJ15yBJ2nhqisjEt7Gqro4jSkofdoVsvY,from 3m15qNJDM5zydsYNJzkFYXE7iGCVnkKz1mrmbawrDUAH,USDCET,1,1
0,Exploiter Transfered 1USDH to H66xGa3c5wvg5ZGF7RCwskf52iH42C8u8v8TPwQXwc3m worth 1USD 0 minutes later,Transfered,2022-07-02 23:04:36.000,3ZrTVuTaMExKsoKkEoTzrNuJLZa8bJ5dywiypny1BzkViqHxfUdT3QCzVNYU8hSDpMLLtdP7oYwboT898E4hmpVE,Esmx2QjmDZMjJ15yBJ2nhqisjEt7Gqro4jSkofdoVsvY,to H66xGa3c5wvg5ZGF7RCwskf52iH42C8u8v8TPwQXwc3m,USDH,1,1
0,Exploiter Transfered 1USDC to 3m15qNJDM5zydsYNJzkFYXE7iGCVnkKz1mrmbawrDUAH worth 1USD 0 minutes later,Transfered,2022-07-02 23:04:36.000,3ZrTVuTaMExKsoKkEoTzrNuJLZa8bJ5dywiypny1BzkViqHxfUdT3QCzVNYU8hSDpMLLtdP7oYwboT898E4hmpVE,Esmx2QjmDZMjJ15yBJ2nhqisjEt7Gqro4jSkofdoVsvY,to 3m15qNJDM5zydsYNJzkFYXE7iGCVnkKz1mrmbawrDUAH,USDC,1,1
0,Exploiter Transfered 1USDC from H66xGa3c5wvg5ZGF7RCwskf52iH42C8u8v8TPwQXwc3m worth 1USD 0 minutes later,Transfered,2022-07-02 23:04:36.000,3ZrTVuTaMExKsoKkEoTzrNuJLZa8bJ5dywiypny1BzkViqHxfUdT3QCzVNYU8hSDpMLLtdP7oYwboT898E4hmpVE,Esmx2QjmDZMjJ15yBJ2nhqisjEt7Gqro4jSkofdoVsvY,from H66xGa3c5wvg5ZGF7RCwskf52iH42C8u8v8TPwQXwc3m,USDC,1,1
3,Exploiter Transfered 1USDC to 3m15qNJDM5zydsYNJzkFYXE7iGCVnkKz1mrmbawrDUAH worth 1USD 3 minutes later,Transfered,2022-07-02 23:07:51.000,5fdwRJQFxTzGdHqFjVkZhCpKCfR1Gt9uQnJtwEhq7cAgKiLHn7FrUrMEg3pEzd5qrzZmbo22vYZQCPBwj1AZayV2,Esmx2QjmDZMjJ15yBJ2nhqisjEt7Gqro4jSkofdoVsvY,to 3m15qNJDM5zydsYNJzkFYXE7iGCVnkKz1mrmbawrDUAH,USDC,1,1
0,Exploiter Transfered 1USDCET from 3m15qNJDM5zydsYNJzkFYXE7iGCVnkKz1mrmbawrDUAH worth 1USD 0 minutes later,Transfered,2022-07-02 23:07:51.000,5fdwRJQFxTzGdHqFjVkZhCpKCfR1Gt9uQnJtwEhq7cAgKiLHn7FrUrMEg3pEzd5qrzZmbo22vYZQCPBwj1AZayV2,Esmx2QjmDZMjJ15yBJ2nhqisjEt7Gqro4jSkofdoVsvY,from 3m15qNJDM5zydsYNJzkFYXE7iGCVnkKz1mrmbawrDUAH,USDCET,1,1
0,Exploiter Transfered 1USDC from H66xGa3c5wvg5ZGF7RCwskf52iH42C8u8v8TPwQXwc3m worth 1USD 0 minutes later,Transfered,2022-07-02 23:07:51.000,5fdwRJQFxTzGdHqFjVkZhCpKCfR1Gt9uQnJtwEhq7cAgKiLHn7FrUrMEg3pEzd5qrzZmbo22vYZQCPBwj1AZayV2,Esmx2QjmDZMjJ15yBJ2nhqisjEt7Gqro4jSkofdoVsvY,from H66xGa3c5wvg5ZGF7RCwskf52iH42C8u8v8TPwQXwc3m,USDC,1,1
0,Exploiter Swapped 1USDH to 0.998352USDCET worth 1USD 0 minutes later,Swapped,2022-07-02 23:07:51.000,5fdwRJQFxTzGdHqFjVkZhCpKCfR1Gt9uQnJtwEhq7cAgKiLHn7FrUrMEg3pEzd5qrzZmbo22vYZQCPBwj1AZayV2,Esmx2QjmDZMjJ15yBJ2nhqisjEt7Gqro4jSkofdoVsvY,to 0.998352USDCET,USDH,1,1
0,Exploiter Transfered 1USDH to H66xGa3c5wvg5ZGF7RCwskf52iH42C8u8v8TPwQXwc3m worth 1USD 0 minutes later,Transfered,2022-07-02 23:07:51.000,5fdwRJQFxTzGdHqFjVkZhCpKCfR1Gt9uQnJtwEhq7cAgKiLHn7FrUrMEg3pEzd5qrzZmbo22vYZQCPBwj1AZayV2,Esmx2QjmDZMjJ15yBJ2nhqisjEt7Gqro4jSkofdoVsvY,to H66xGa3c5wvg5ZGF7RCwskf52iH42C8u8v8TPwQXwc3m,USDH,1,1
3,Exploiter Transfered 1USDCET from 7XFMgfxhDURuaPwhUkXAy6uQJCoC3HPpjiZBqcot57Ge worth 1USD 3 minutes later,Transfered,2022-07-02 23:10:14.000,2kAzWVuyiAgTgxMuUS4ogdYLSVwjQRvv4uvD4vGwdBQHVGVMFf2PkwmfkC2gPP6zDwmRR2FyC662CBkRzEWPkbrh,Esmx2QjmDZMjJ15yBJ2nhqisjEt7Gqro4jSkofdoVsvY,from 7XFMgfxhDURuaPwhUkXAy6uQJCoC3HPpjiZBqcot57Ge,USDCET,1,1
0,Exploiter Transfered 1USDC to 7XFMgfxhDURuaPwhUkXAy6uQJCoC3HPpjiZBqcot57Ge worth 1USD 0 minutes later,Transfered,2022-07-02 23:10:14.000,2kAzWVuyiAgTgxMuUS4ogdYLSVwjQRvv4uvD4vGwdBQHVGVMFf2PkwmfkC2gPP6zDwmRR2FyC662CBkRzEWPkbrh,Esmx2QjmDZMjJ15yBJ2nhqisjEt7Gqro4jSkofdoVsvY,to 7XFMgfxhDURuaPwhUkXAy6uQJCoC3HPpjiZBqcot57Ge,USDC,1,1
0,Exploiter Swapped 1USDC to 0.999808USDCET worth 1USD 0 minutes later,Swapped,2022-07-02 23:10:14.000,2kAzWVuyiAgTgxMuUS4ogdYLSVwjQRvv4uvD4vGwdBQHVGVMFf2PkwmfkC2gPP6zDwmRR2FyC662CBkRzEWPkbrh,Esmx2QjmDZMjJ15yBJ2nhqisjEt7Gqro4jSkofdoVsvY,to 0.999808USDCET,USDC,1,1
39,Exploiter Transfered 5536.82MSOL to EyaSjUtSgo9aRD1f8LWXwdvkpDTmXAW54yoSHZRF14WL worth 191360.12USD 39 minutes later,Transfered,2022-07-02 23:49:48.000,56cJerXb3j3vK8FvfVVfHtKEFpRy5dfbCWEQywmAQnhKLu3peq8uubfQGyMWBJULKLCJHQ6HtvY1c3j2Tb8dNP3H,Esmx2QjmDZMjJ15yBJ2nhqisjEt7Gqro4jSkofdoVsvY,to EyaSjUtSgo9aRD1f8LWXwdvkpDTmXAW54yoSHZRF14WL,MSOL,5536.82,191360.12
0,Exploiter Transfered 4.16MSOL to AufL1ZuuAZoX7jBw8kECvjUYjfhWqZm13hbXeqnLMhFu worth 143.63USD 0 minutes later,Transfered,2022-07-02 23:49:48.000,56cJerXb3j3vK8FvfVVfHtKEFpRy5dfbCWEQywmAQnhKLu3peq8uubfQGyMWBJULKLCJHQ6HtvY1c3j2Tb8dNP3H,Esmx2QjmDZMjJ15yBJ2nhqisjEt7Gqro4jSkofdoVsvY,to AufL1ZuuAZoX7jBw8kECvjUYjfhWqZm13hbXeqnLMhFu,MSOL,4.16,143.63
2,Exploiter Swapped 19159.95USDH to 572.7SOL worth 19184.85USD 2 minutes later,Swapped,2022-07-02 23:51:18.000,4bTRBFo9kAnZAz1ryEwH53NvWCt1JBCjdSdaSo8o6WBXjUTw7AfcfQCWnGEr7uDq5Nb4ABdYAa8PH45xiAqvGLz6,Esmx2QjmDZMjJ15yBJ2nhqisjEt7Gqro4jSkofdoVsvY,to 572.7SOL,USDH,19159.95,19184.85
0,Exploiter Transfered 19129.68USDC to F8Vyqk3unwxkXukZFQeYyGmFfTG3CAX4v24iyrjEYBJV worth 19154.03USD 0 minutes later,Transfered,2022-07-02 23:51:18.000,4bTRBFo9kAnZAz1ryEwH53NvWCt1JBCjdSdaSo8o6WBXjUTw7AfcfQCWnGEr7uDq5Nb4ABdYAa8PH45xiAqvGLz6,Esmx2QjmDZMjJ15yBJ2nhqisjEt7Gqro4jSkofdoVsvY,to F8Vyqk3unwxkXukZFQeYyGmFfTG3CAX4v24iyrjEYBJV,USDC,19129.68,19154.03
0,Exploiter Transfered 0.07USDC from F8Vyqk3unwxkXukZFQeYyGmFfTG3CAX4v24iyrjEYBJV worth 0.07USD 0 minutes later,Transfered,2022-07-02 23:51:18.000,4bTRBFo9kAnZAz1ryEwH53NvWCt1JBCjdSdaSo8o6WBXjUTw7AfcfQCWnGEr7uDq5Nb4ABdYAa8PH45xiAqvGLz6,Esmx2QjmDZMjJ15yBJ2nhqisjEt7Gqro4jSkofdoVsvY,from F8Vyqk3unwxkXukZFQeYyGmFfTG3CAX4v24iyrjEYBJV,USDC,0.07,0.07
0,Exploiter Transfered 19159.95USDH to H66xGa3c5wvg5ZGF7RCwskf52iH42C8u8v8TPwQXwc3m worth 19173.76USD 0 minutes later,Transfered,2022-07-02 23:51:18.000,4bTRBFo9kAnZAz1ryEwH53NvWCt1JBCjdSdaSo8o6WBXjUTw7AfcfQCWnGEr7uDq5Nb4ABdYAa8PH45xiAqvGLz6,Esmx2QjmDZMjJ15yBJ2nhqisjEt7Gqro4jSkofdoVsvY,to H66xGa3c5wvg5ZGF7RCwskf52iH42C8u8v8TPwQXwc3m,USDH,19159.95,19173.76
0,Exploiter Transfered 19129.68USDC from H66xGa3c5wvg5ZGF7RCwskf52iH42C8u8v8TPwQXwc3m worth 19154.03USD 0 minutes later,Transfered,2022-07-02 23:51:18.000,4bTRBFo9kAnZAz1ryEwH53NvWCt1JBCjdSdaSo8o6WBXjUTw7AfcfQCWnGEr7uDq5Nb4ABdYAa8PH45xiAqvGLz6,Esmx2QjmDZMjJ15yBJ2nhqisjEt7Gqro4jSkofdoVsvY,from H66xGa3c5wvg5ZGF7RCwskf52iH42C8u8v8TPwQXwc3m,USDC,19129.68,19154.03
0,Exploiter Transfered 43844.2USDCET from 7XFMgfxhDURuaPwhUkXAy6uQJCoC3HPpjiZBqcot57Ge worth 43922.1USD 0 minutes later,Transfered,2022-07-02 23:51:47.000,5JBuST1irXi18JhBC2J5gVcKTtFdPowdjqCMoDewonRTPikNNGBD8WQRL2oAqMYGEestSphPvRYPeGVFgxV2jrbL,Esmx2QjmDZMjJ15yBJ2nhqisjEt7Gqro4jSkofdoVsvY,from 7XFMgfxhDURuaPwhUkXAy6uQJCoC3HPpjiZBqcot57Ge,USDCET,43844.2,43922.1
0,Exploiter Transfered 44031.88PAI to 7W9KMACQT6UmjRPEUQKXyVf4NjZ9Ux4PHs1e1P5PxDtA worth 43961.63USD 0 minutes later,Transfered,2022-07-02 23:51:47.000,5JBuST1irXi18JhBC2J5gVcKTtFdPowdjqCMoDewonRTPikNNGBD8WQRL2oAqMYGEestSphPvRYPeGVFgxV2jrbL,Esmx2QjmDZMjJ15yBJ2nhqisjEt7Gqro4jSkofdoVsvY,to 7W9KMACQT6UmjRPEUQKXyVf4NjZ9Ux4PHs1e1P5PxDtA,PAI,44031.88,43961.63
0,Exploiter Swapped 44031.88PAI to 43844.197156USDCET worth 43949.53USD 0 minutes later,Swapped,2022-07-02 23:51:47.000,5JBuST1irXi18JhBC2J5gVcKTtFdPowdjqCMoDewonRTPikNNGBD8WQRL2oAqMYGEestSphPvRYPeGVFgxV2jrbL,Esmx2QjmDZMjJ15yBJ2nhqisjEt7Gqro4jSkofdoVsvY,to 43844.197156USDCET,PAI,44031.88,43949.53
0,Exploiter Transfered 43852.85USDC to 7XFMgfxhDURuaPwhUkXAy6uQJCoC3HPpjiZBqcot57Ge worth 43908.65USD 0 minutes later,Transfered,2022-07-02 23:51:47.000,5JBuST1irXi18JhBC2J5gVcKTtFdPowdjqCMoDewonRTPikNNGBD8WQRL2oAqMYGEestSphPvRYPeGVFgxV2jrbL,Esmx2QjmDZMjJ15yBJ2nhqisjEt7Gqro4jSkofdoVsvY,to 7XFMgfxhDURuaPwhUkXAy6uQJCoC3HPpjiZBqcot57Ge,USDC,43852.85,43908.65
0,Exploiter Transfered 43852.85USDC from 7W9KMACQT6UmjRPEUQKXyVf4NjZ9Ux4PHs1e1P5PxDtA worth 43908.65USD 0 minutes later,Transfered,2022-07-02 23:51:47.000,5JBuST1irXi18JhBC2J5gVcKTtFdPowdjqCMoDewonRTPikNNGBD8WQRL2oAqMYGEestSphPvRYPeGVFgxV2jrbL,Esmx2QjmDZMjJ15yBJ2nhqisjEt7Gqro4jSkofdoVsvY,from 7W9KMACQT6UmjRPEUQKXyVf4NjZ9Ux4PHs1e1P5PxDtA,USDC,43852.85,43908.65
2,Exploiter Transfered 299467.58USDH to F1TVmk1LAaVDGDfEFJWfNLCh9wikZxv33e54ZPeRQzEh worth 299683.4USD 2 minutes later,Transfered,2022-07-02 23:53:58.000,4beFzwRf2E2qiNmrWRvDFrC2qAd4bP1Sb4TCkx7Z34jEESK34LdnkSSjSEbPi4vgHYtDCHFvyFUcZfqkiWkXjyh7,Esmx2QjmDZMjJ15yBJ2nhqisjEt7Gqro4jSkofdoVsvY,to F1TVmk1LAaVDGDfEFJWfNLCh9wikZxv33e54ZPeRQzEh,USDH,299467.58,299683.4
0,Exploiter Transfered 359558.31USDC from H66xGa3c5wvg5ZGF7RCwskf52iH42C8u8v8TPwQXwc3m worth 360015.85USD 0 minutes later,Transfered,2022-07-02 23:53:58.000,4beFzwRf2E2qiNmrWRvDFrC2qAd4bP1Sb4TCkx7Z34jEESK34LdnkSSjSEbPi4vgHYtDCHFvyFUcZfqkiWkXjyh7,Esmx2QjmDZMjJ15yBJ2nhqisjEt7Gqro4jSkofdoVsvY,from H66xGa3c5wvg5ZGF7RCwskf52iH42C8u8v8TPwQXwc3m,USDC,359558.31,360015.85
0,Exploiter Transfered 291350.33USDC from F1TVmk1LAaVDGDfEFJWfNLCh9wikZxv33e54ZPeRQzEh worth 291721.07USD 0 minutes later,Transfered,2022-07-02 23:53:58.000,4beFzwRf2E2qiNmrWRvDFrC2qAd4bP1Sb4TCkx7Z34jEESK34LdnkSSjSEbPi4vgHYtDCHFvyFUcZfqkiWkXjyh7,Esmx2QjmDZMjJ15yBJ2nhqisjEt7Gqro4jSkofdoVsvY,from F1TVmk1LAaVDGDfEFJWfNLCh9wikZxv33e54ZPeRQzEh,USDC,291350.33,291721.07
0,Exploiter Swapped 665483.51USDH to 650908.63938USDC worth 666348.22USD 0 minutes later,Swapped,2022-07-02 23:53:58.000,4beFzwRf2E2qiNmrWRvDFrC2qAd4bP1Sb4TCkx7Z34jEESK34LdnkSSjSEbPi4vgHYtDCHFvyFUcZfqkiWkXjyh7,Esmx2QjmDZMjJ15yBJ2nhqisjEt7Gqro4jSkofdoVsvY,to 650908.63938USDC,USDH,665483.51,666348.22
0,Exploiter Transfered 366015.93USDH to H66xGa3c5wvg5ZGF7RCwskf52iH42C8u8v8TPwQXwc3m worth 366279.71USD 0 minutes later,Transfered,2022-07-02 23:53:58.000,4beFzwRf2E2qiNmrWRvDFrC2qAd4bP1Sb4TCkx7Z34jEESK34LdnkSSjSEbPi4vgHYtDCHFvyFUcZfqkiWkXjyh7,Esmx2QjmDZMjJ15yBJ2nhqisjEt7Gqro4jSkofdoVsvY,to H66xGa3c5wvg5ZGF7RCwskf52iH42C8u8v8TPwQXwc3m,USDH,366015.93,366279.71
1,Exploiter Transfered 654340.28USDCET from 7XFMgfxhDURuaPwhUkXAy6uQJCoC3HPpjiZBqcot57Ge worth 655502.86USD 1 minutes later,Transfered,2022-07-02 23:54:18.000,3rbJBCkL9RUA1AfuqjK4fMXePDTixyU29rBSwaNC3Rg26urPHc1anQ5b2BDjY2A9YhUoYTGZ4FzGnsrCTF29kbkk,Esmx2QjmDZMjJ15yBJ2nhqisjEt7Gqro4jSkofdoVsvY,from 7XFMgfxhDURuaPwhUkXAy6uQJCoC3HPpjiZBqcot57Ge,USDCET,654340.28,655502.86
0,Exploiter Swapped 654523.01USDC to 654340.283128USDCET worth 655650.33USD 0 minutes later,Swapped,2022-07-02 23:54:18.000,3rbJBCkL9RUA1AfuqjK4fMXePDTixyU29rBSwaNC3Rg26urPHc1anQ5b2BDjY2A9YhUoYTGZ4FzGnsrCTF29kbkk,Esmx2QjmDZMjJ15yBJ2nhqisjEt7Gqro4jSkofdoVsvY,to 654340.283128USDCET,USDC,654523.01,655650.33
0,Exploiter Transfered 654523.01USDC to 7XFMgfxhDURuaPwhUkXAy6uQJCoC3HPpjiZBqcot57Ge worth 655355.89USD 0 minutes later,Transfered,2022-07-02 23:54:18.000,3rbJBCkL9RUA1AfuqjK4fMXePDTixyU29rBSwaNC3Rg26urPHc1anQ5b2BDjY2A9YhUoYTGZ4FzGnsrCTF29kbkk,Esmx2QjmDZMjJ15yBJ2nhqisjEt7Gqro4jSkofdoVsvY,to 7XFMgfxhDURuaPwhUkXAy6uQJCoC3HPpjiZBqcot57Ge,USDC,654523.01,655355.89
2,Exploiter Swapped 21000SOL to 692037.631072USDCET worth 718469.88USD 2 minutes later,Swapped,2022-07-02 23:56:19.000,rpHy2cX4PuCGkM3USAYq7H5maYhmNL5z7Eh8NqgDTTkKNMxyXuNwP62h3KsvMBMa7tv8VEKDg1bdPWHKomy5imo,Esmx2QjmDZMjJ15yBJ2nhqisjEt7Gqro4jSkofdoVsvY,to 692037.631072USDCET,SOL,21000,718469.88
0,Exploiter Transfered 21000SOL to HKJ6D9gssWAY8Zpkaf9MK3W8UEeuw4AHTMea9DFX68ip worth 689784.44USD 0 minutes later,Transfered,2022-07-02 23:56:19.000,rpHy2cX4PuCGkM3USAYq7H5maYhmNL5z7Eh8NqgDTTkKNMxyXuNwP62h3KsvMBMa7tv8VEKDg1bdPWHKomy5imo,Esmx2QjmDZMjJ15yBJ2nhqisjEt7Gqro4jSkofdoVsvY,to HKJ6D9gssWAY8Zpkaf9MK3W8UEeuw4AHTMea9DFX68ip,SOL,21000,689784.44
0,Exploiter Transfered 692037.63USDCET from 7XFMgfxhDURuaPwhUkXAy6uQJCoC3HPpjiZBqcot57Ge worth 693267.18USD 0 minutes later,Transfered,2022-07-02 23:56:19.000,rpHy2cX4PuCGkM3USAYq7H5maYhmNL5z7Eh8NqgDTTkKNMxyXuNwP62h3KsvMBMa7tv8VEKDg1bdPWHKomy5imo,Esmx2QjmDZMjJ15yBJ2nhqisjEt7Gqro4jSkofdoVsvY,from 7XFMgfxhDURuaPwhUkXAy6uQJCoC3HPpjiZBqcot57Ge,USDCET,692037.63,693267.18
0,Exploiter Transfered 692368.94USDC to 7XFMgfxhDURuaPwhUkXAy6uQJCoC3HPpjiZBqcot57Ge worth 693249.98USD 0 minutes later,Transfered,2022-07-02 23:56:19.000,rpHy2cX4PuCGkM3USAYq7H5maYhmNL5z7Eh8NqgDTTkKNMxyXuNwP62h3KsvMBMa7tv8VEKDg1bdPWHKomy5imo,Esmx2QjmDZMjJ15yBJ2nhqisjEt7Gqro4jSkofdoVsvY,to 7XFMgfxhDURuaPwhUkXAy6uQJCoC3HPpjiZBqcot57Ge,USDC,692368.94,693249.98
0,Exploiter Transfered 692368.94USDC from HKJ6D9gssWAY8Zpkaf9MK3W8UEeuw4AHTMea9DFX68ip worth 693249.98USD 0 minutes later,Transfered,2022-07-02 23:56:19.000,rpHy2cX4PuCGkM3USAYq7H5maYhmNL5z7Eh8NqgDTTkKNMxyXuNwP62h3KsvMBMa7tv8VEKDg1bdPWHKomy5imo,Esmx2QjmDZMjJ15yBJ2nhqisjEt7Gqro4jSkofdoVsvY,from HKJ6D9gssWAY8Zpkaf9MK3W8UEeuw4AHTMea9DFX68ip,USDC,692368.94,693249.98
2,Exploiter Transfered 331213.81USDC to 7XFMgfxhDURuaPwhUkXAy6uQJCoC3HPpjiZBqcot57Ge worth 331635.28USD 2 minutes later,Transfered,2022-07-02 23:58:31.000,4vybUkA5FaA8mShEcEDTayZ127VC6bu85fihEKtEhFiPQZJbToSNbxySaKtDVsqYfVnRRsGiUrnz4ucVzzRQZnGQ,Esmx2QjmDZMjJ15yBJ2nhqisjEt7Gqro4jSkofdoVsvY,to 7XFMgfxhDURuaPwhUkXAy6uQJCoC3HPpjiZBqcot57Ge,USDC,331213.81,331635.28
0,Exploiter Transfered 10000SOL to F8Vyqk3unwxkXukZFQeYyGmFfTG3CAX4v24iyrjEYBJV worth 328468.78USD 0 minutes later,Transfered,2022-07-02 23:58:31.000,4vybUkA5FaA8mShEcEDTayZ127VC6bu85fihEKtEhFiPQZJbToSNbxySaKtDVsqYfVnRRsGiUrnz4ucVzzRQZnGQ,Esmx2QjmDZMjJ15yBJ2nhqisjEt7Gqro4jSkofdoVsvY,to F8Vyqk3unwxkXukZFQeYyGmFfTG3CAX4v24iyrjEYBJV,SOL,10000,328468.78
0,Exploiter Transfered 331213.81USDC from F8Vyqk3unwxkXukZFQeYyGmFfTG3CAX4v24iyrjEYBJV worth 331635.28USD 0 minutes later,Transfered,2022-07-02 23:58:31.000,4vybUkA5FaA8mShEcEDTayZ127VC6bu85fihEKtEhFiPQZJbToSNbxySaKtDVsqYfVnRRsGiUrnz4ucVzzRQZnGQ,Esmx2QjmDZMjJ15yBJ2nhqisjEt7Gqro4jSkofdoVsvY,from F8Vyqk3unwxkXukZFQeYyGmFfTG3CAX4v24iyrjEYBJV,USDC,331213.81,331635.28
0,Exploiter Swapped 10000SOL to 330984.668098USDCET worth 342128.52USD 0 minutes later,Swapped,2022-07-02 23:58:31.000,4vybUkA5FaA8mShEcEDTayZ127VC6bu85fihEKtEhFiPQZJbToSNbxySaKtDVsqYfVnRRsGiUrnz4ucVzzRQZnGQ,Esmx2QjmDZMjJ15yBJ2nhqisjEt7Gqro4jSkofdoVsvY,to 330984.668098USDCET,SOL,10000,342128.52
0,Exploiter Transfered 330984.67USDCET from 7XFMgfxhDURuaPwhUkXAy6uQJCoC3HPpjiZBqcot57Ge worth 331572.73USD 0 minutes later,Transfered,2022-07-02 23:58:31.000,4vybUkA5FaA8mShEcEDTayZ127VC6bu85fihEKtEhFiPQZJbToSNbxySaKtDVsqYfVnRRsGiUrnz4ucVzzRQZnGQ,Esmx2QjmDZMjJ15yBJ2nhqisjEt7Gqro4jSkofdoVsvY,from 7XFMgfxhDURuaPwhUkXAy6uQJCoC3HPpjiZBqcot57Ge,USDCET,330984.67,331572.73
2,Exploiter Bridged 1721209.775031USDCET outbound worth 1724824.28USD 2 minutes later,Bridged,2022-07-03 00:00:22.000,5n2jntQCdU1u74v4eikyQjsksJdSCpvq5WnP9QSviXccRSQk6dbLVnBuS3ohQhUaib1fDiR4YGdov5mwmW9ywmCi,Esmx2QjmDZMjJ15yBJ2nhqisjEt7Gqro4jSkofdoVsvY,outbound,USDCET,1721209.775031,1724824.28
9,Exploiter Swapped 10000SOL to 330834.943243USDCET worth 335399.36USD 9 minutes later,Swapped,2022-07-03 00:09:21.000,5f4rrUWwYSMCCByUf3SN6WNoLaz5YcFtUyKs2QrZCSQXPnZZQNPfDAKw3Rt5tW6znfvGP697C1Tx8y2fNprT7fQC,Esmx2QjmDZMjJ15yBJ2nhqisjEt7Gqro4jSkofdoVsvY,to 330834.943243USDCET,SOL,10000,335399.36
0,Exploiter Transfered 330891.37USDC to 7XFMgfxhDURuaPwhUkXAy6uQJCoC3HPpjiZBqcot57Ge worth 331509.37USD 0 minutes later,Transfered,2022-07-03 00:09:21.000,5f4rrUWwYSMCCByUf3SN6WNoLaz5YcFtUyKs2QrZCSQXPnZZQNPfDAKw3Rt5tW6znfvGP697C1Tx8y2fNprT7fQC,Esmx2QjmDZMjJ15yBJ2nhqisjEt7Gqro4jSkofdoVsvY,to 7XFMgfxhDURuaPwhUkXAy6uQJCoC3HPpjiZBqcot57Ge,USDC,330891.37,331509.37
0,Exploiter Transfered 330891.37USDC from F8Vyqk3unwxkXukZFQeYyGmFfTG3CAX4v24iyrjEYBJV worth 331509.37USD 0 minutes later,Transfered,2022-07-03 00:09:21.000,5f4rrUWwYSMCCByUf3SN6WNoLaz5YcFtUyKs2QrZCSQXPnZZQNPfDAKw3Rt5tW6znfvGP697C1Tx8y2fNprT7fQC,Esmx2QjmDZMjJ15yBJ2nhqisjEt7Gqro4jSkofdoVsvY,from F8Vyqk3unwxkXukZFQeYyGmFfTG3CAX4v24iyrjEYBJV,USDC,330891.37,331509.37
0,Exploiter Transfered 10000SOL to F8Vyqk3unwxkXukZFQeYyGmFfTG3CAX4v24iyrjEYBJV worth 329425.39USD 0 minutes later,Transfered,2022-07-03 00:09:21.000,5f4rrUWwYSMCCByUf3SN6WNoLaz5YcFtUyKs2QrZCSQXPnZZQNPfDAKw3Rt5tW6znfvGP697C1Tx8y2fNprT7fQC,Esmx2QjmDZMjJ15yBJ2nhqisjEt7Gqro4jSkofdoVsvY,to F8Vyqk3unwxkXukZFQeYyGmFfTG3CAX4v24iyrjEYBJV,SOL,10000,329425.39
0,Exploiter Transfered 330834.94USDCET from 7XFMgfxhDURuaPwhUkXAy6uQJCoC3HPpjiZBqcot57Ge worth 331529.69USD 0 minutes later,Transfered,2022-07-03 00:09:21.000,5f4rrUWwYSMCCByUf3SN6WNoLaz5YcFtUyKs2QrZCSQXPnZZQNPfDAKw3Rt5tW6znfvGP697C1Tx8y2fNprT7fQC,Esmx2QjmDZMjJ15yBJ2nhqisjEt7Gqro4jSkofdoVsvY,from 7XFMgfxhDURuaPwhUkXAy6uQJCoC3HPpjiZBqcot57Ge,USDCET,330834.94,331529.69
8,Exploiter Swapped 10USDCET to 0.283583514MSOL worth 10.04USD 8 minutes later,Swapped,2022-07-03 00:17:07.000,5p5J5wW3XfGqddRJUtMjdGCPMCfTRTB4nc2k9QRa6fK6Jk9sBhFGbXTkkuvLtEFFFLitLPYNmQMkqNwwjJ5v2oQd,Esmx2QjmDZMjJ15yBJ2nhqisjEt7Gqro4jSkofdoVsvY,to 0.283583514MSOL,USDCET,10,10.04
0,Exploiter Transfered 0.28MSOL from 9Z7E42k46kxnBjAh8YGXDw3rRGwwxQUBYM7Ccrmwg6ZP worth 9.83USD 0 minutes later,Transfered,2022-07-03 00:17:07.000,5p5J5wW3XfGqddRJUtMjdGCPMCfTRTB4nc2k9QRa6fK6Jk9sBhFGbXTkkuvLtEFFFLitLPYNmQMkqNwwjJ5v2oQd,Esmx2QjmDZMjJ15yBJ2nhqisjEt7Gqro4jSkofdoVsvY,from 9Z7E42k46kxnBjAh8YGXDw3rRGwwxQUBYM7Ccrmwg6ZP,MSOL,0.28,9.83
0,Exploiter Transfered 10USDC to 9Z7E42k46kxnBjAh8YGXDw3rRGwwxQUBYM7Ccrmwg6ZP worth 10.02USD 0 minutes later,Transfered,2022-07-03 00:17:07.000,5p5J5wW3XfGqddRJUtMjdGCPMCfTRTB4nc2k9QRa6fK6Jk9sBhFGbXTkkuvLtEFFFLitLPYNmQMkqNwwjJ5v2oQd,Esmx2QjmDZMjJ15yBJ2nhqisjEt7Gqro4jSkofdoVsvY,to 9Z7E42k46kxnBjAh8YGXDw3rRGwwxQUBYM7Ccrmwg6ZP,USDC,10,10.02
0,Exploiter Transfered 10USDCET to 3m15qNJDM5zydsYNJzkFYXE7iGCVnkKz1mrmbawrDUAH worth 10.02USD 0 minutes later,Transfered,2022-07-03 00:17:07.000,5p5J5wW3XfGqddRJUtMjdGCPMCfTRTB4nc2k9QRa6fK6Jk9sBhFGbXTkkuvLtEFFFLitLPYNmQMkqNwwjJ5v2oQd,Esmx2QjmDZMjJ15yBJ2nhqisjEt7Gqro4jSkofdoVsvY,to 3m15qNJDM5zydsYNJzkFYXE7iGCVnkKz1mrmbawrDUAH,USDCET,10,10.02
0,Exploiter Transfered 10USDC from 3m15qNJDM5zydsYNJzkFYXE7iGCVnkKz1mrmbawrDUAH worth 10.02USD 0 minutes later,Transfered,2022-07-03 00:17:07.000,5p5J5wW3XfGqddRJUtMjdGCPMCfTRTB4nc2k9QRa6fK6Jk9sBhFGbXTkkuvLtEFFFLitLPYNmQMkqNwwjJ5v2oQd,Esmx2QjmDZMjJ15yBJ2nhqisjEt7Gqro4jSkofdoVsvY,from 3m15qNJDM5zydsYNJzkFYXE7iGCVnkKz1mrmbawrDUAH,USDC,10,10.02
1,Exploiter Transfered 0.3SOL from 2Sj4MZvmLhud4uRmGHJvDxq612nmF4JJsU1R4ZjNNGMS worth 9.83USD 1 minutes later,Transfered,2022-07-03 00:18:10.000,4nDXu6CDfysoV1tDvcGJtaHMDozsPuDCCxAa669CsgwMQQ5ZDwvqSqGUyMTg3dqf5bSqAVVutH4bq6J7WXqwmLqx,Esmx2QjmDZMjJ15yBJ2nhqisjEt7Gqro4jSkofdoVsvY,from 2Sj4MZvmLhud4uRmGHJvDxq612nmF4JJsU1R4ZjNNGMS,SOL,0.3,9.83
0,Exploiter Transfered 0.28MSOL to 2Sj4MZvmLhud4uRmGHJvDxq612nmF4JJsU1R4ZjNNGMS worth 9.83USD 0 minutes later,Transfered,2022-07-03 00:18:10.000,4nDXu6CDfysoV1tDvcGJtaHMDozsPuDCCxAa669CsgwMQQ5ZDwvqSqGUyMTg3dqf5bSqAVVutH4bq6J7WXqwmLqx,Esmx2QjmDZMjJ15yBJ2nhqisjEt7Gqro4jSkofdoVsvY,to 2Sj4MZvmLhud4uRmGHJvDxq612nmF4JJsU1R4ZjNNGMS,MSOL,0.28,9.83
0,Exploiter Swapped 0.28MSOL to 0.298458164SOL worth 10.01USD 0 minutes later,Swapped,2022-07-03 00:18:10.000,4nDXu6CDfysoV1tDvcGJtaHMDozsPuDCCxAa669CsgwMQQ5ZDwvqSqGUyMTg3dqf5bSqAVVutH4bq6J7WXqwmLqx,Esmx2QjmDZMjJ15yBJ2nhqisjEt7Gqro4jSkofdoVsvY,to 0.298458164SOL,MSOL,0.28,10.01
0,Exploiter Transfered 3009STSOL to DdZR6zRFiUt4S5mg7AV1uKB2z1f1WzcNYCaTEEWPAuby worth 103758.72USD 0 minutes later,Transfered,2022-07-03 00:26:08.000,4FaMTKqha9Uw6hvxg5TQc5W7vRDKxVkfPn5GDMThGYSj3tgyCYSzXzQsAsT3dXDY6yZ26iYieV6bcV7bFDkTZ83W,Esmx2QjmDZMjJ15yBJ2nhqisjEt7Gqro4jSkofdoVsvY,to DdZR6zRFiUt4S5mg7AV1uKB2z1f1WzcNYCaTEEWPAuby,STSOL,3009,103758.72
0,Exploiter Transfered 3000STSOL from 6kDhKM8rDR4DXvwUpao4UA6JtCZfooAgMhicePmUNeJu worth 103448.38USD 0 minutes later,Transfered,2022-07-03 00:26:08.000,4FaMTKqha9Uw6hvxg5TQc5W7vRDKxVkfPn5GDMThGYSj3tgyCYSzXzQsAsT3dXDY6yZ26iYieV6bcV7bFDkTZ83W,Esmx2QjmDZMjJ15yBJ2nhqisjEt7Gqro4jSkofdoVsvY,from 6kDhKM8rDR4DXvwUpao4UA6JtCZfooAgMhicePmUNeJu,STSOL,3000,103448.38
0,Exploiter Transfered 3000STSOL from DdZR6zRFiUt4S5mg7AV1uKB2z1f1WzcNYCaTEEWPAuby worth 103448.38USD 0 minutes later,Transfered,2022-07-03 00:26:08.000,4FaMTKqha9Uw6hvxg5TQc5W7vRDKxVkfPn5GDMThGYSj3tgyCYSzXzQsAsT3dXDY6yZ26iYieV6bcV7bFDkTZ83W,Esmx2QjmDZMjJ15yBJ2nhqisjEt7Gqro4jSkofdoVsvY,from DdZR6zRFiUt4S5mg7AV1uKB2z1f1WzcNYCaTEEWPAuby,STSOL,3000,103448.38
0,Exploiter Transfered 3000STSOL to 6kDhKM8rDR4DXvwUpao4UA6JtCZfooAgMhicePmUNeJu worth 103448.38USD 0 minutes later,Transfered,2022-07-03 00:26:08.000,4FaMTKqha9Uw6hvxg5TQc5W7vRDKxVkfPn5GDMThGYSj3tgyCYSzXzQsAsT3dXDY6yZ26iYieV6bcV7bFDkTZ83W,Esmx2QjmDZMjJ15yBJ2nhqisjEt7Gqro4jSkofdoVsvY,to 6kDhKM8rDR4DXvwUpao4UA6JtCZfooAgMhicePmUNeJu,STSOL,3000,103448.38
8,Exploiter Transfered 218.82STSOL from 6kDhKM8rDR4DXvwUpao4UA6JtCZfooAgMhicePmUNeJu worth 7545.55USD 8 minutes later,Transfered,2022-07-03 00:26:08.000,4FaMTKqha9Uw6hvxg5TQc5W7vRDKxVkfPn5GDMThGYSj3tgyCYSzXzQsAsT3dXDY6yZ26iYieV6bcV7bFDkTZ83W,Esmx2QjmDZMjJ15yBJ2nhqisjEt7Gqro4jSkofdoVsvY,from 6kDhKM8rDR4DXvwUpao4UA6JtCZfooAgMhicePmUNeJu,STSOL,218.82,7545.55
0,Exploiter Transfered 1.8STSOL from DdZR6zRFiUt4S5mg7AV1uKB2z1f1WzcNYCaTEEWPAuby worth 62.07USD 0 minutes later,Transfered,2022-07-03 00:26:08.000,4FaMTKqha9Uw6hvxg5TQc5W7vRDKxVkfPn5GDMThGYSj3tgyCYSzXzQsAsT3dXDY6yZ26iYieV6bcV7bFDkTZ83W,Esmx2QjmDZMjJ15yBJ2nhqisjEt7Gqro4jSkofdoVsvY,from DdZR6zRFiUt4S5mg7AV1uKB2z1f1WzcNYCaTEEWPAuby,STSOL,1.8,62.07
0,Exploiter Transfered 206.65SOL from 6kDhKM8rDR4DXvwUpao4UA6JtCZfooAgMhicePmUNeJu worth 6807.5USD 0 minutes later,Transfered,2022-07-03 00:26:08.000,4FaMTKqha9Uw6hvxg5TQc5W7vRDKxVkfPn5GDMThGYSj3tgyCYSzXzQsAsT3dXDY6yZ26iYieV6bcV7bFDkTZ83W,Esmx2QjmDZMjJ15yBJ2nhqisjEt7Gqro4jSkofdoVsvY,from 6kDhKM8rDR4DXvwUpao4UA6JtCZfooAgMhicePmUNeJu,SOL,206.65,6807.5
0,Exploiter Transfered 2868.69STSOL from 6kDhKM8rDR4DXvwUpao4UA6JtCZfooAgMhicePmUNeJu worth 98920.57USD 0 minutes later,Transfered,2022-07-03 00:26:08.000,4FaMTKqha9Uw6hvxg5TQc5W7vRDKxVkfPn5GDMThGYSj3tgyCYSzXzQsAsT3dXDY6yZ26iYieV6bcV7bFDkTZ83W,Esmx2QjmDZMjJ15yBJ2nhqisjEt7Gqro4jSkofdoVsvY,from 6kDhKM8rDR4DXvwUpao4UA6JtCZfooAgMhicePmUNeJu,STSOL,2868.69,98920.57
6,Exploiter Transfered 998.11SOL from 8eyi347MTDeH5F6eVv2qjPxVnU685FFZLDGcj5QWHZ6y worth 32880.36USD 6 minutes later,Transfered,2022-07-03 00:32:17.000,3m4MDRGAxSVv3Fyw3ng3MWrw4Rkvu2YwXXZjAZ8xYkPa9vRDcqecCnHzxReThzsW8VBK2hhpuYiB46qVEQZ6Jvnc,Esmx2QjmDZMjJ15yBJ2nhqisjEt7Gqro4jSkofdoVsvY,from 8eyi347MTDeH5F6eVv2qjPxVnU685FFZLDGcj5QWHZ6y,SOL,998.11,32880.36
0,Exploiter Swapped 955.6STSOL to 998.112556984SOL worth 33510.42USD 0 minutes later,Swapped,2022-07-03 00:32:17.000,3m4MDRGAxSVv3Fyw3ng3MWrw4Rkvu2YwXXZjAZ8xYkPa9vRDcqecCnHzxReThzsW8VBK2hhpuYiB46qVEQZ6Jvnc,Esmx2QjmDZMjJ15yBJ2nhqisjEt7Gqro4jSkofdoVsvY,to 998.112556984SOL,STSOL,955.6,33510.42
0,Exploiter Transfered 955.6STSOL to 8eyi347MTDeH5F6eVv2qjPxVnU685FFZLDGcj5QWHZ6y worth 32951.64USD 0 minutes later,Transfered,2022-07-03 00:32:17.000,3m4MDRGAxSVv3Fyw3ng3MWrw4Rkvu2YwXXZjAZ8xYkPa9vRDcqecCnHzxReThzsW8VBK2hhpuYiB46qVEQZ6Jvnc,Esmx2QjmDZMjJ15yBJ2nhqisjEt7Gqro4jSkofdoVsvY,to 8eyi347MTDeH5F6eVv2qjPxVnU685FFZLDGcj5QWHZ6y,STSOL,955.6,32951.64
0,Exploiter Transfered 520MSOL from HS5GnRmXkeC8j2a6wJVaNhKNEbdrgeQJ1d3JL2x82g8Q worth 18027.1USD 0 minutes later,Transfered,2022-07-03 00:32:40.000,5B4QXpMfpDpaX8dg2GF5DVLz9dAiZz1sjPL45wgP7X1o9fpdgCvYKi2FHEosSQBS63uDsos37AyrKC1a4YbKohGv,Esmx2QjmDZMjJ15yBJ2nhqisjEt7Gqro4jSkofdoVsvY,from HS5GnRmXkeC8j2a6wJVaNhKNEbdrgeQJ1d3JL2x82g8Q,MSOL,520,18027.1
0,Exploiter Transfered 521.56MSOL to DdZR6zRFiUt4S5mg7AV1uKB2z1f1WzcNYCaTEEWPAuby worth 18081.18USD 0 minutes later,Transfered,2022-07-03 00:32:40.000,5B4QXpMfpDpaX8dg2GF5DVLz9dAiZz1sjPL45wgP7X1o9fpdgCvYKi2FHEosSQBS63uDsos37AyrKC1a4YbKohGv,Esmx2QjmDZMjJ15yBJ2nhqisjEt7Gqro4jSkofdoVsvY,to DdZR6zRFiUt4S5mg7AV1uKB2z1f1WzcNYCaTEEWPAuby,MSOL,521.56,18081.18
0,Exploiter Transfered 520MSOL from DdZR6zRFiUt4S5mg7AV1uKB2z1f1WzcNYCaTEEWPAuby worth 18027.1USD 0 minutes later,Transfered,2022-07-03 00:32:40.000,5B4QXpMfpDpaX8dg2GF5DVLz9dAiZz1sjPL45wgP7X1o9fpdgCvYKi2FHEosSQBS63uDsos37AyrKC1a4YbKohGv,Esmx2QjmDZMjJ15yBJ2nhqisjEt7Gqro4jSkofdoVsvY,from DdZR6zRFiUt4S5mg7AV1uKB2z1f1WzcNYCaTEEWPAuby,MSOL,520,18027.1
0,Exploiter Transfered 520MSOL to HS5GnRmXkeC8j2a6wJVaNhKNEbdrgeQJ1d3JL2x82g8Q worth 18027.1USD 0 minutes later,Transfered,2022-07-03 00:32:40.000,5B4QXpMfpDpaX8dg2GF5DVLz9dAiZz1sjPL45wgP7X1o9fpdgCvYKi2FHEosSQBS63uDsos37AyrKC1a4YbKohGv,Esmx2QjmDZMjJ15yBJ2nhqisjEt7Gqro4jSkofdoVsvY,to HS5GnRmXkeC8j2a6wJVaNhKNEbdrgeQJ1d3JL2x82g8Q,MSOL,520,18027.1
0,Exploiter Transfered 0.31MSOL from DdZR6zRFiUt4S5mg7AV1uKB2z1f1WzcNYCaTEEWPAuby worth 10.82USD 0 minutes later,Transfered,2022-07-03 00:32:40.000,5B4QXpMfpDpaX8dg2GF5DVLz9dAiZz1sjPL45wgP7X1o9fpdgCvYKi2FHEosSQBS63uDsos37AyrKC1a4YbKohGv,Esmx2QjmDZMjJ15yBJ2nhqisjEt7Gqro4jSkofdoVsvY,from DdZR6zRFiUt4S5mg7AV1uKB2z1f1WzcNYCaTEEWPAuby,MSOL,0.31,10.82
0,Exploiter Transfered 201.42SOL from HS5GnRmXkeC8j2a6wJVaNhKNEbdrgeQJ1d3JL2x82g8Q worth 6635.32USD 0 minutes later,Transfered,2022-07-03 00:32:40.000,5B4QXpMfpDpaX8dg2GF5DVLz9dAiZz1sjPL45wgP7X1o9fpdgCvYKi2FHEosSQBS63uDsos37AyrKC1a4YbKohGv,Esmx2QjmDZMjJ15yBJ2nhqisjEt7Gqro4jSkofdoVsvY,from HS5GnRmXkeC8j2a6wJVaNhKNEbdrgeQJ1d3JL2x82g8Q,SOL,201.42,6635.32
0,Exploiter Transfered 192.66MSOL from HS5GnRmXkeC8j2a6wJVaNhKNEbdrgeQJ1d3JL2x82g8Q worth 6678.96USD 0 minutes later,Transfered,2022-07-03 00:32:40.000,5B4QXpMfpDpaX8dg2GF5DVLz9dAiZz1sjPL45wgP7X1o9fpdgCvYKi2FHEosSQBS63uDsos37AyrKC1a4YbKohGv,Esmx2QjmDZMjJ15yBJ2nhqisjEt7Gqro4jSkofdoVsvY,from HS5GnRmXkeC8j2a6wJVaNhKNEbdrgeQJ1d3JL2x82g8Q,MSOL,192.66,6678.96
2,Exploiter Transfered 961.32MSOL to EyaSjUtSgo9aRD1f8LWXwdvkpDTmXAW54yoSHZRF14WL worth 33326.51USD 2 minutes later,Transfered,2022-07-03 00:34:51.000,7wAA7CCXj5BSxBKxTTFDq8JEz4aUFQMqPaYVGraoBGhkNU5PPDV3SPYKEdhq5K4A9uBMYMbnRwag9Q7GoRBUtm8,Esmx2QjmDZMjJ15yBJ2nhqisjEt7Gqro4jSkofdoVsvY,to EyaSjUtSgo9aRD1f8LWXwdvkpDTmXAW54yoSHZRF14WL,MSOL,961.32,33326.51
0,Exploiter Transfered 0.72MSOL to AufL1ZuuAZoX7jBw8kECvjUYjfhWqZm13hbXeqnLMhFu worth 25.01USD 0 minutes later,Transfered,2022-07-03 00:34:51.000,7wAA7CCXj5BSxBKxTTFDq8JEz4aUFQMqPaYVGraoBGhkNU5PPDV3SPYKEdhq5K4A9uBMYMbnRwag9Q7GoRBUtm8,Esmx2QjmDZMjJ15yBJ2nhqisjEt7Gqro4jSkofdoVsvY,to AufL1ZuuAZoX7jBw8kECvjUYjfhWqZm13hbXeqnLMhFu,MSOL,0.72,25.01
6,Exploiter Swapped 10000SOL to 328294.784011USDCET worth 335399.36USD 6 minutes later,Swapped,2022-07-03 00:40:09.000,2G7ewJ2cAEj74p6BZMcauSsosi8XKkoBbS4eH92QumVKmQZx1XT6uygVQ5SjC6zUcfR3Dgvov9i61mRj1mgNWdSV,Esmx2QjmDZMjJ15yBJ2nhqisjEt7Gqro4jSkofdoVsvY,to 328294.784011USDCET,SOL,10000,335399.36
0,Exploiter Transfered 328309.85USDC to 7XFMgfxhDURuaPwhUkXAy6uQJCoC3HPpjiZBqcot57Ge worth 328923.04USD 0 minutes later,Transfered,2022-07-03 00:40:09.000,2G7ewJ2cAEj74p6BZMcauSsosi8XKkoBbS4eH92QumVKmQZx1XT6uygVQ5SjC6zUcfR3Dgvov9i61mRj1mgNWdSV,Esmx2QjmDZMjJ15yBJ2nhqisjEt7Gqro4jSkofdoVsvY,to 7XFMgfxhDURuaPwhUkXAy6uQJCoC3HPpjiZBqcot57Ge,USDC,328309.85,328923.04
0,Exploiter Transfered 328309.85USDC from F8Vyqk3unwxkXukZFQeYyGmFfTG3CAX4v24iyrjEYBJV worth 328923.04USD 0 minutes later,Transfered,2022-07-03 00:40:09.000,2G7ewJ2cAEj74p6BZMcauSsosi8XKkoBbS4eH92QumVKmQZx1XT6uygVQ5SjC6zUcfR3Dgvov9i61mRj1mgNWdSV,Esmx2QjmDZMjJ15yBJ2nhqisjEt7Gqro4jSkofdoVsvY,from F8Vyqk3unwxkXukZFQeYyGmFfTG3CAX4v24iyrjEYBJV,USDC,328309.85,328923.04
0,Exploiter Transfered 328294.78USDCET from 7XFMgfxhDURuaPwhUkXAy6uQJCoC3HPpjiZBqcot57Ge worth 328984.2USD 0 minutes later,Transfered,2022-07-03 00:40:09.000,2G7ewJ2cAEj74p6BZMcauSsosi8XKkoBbS4eH92QumVKmQZx1XT6uygVQ5SjC6zUcfR3Dgvov9i61mRj1mgNWdSV,Esmx2QjmDZMjJ15yBJ2nhqisjEt7Gqro4jSkofdoVsvY,from 7XFMgfxhDURuaPwhUkXAy6uQJCoC3HPpjiZBqcot57Ge,USDCET,328294.78,328984.2
0,Exploiter Transfered 10000SOL to F8Vyqk3unwxkXukZFQeYyGmFfTG3CAX4v24iyrjEYBJV worth 329425.39USD 0 minutes later,Transfered,2022-07-03 00:40:09.000,2G7ewJ2cAEj74p6BZMcauSsosi8XKkoBbS4eH92QumVKmQZx1XT6uygVQ5SjC6zUcfR3Dgvov9i61mRj1mgNWdSV,Esmx2QjmDZMjJ15yBJ2nhqisjEt7Gqro4jSkofdoVsvY,to F8Vyqk3unwxkXukZFQeYyGmFfTG3CAX4v24iyrjEYBJV,SOL,10000,329425.39
1,Exploiter Bridged 659119.727254USDCET outbound worth 660503.87USD 1 minutes later,Bridged,2022-07-03 00:41:16.000,2xD1gdo6q8msuUnSF5eVygTg3Kj8Sn7W4hCpckAXpqiatxEjAtzpqL7y1GJjxdd9r6prTamxywyQQHpi1CUZAvoc,Esmx2QjmDZMjJ15yBJ2nhqisjEt7Gqro4jSkofdoVsvY,outbound,USDCET,659119.727254,660503.87
5,Exploiter Swapped 0.18USDT to 0.005563053SOL worth 0.18USD 5 minutes later,Swapped,2022-07-03 00:46:29.000,5xw6fqp9RsBLjx4DKM6QNDJVvFspZCx3oM1RgaAVzZ9T8JRemM8FrcLSZZatHeRZ9SzdB4nchWMXhsTEJwrRGA2D,Esmx2QjmDZMjJ15yBJ2nhqisjEt7Gqro4jSkofdoVsvY,to 0.005563053SOL,USDT,0.18,0.18
0,Exploiter Transfered 0.18USDT to 6SzVrU54bJwdjbHAFemWDAHFbP2rnvmtyxreCDKUg81C worth 0.18USD 0 minutes later,Transfered,2022-07-03 00:46:29.000,5xw6fqp9RsBLjx4DKM6QNDJVvFspZCx3oM1RgaAVzZ9T8JRemM8FrcLSZZatHeRZ9SzdB4nchWMXhsTEJwrRGA2D,Esmx2QjmDZMjJ15yBJ2nhqisjEt7Gqro4jSkofdoVsvY,to 6SzVrU54bJwdjbHAFemWDAHFbP2rnvmtyxreCDKUg81C,USDT,0.18,0.18
8,Exploiter Transfered 10000SOL to F8Vyqk3unwxkXukZFQeYyGmFfTG3CAX4v24iyrjEYBJV worth 329425.39USD 8 minutes later,Transfered,2022-07-03 00:54:41.000,3RzBmjWY3CKL9UxhDYYyd6gs5ffTJUQ3DedE9oyUfAsGExa7EAqwYwoexV7tWHwzcRNvnDWsJS4Lt4246w9CyCYD,Esmx2QjmDZMjJ15yBJ2nhqisjEt7Gqro4jSkofdoVsvY,to F8Vyqk3unwxkXukZFQeYyGmFfTG3CAX4v24iyrjEYBJV,SOL,10000,329425.39
0,Exploiter Transfered 327667.04USDC to 7XFMgfxhDURuaPwhUkXAy6uQJCoC3HPpjiZBqcot57Ge worth 328279.02USD 0 minutes later,Transfered,2022-07-03 00:54:41.000,3RzBmjWY3CKL9UxhDYYyd6gs5ffTJUQ3DedE9oyUfAsGExa7EAqwYwoexV7tWHwzcRNvnDWsJS4Lt4246w9CyCYD,Esmx2QjmDZMjJ15yBJ2nhqisjEt7Gqro4jSkofdoVsvY,to 7XFMgfxhDURuaPwhUkXAy6uQJCoC3HPpjiZBqcot57Ge,USDC,327667.04,328279.02
0,Exploiter Transfered 327632.52USDCET from 7XFMgfxhDURuaPwhUkXAy6uQJCoC3HPpjiZBqcot57Ge worth 328320.55USD 0 minutes later,Transfered,2022-07-03 00:54:41.000,3RzBmjWY3CKL9UxhDYYyd6gs5ffTJUQ3DedE9oyUfAsGExa7EAqwYwoexV7tWHwzcRNvnDWsJS4Lt4246w9CyCYD,Esmx2QjmDZMjJ15yBJ2nhqisjEt7Gqro4jSkofdoVsvY,from 7XFMgfxhDURuaPwhUkXAy6uQJCoC3HPpjiZBqcot57Ge,USDCET,327632.52,328320.55
0,Exploiter Swapped 10000SOL to 327632.523446USDCET worth 335399.36USD 0 minutes later,Swapped,2022-07-03 00:54:41.000,3RzBmjWY3CKL9UxhDYYyd6gs5ffTJUQ3DedE9oyUfAsGExa7EAqwYwoexV7tWHwzcRNvnDWsJS4Lt4246w9CyCYD,Esmx2QjmDZMjJ15yBJ2nhqisjEt7Gqro4jSkofdoVsvY,to 327632.523446USDCET,SOL,10000,335399.36
0,Exploiter Transfered 327667.04USDC from F8Vyqk3unwxkXukZFQeYyGmFfTG3CAX4v24iyrjEYBJV worth 328279.02USD 0 minutes later,Transfered,2022-07-03 00:54:41.000,3RzBmjWY3CKL9UxhDYYyd6gs5ffTJUQ3DedE9oyUfAsGExa7EAqwYwoexV7tWHwzcRNvnDWsJS4Lt4246w9CyCYD,Esmx2QjmDZMjJ15yBJ2nhqisjEt7Gqro4jSkofdoVsvY,from F8Vyqk3unwxkXukZFQeYyGmFfTG3CAX4v24iyrjEYBJV,USDC,327667.04,328279.02
0,Exploiter Swapped 10000SOL to 326095.580088USDCET worth 335399.36USD 0 minutes later,Swapped,2022-07-03 00:58:23.000,3rCsSaKTgW1oFWzeSUCfLSjE2tZ5vKcqmhabzVQhGbkNrMkUWKkakuAS2vHxktHi1kfCbwDfhk3xBWCd8gFSR9W7,Esmx2QjmDZMjJ15yBJ2nhqisjEt7Gqro4jSkofdoVsvY,to 326095.580088USDCET,SOL,10000,335399.36
4,Exploiter Transfered 326150.38USDC to 7XFMgfxhDURuaPwhUkXAy6uQJCoC3HPpjiZBqcot57Ge worth 326759.53USD 4 minutes later,Transfered,2022-07-03 00:58:23.000,3rCsSaKTgW1oFWzeSUCfLSjE2tZ5vKcqmhabzVQhGbkNrMkUWKkakuAS2vHxktHi1kfCbwDfhk3xBWCd8gFSR9W7,Esmx2QjmDZMjJ15yBJ2nhqisjEt7Gqro4jSkofdoVsvY,to 7XFMgfxhDURuaPwhUkXAy6uQJCoC3HPpjiZBqcot57Ge,USDC,326150.38,326759.53
0,Exploiter Transfered 10000SOL to F8Vyqk3unwxkXukZFQeYyGmFfTG3CAX4v24iyrjEYBJV worth 329425.39USD 0 minutes later,Transfered,2022-07-03 00:58:23.000,3rCsSaKTgW1oFWzeSUCfLSjE2tZ5vKcqmhabzVQhGbkNrMkUWKkakuAS2vHxktHi1kfCbwDfhk3xBWCd8gFSR9W7,Esmx2QjmDZMjJ15yBJ2nhqisjEt7Gqro4jSkofdoVsvY,to F8Vyqk3unwxkXukZFQeYyGmFfTG3CAX4v24iyrjEYBJV,SOL,10000,329425.39
0,Exploiter Transfered 326150.38USDC from F8Vyqk3unwxkXukZFQeYyGmFfTG3CAX4v24iyrjEYBJV worth 326759.53USD 0 minutes later,Transfered,2022-07-03 00:58:23.000,3rCsSaKTgW1oFWzeSUCfLSjE2tZ5vKcqmhabzVQhGbkNrMkUWKkakuAS2vHxktHi1kfCbwDfhk3xBWCd8gFSR9W7,Esmx2QjmDZMjJ15yBJ2nhqisjEt7Gqro4jSkofdoVsvY,from F8Vyqk3unwxkXukZFQeYyGmFfTG3CAX4v24iyrjEYBJV,USDC,326150.38,326759.53
0,Exploiter Transfered 326095.58USDCET from 7XFMgfxhDURuaPwhUkXAy6uQJCoC3HPpjiZBqcot57Ge worth 326780.37USD 0 minutes later,Transfered,2022-07-03 00:58:23.000,3rCsSaKTgW1oFWzeSUCfLSjE2tZ5vKcqmhabzVQhGbkNrMkUWKkakuAS2vHxktHi1kfCbwDfhk3xBWCd8gFSR9W7,Esmx2QjmDZMjJ15yBJ2nhqisjEt7Gqro4jSkofdoVsvY,from 7XFMgfxhDURuaPwhUkXAy6uQJCoC3HPpjiZBqcot57Ge,USDCET,326095.58,326780.37
3,Exploiter Transfered 98948.81USDCET from 7XFMgfxhDURuaPwhUkXAy6uQJCoC3HPpjiZBqcot57Ge worth 99156.6USD 3 minutes later,Transfered,2022-07-03 01:01:22.000,4q9Hz8X3HJJ1ySyPwphKWPhWk7rkJD63UzvggU1KPx8ddTsC5GBzxucEdF4Db7L3P1bCT4dSJKGbdEEH2ZriCCvK,Esmx2QjmDZMjJ15yBJ2nhqisjEt7Gqro4jSkofdoVsvY,from 7XFMgfxhDURuaPwhUkXAy6uQJCoC3HPpjiZBqcot57Ge,USDCET,98948.81,99156.6
0,Exploiter Transfered 98969.63USDC to 7XFMgfxhDURuaPwhUkXAy6uQJCoC3HPpjiZBqcot57Ge worth 99154.47USD 0 minutes later,Transfered,2022-07-03 01:01:22.000,4q9Hz8X3HJJ1ySyPwphKWPhWk7rkJD63UzvggU1KPx8ddTsC5GBzxucEdF4Db7L3P1bCT4dSJKGbdEEH2ZriCCvK,Esmx2QjmDZMjJ15yBJ2nhqisjEt7Gqro4jSkofdoVsvY,to 7XFMgfxhDURuaPwhUkXAy6uQJCoC3HPpjiZBqcot57Ge,USDC,98969.63,99154.47
0,Exploiter Swapped 3010.1SOL to 98948.808363USDCET worth 100532.94USD 0 minutes later,Swapped,2022-07-03 01:01:22.000,4q9Hz8X3HJJ1ySyPwphKWPhWk7rkJD63UzvggU1KPx8ddTsC5GBzxucEdF4Db7L3P1bCT4dSJKGbdEEH2ZriCCvK,Esmx2QjmDZMjJ15yBJ2nhqisjEt7Gqro4jSkofdoVsvY,to 98948.808363USDCET,SOL,3010.1,100532.94
0,Exploiter Transfered 3010.1SOL to F8Vyqk3unwxkXukZFQeYyGmFfTG3CAX4v24iyrjEYBJV worth 99160.34USD 0 minutes later,Transfered,2022-07-03 01:01:22.000,4q9Hz8X3HJJ1ySyPwphKWPhWk7rkJD63UzvggU1KPx8ddTsC5GBzxucEdF4Db7L3P1bCT4dSJKGbdEEH2ZriCCvK,Esmx2QjmDZMjJ15yBJ2nhqisjEt7Gqro4jSkofdoVsvY,to F8Vyqk3unwxkXukZFQeYyGmFfTG3CAX4v24iyrjEYBJV,SOL,3010.1,99160.34
0,Exploiter Transfered 98969.63USDC from F8Vyqk3unwxkXukZFQeYyGmFfTG3CAX4v24iyrjEYBJV worth 99154.47USD 0 minutes later,Transfered,2022-07-03 01:01:22.000,4q9Hz8X3HJJ1ySyPwphKWPhWk7rkJD63UzvggU1KPx8ddTsC5GBzxucEdF4Db7L3P1bCT4dSJKGbdEEH2ZriCCvK,Esmx2QjmDZMjJ15yBJ2nhqisjEt7Gqro4jSkofdoVsvY,from F8Vyqk3unwxkXukZFQeYyGmFfTG3CAX4v24iyrjEYBJV,USDC,98969.63,99154.47
1,Exploiter Bridged 752676.911897USDCET outbound worth 754257.52USD 1 minutes later,Bridged,2022-07-03 01:02:06.000,2aJfuF6QvxNat9XKjrJaDCU6JxBgaYq1hDxsAyoJXGRbnLJh94MLgnSBrbB4i2V222byQPyTQaS4xwN3xxYK1Lf3,Esmx2QjmDZMjJ15yBJ2nhqisjEt7Gqro4jSkofdoVsvY,outbound,USDCET,752676.911897,754257.52
﻿