EVENT,BLOCK_TIMESTAMP,TX_ID,SENDER,ROUTE,SYMBOL,TOKEN_ADDRESS,AMOUNT,AMOUNT_USD
Transfered,2022-03-23 11:08:03.000,2xKmvnEQ2n7TqHvnCVMyguXLSednz4PReCqW638bYz5uQdpif2JjLgHEbxZcxTeqmSkqvsNrMFU5Pxzf1kDHJntx,6D7fgzpPZXtDB6Zqg3xRwfbohzerbytB2U5pFchnVuzw,outbound,USDC,EPjFWdd5AufqSSqeM2qN1xzybapC8G4wEGGkZwyTDt1v,113.21,113.21
Transfered,2022-03-23 08:33:58.000,4YJCfHHKFu9wLhEoxrCu6DxZu1cZsrFVUK5w1Ns2DrMs8LTyWj7pBLciNMatE8X4cQopZNcehLt1pimkcLMWmqfu,6D7fgzpPZXtDB6Zqg3xRwfbohzerbytB2U5pFchnVuzw,outbound,USDC,EPjFWdd5AufqSSqeM2qN1xzybapC8G4wEGGkZwyTDt1v,200,199.99
Transfered,2022-03-23 09:52:18.000,2poggj7x91qGZcQV9RHJgHWwaaTohj2zd53CYXM9j4j6F46rLYaAY2zmrH95g9qQFJMmi1BvaqAn6qUmnSzi1WcJ,6D7fgzpPZXtDB6Zqg3xRwfbohzerbytB2U5pFchnVuzw,outbound,USDC,EPjFWdd5AufqSSqeM2qN1xzybapC8G4wEGGkZwyTDt1v,92940.91,92938.32
Transfered,2022-03-23 11:16:59.000,3CGfUunPwvdaLpg8NbVUboB5bCrskgDq5k5e28WVGvdWSzQ7JPv1fmUXT5RMXR4CbJkhVCJRgc8RN4Jb4DoZF4hN,6D7fgzpPZXtDB6Zqg3xRwfbohzerbytB2U5pFchnVuzw,outbound,USDC,EPjFWdd5AufqSSqeM2qN1xzybapC8G4wEGGkZwyTDt1v,101,101
Transfered,2022-03-23 10:37:07.000,3HTQfBBHJc7DDCd9rF5NR2aVNgdonAqWFtL4HgwESgrxMPqHynqdzMdkfBdqcyVoZPotb1frVjGafQGqy5myHeL8,6D7fgzpPZXtDB6Zqg3xRwfbohzerbytB2U5pFchnVuzw,outbound,USDC,EPjFWdd5AufqSSqeM2qN1xzybapC8G4wEGGkZwyTDt1v,1108.46,1108.43
Transfered,2022-03-23 11:31:14.000,5edVAh9wkfMrQdA6WULGJ2tMzwQfTMXmah2mZ5bQzrzETNnVLRFTa4EXkUH3TZgH2LL1q4aetXiXMeENom1jiHyG,6D7fgzpPZXtDB6Zqg3xRwfbohzerbytB2U5pFchnVuzw,outbound,USDC,EPjFWdd5AufqSSqeM2qN1xzybapC8G4wEGGkZwyTDt1v,2992.65,2992.57
Transfered,2022-03-23 10:42:46.000,4ibZ32pn5YrJqkb6D7Ncq2DmdKs9N7sCdZuCiHFVY8yYT2RWjbiMKnbTzMXstocia8DjsuffAS57zm3wqcx2R7dN,6D7fgzpPZXtDB6Zqg3xRwfbohzerbytB2U5pFchnVuzw,outbound,USDC,EPjFWdd5AufqSSqeM2qN1xzybapC8G4wEGGkZwyTDt1v,399.79,399.78
Transfered,2022-03-23 11:18:38.000,2z4dZ1wwTKCmgwXD7cUoTDxu4ZpsiLxy3zvKPuBDaTC6QcLjAUWGCNrVgdr9pNLLmfXyjqQzf7nUdKTpeLHDETiG,6D7fgzpPZXtDB6Zqg3xRwfbohzerbytB2U5pFchnVuzw,outbound,USDC,EPjFWdd5AufqSSqeM2qN1xzybapC8G4wEGGkZwyTDt1v,100.04,100.04
Transfered,2022-03-23 11:07:48.000,3M7nGp3sJD7tCeXLGT1vQXJGEeGKFVaEGond1eUz8H79GxSACrJLRGeLFekJdnT3nNrut7mdJSQQNuRMQLgxfQyR,6D7fgzpPZXtDB6Zqg3xRwfbohzerbytB2U5pFchnVuzw,outbound,USDC,EPjFWdd5AufqSSqeM2qN1xzybapC8G4wEGGkZwyTDt1v,114.56,114.56
Transfered,2022-03-23 11:33:07.000,4ErhKZVeNNVQb2RFoWwiXcg8i8AmtrMFUzACSGji1gwCMwEjocHETMemFrCQvU59vBDwSjGwPeZ8petVRie5twpr,6D7fgzpPZXtDB6Zqg3xRwfbohzerbytB2U5pFchnVuzw,outbound,USDC,EPjFWdd5AufqSSqeM2qN1xzybapC8G4wEGGkZwyTDt1v,1993.41,1993.35
Transfered,2022-03-23 09:13:29.000,3QRQe3Sxig86tnWsyuGkGctG3xrn3SvyvwD6VUxqbs3YaVcbxASkWEE8mhogXe24yv7jowE3x5HhsC7n5jgjURNi,6D7fgzpPZXtDB6Zqg3xRwfbohzerbytB2U5pFchnVuzw,outbound,USDC,EPjFWdd5AufqSSqeM2qN1xzybapC8G4wEGGkZwyTDt1v,1029.44,1029.41
Transfered,2022-03-23 10:31:36.000,Vy6UCKDRwooNcLUjug6ACZcRdww18PSsDUbbGUGzzsf9NuKi4MCgkMTJwTaZQxoiF6ZvBWBxW2Bnv79TS1wduim,6D7fgzpPZXtDB6Zqg3xRwfbohzerbytB2U5pFchnVuzw,outbound,USDC,EPjFWdd5AufqSSqeM2qN1xzybapC8G4wEGGkZwyTDt1v,1974.78,1974.73
Transfered,2022-03-23 10:40:22.000,4Z5NgjU2Xuq3gMRDZ9qK8X1V9MCDxBiuEVozRD93A2iiKVqWVUoEVMYbwm5WvD5iJ2JHy3snRUeWuSfRbjrYp4Yn,6D7fgzpPZXtDB6Zqg3xRwfbohzerbytB2U5pFchnVuzw,outbound,USDC,EPjFWdd5AufqSSqeM2qN1xzybapC8G4wEGGkZwyTDt1v,584.64,584.62
Transfered,2022-03-23 11:34:14.000,RyGqRrwusbiiHwSLCbz4TSEiqg4s2b2NGWUG1tDVtR5kZVPtcy8ahsxtRniGwye8E2DQoYu7HBLYH5SdPeSKRxx,6D7fgzpPZXtDB6Zqg3xRwfbohzerbytB2U5pFchnVuzw,outbound,USDC,EPjFWdd5AufqSSqeM2qN1xzybapC8G4wEGGkZwyTDt1v,1375.78,1375.74
Transfered,2022-03-23 10:00:07.000,3F6EMmquT3SzM4by7eJada5y3y3dirqfqj8WX5D7NKf6xRrmbBLuFBKkrWzTQsxQ5nhf5Hdt6e79UVkDYSvuE28d,6D7fgzpPZXtDB6Zqg3xRwfbohzerbytB2U5pFchnVuzw,outbound,USDC,EPjFWdd5AufqSSqeM2qN1xzybapC8G4wEGGkZwyTDt1v,14062.83,14062.44
Transfered,2022-03-23 11:16:51.000,2gSYvE3WJphrGhFB5Vn1xZbz5J9pZ2zn6HH98tegKmRco11FU86Udj7AgMSRhUYNWTpNV9fX22S5oFxuUdsnBd4h,6D7fgzpPZXtDB6Zqg3xRwfbohzerbytB2U5pFchnVuzw,outbound,USDC,EPjFWdd5AufqSSqeM2qN1xzybapC8G4wEGGkZwyTDt1v,101.28,101.28
Transfered,2022-03-23 09:33:27.000,4m8oRev5ZdmkwK6A9TRsVnT2m9rKdAu4i1om2SSkioPySnNd58ryj4jheYYbT84FmqQtYp46N5N4PJuuEXndKAxX,6D7fgzpPZXtDB6Zqg3xRwfbohzerbytB2U5pFchnVuzw,outbound,USDC,EPjFWdd5AufqSSqeM2qN1xzybapC8G4wEGGkZwyTDt1v,458.12,458.11
Transfered,2022-03-23 10:00:26.000,4QtZ53C9gqcoSLegC6LLkHjia11x6nM9VK5SniFn7wYDwZ4hGwhFeLEojXfJxfY8CTN5DqHQoSDV9nJ9VwjXtzBm,6D7fgzpPZXtDB6Zqg3xRwfbohzerbytB2U5pFchnVuzw,outbound,USDC,EPjFWdd5AufqSSqeM2qN1xzybapC8G4wEGGkZwyTDt1v,13040.3,13039.94
Transfered,2022-03-23 10:15:02.000,47nLNQZzvZDjjufZw5SQR9d9pskAansZvsWQoGdHkeVJ3akdcU4gYQTWHRfMrstM14iQMjutDovh1aFQETVw6ab4,6D7fgzpPZXtDB6Zqg3xRwfbohzerbytB2U5pFchnVuzw,outbound,USDC,EPjFWdd5AufqSSqeM2qN1xzybapC8G4wEGGkZwyTDt1v,9008.9,9008.65
Transfered,2022-03-23 11:36:23.000,2XCs8iKcFUEWtUQJJMZ3HeEdzYzSFh6PDYcmN65LtM3vRMJWLA74iudvCrvcWeYCHhQivg6jDHhiMSx4Gtru74q,6D7fgzpPZXtDB6Zqg3xRwfbohzerbytB2U5pFchnVuzw,outbound,USDC,EPjFWdd5AufqSSqeM2qN1xzybapC8G4wEGGkZwyTDt1v,997.13,997.1
Transfered,2022-03-23 10:42:19.000,MXRUSwxrfC5b5TJ7GgS2ov2L4GdGGoqmonojCUVX6mFoJimQnVbP3SFKoKsfTYPpFNascPynzt2Ag7WfCv9we5U,6D7fgzpPZXtDB6Zqg3xRwfbohzerbytB2U5pFchnVuzw,outbound,USDC,EPjFWdd5AufqSSqeM2qN1xzybapC8G4wEGGkZwyTDt1v,408.37,408.36
Transfered,2022-03-23 11:09:26.000,JpTHEFHXcWvHC6MVACvZFPNzuW6DZ8vyKRLxgu6hw645K6XvQERUjHpKxdTLvHfTDeqyFHdaKNGCqgMYq3rCgcJ,6D7fgzpPZXtDB6Zqg3xRwfbohzerbytB2U5pFchnVuzw,outbound,USDC,EPjFWdd5AufqSSqeM2qN1xzybapC8G4wEGGkZwyTDt1v,103.9,103.9
Transfered,2022-03-23 10:36:31.000,mZpYaMWiprhTBiZ28ddDNsZAumWMXTA7ojTvnNpm6Jowm38JSU8m2tRJDPzShg4UYExCtq94PPNJgTDLrSERdTb,6D7fgzpPZXtDB6Zqg3xRwfbohzerbytB2U5pFchnVuzw,outbound,USDC,EPjFWdd5AufqSSqeM2qN1xzybapC8G4wEGGkZwyTDt1v,1238.65,1238.61
Transfered,2022-03-23 10:32:28.000,2aPZmtU8jxS9n7FWQZEHq9Tk8UzbfHyyHtXmqUh2WVpcWX34qwxqyMELrQbkQUThY2RnMGNzogmXhBUooTAjXzVy,6D7fgzpPZXtDB6Zqg3xRwfbohzerbytB2U5pFchnVuzw,outbound,USDC,EPjFWdd5AufqSSqeM2qN1xzybapC8G4wEGGkZwyTDt1v,1570.76,1570.72
Transfered,2022-03-23 11:28:47.000,3kGjvj1CzpAwoqFPP3qaKzNerCNRr8resZ8kunHpa7P6bHn74dV272LyYpzy7o8Hv9eQJhXpaTFqR3Ty1VHvxoag,6D7fgzpPZXtDB6Zqg3xRwfbohzerbytB2U5pFchnVuzw,outbound,USDC,EPjFWdd5AufqSSqeM2qN1xzybapC8G4wEGGkZwyTDt1v,14939.3,14938.88
Transfered,2022-03-23 09:08:27.000,5scAL6WiENGa1Bd8QTkfpSpLFvFQAFdT8zuPAxYtGJ4qTksnRkccP6pvnmfuCE9agYJtTX1R9PUmi6ZjfAm4Z95D,6D7fgzpPZXtDB6Zqg3xRwfbohzerbytB2U5pFchnVuzw,outbound,USDC,EPjFWdd5AufqSSqeM2qN1xzybapC8G4wEGGkZwyTDt1v,59119.92,59118.28
Transfered,2022-03-23 10:36:59.000,5g785V8DVZthRsxvVsrJZGV5nEtyDLb55d4pjKRnLkX8TPi3u5Yt4w5u5LZs8X4DTy986RNLbLjuVK9eprHzN3vh,6D7fgzpPZXtDB6Zqg3xRwfbohzerbytB2U5pFchnVuzw,outbound,USDC,EPjFWdd5AufqSSqeM2qN1xzybapC8G4wEGGkZwyTDt1v,1122.8,1122.77
Transfered,2022-03-23 11:42:06.000,UwNd7mAe3ng8fLB4H3FH8ZRQa9jDgzWF8eFWrEsxEegWo8p5333UnXUgcfmNz5TuWtkR9VtSRrzpjxykGmRUuUg,6D7fgzpPZXtDB6Zqg3xRwfbohzerbytB2U5pFchnVuzw,outbound,USDC,EPjFWdd5AufqSSqeM2qN1xzybapC8G4wEGGkZwyTDt1v,199.7,199.69
Transfered,2022-03-23 10:31:46.000,62BgbRq5uBKkVBQwzAokLrsPqL7ybJ4tWMkhUWDisYqTaavqjwkyiLD9d32BBpM52WniaACZphE7hVT1YaVKcNdN,6D7fgzpPZXtDB6Zqg3xRwfbohzerbytB2U5pFchnVuzw,outbound,USDC,EPjFWdd5AufqSSqeM2qN1xzybapC8G4wEGGkZwyTDt1v,1974.49,1974.43
Transfered,2022-03-23 10:16:46.000,4WF9BGSCwvKbXz9Zx1PMr6dZPVP963ET7p5LCqaeQQp4J6anuYDkLAdKjbCBryPGcfhxQHK8vqi94ArdrNJiNVyu,6D7fgzpPZXtDB6Zqg3xRwfbohzerbytB2U5pFchnVuzw,outbound,USDC,EPjFWdd5AufqSSqeM2qN1xzybapC8G4wEGGkZwyTDt1v,4989.48,4989.34
Transfered,2022-03-23 10:48:54.000,WeJfTJkTpcJitMDNkBxPhsg7QLtBYHxfMWBHipjR1PmCKZ6kWSF6RZ92i5jbLFwttC6rDisHDb3H6hxHkMnDvan,6D7fgzpPZXtDB6Zqg3xRwfbohzerbytB2U5pFchnVuzw,outbound,USDC,EPjFWdd5AufqSSqeM2qN1xzybapC8G4wEGGkZwyTDt1v,199.03,199.03
Transfered,2022-03-23 10:41:16.000,YeQiYUWkmCvsa6eLvtwTuFMKeyyxb7DcmkVBSc54BcqSdQfNjDcdA354f1a8irgvPkdgF87agPgVtq16heZwTZQ,6D7fgzpPZXtDB6Zqg3xRwfbohzerbytB2U5pFchnVuzw,outbound,USDC,EPjFWdd5AufqSSqeM2qN1xzybapC8G4wEGGkZwyTDt1v,500,499.99
Transfered,2022-03-23 09:41:03.000,5Key1YYLd3EzLjMSUPtESSmD9hUNgqYCv8uv4wKEmJYckhi6egWgUNXP6tQhV26Aff9nKAsiZiTqusBVzxtTuuuA,6D7fgzpPZXtDB6Zqg3xRwfbohzerbytB2U5pFchnVuzw,outbound,USDC,EPjFWdd5AufqSSqeM2qN1xzybapC8G4wEGGkZwyTDt1v,199.99,199.98
Transfered,2022-03-23 10:48:33.000,5mgWJ31n9oDbhpYhdhPwGpwSbXA7Z82JQ4t4stuRnr93WrEGLCzaPeyGgadvs7H4CnvK7ECKHWn2Tcp4UDem3y7N,6D7fgzpPZXtDB6Zqg3xRwfbohzerbytB2U5pFchnVuzw,outbound,USDC,EPjFWdd5AufqSSqeM2qN1xzybapC8G4wEGGkZwyTDt1v,199.2,199.2
Transfered,2022-03-23 09:10:44.000,5bYS78kBwcNTWCo2FYFeuyqUTfL9K3gotVxi69Z1xB4ervy31SKcbo79w48z6ubzTmLVPghWmpngZKdeNpDjn8am,6D7fgzpPZXtDB6Zqg3xRwfbohzerbytB2U5pFchnVuzw,outbound,USDC,EPjFWdd5AufqSSqeM2qN1xzybapC8G4wEGGkZwyTDt1v,4088.59,4088.47
Transfered,2022-03-23 10:47:31.000,48FmZujgKKWYnXj1aEwnZbDtHUMZYdTCCzZuubJpTU6bW885yQwTrzMvBRAqzTkpG6UWQEBi2B8tRV2dCJFxTgxU,6D7fgzpPZXtDB6Zqg3xRwfbohzerbytB2U5pFchnVuzw,outbound,USDC,EPjFWdd5AufqSSqeM2qN1xzybapC8G4wEGGkZwyTDt1v,199.6,199.6
Transfered,2022-03-23 10:41:44.000,5GLpw9fxc7HsNAcy1Aw9d27cMb9D8uqDYPSAVrL2nMfoqSAA8MQmWsvwjNCaKxgw6BzNxRqwqWQQJvxakJ26DcoW,6D7fgzpPZXtDB6Zqg3xRwfbohzerbytB2U5pFchnVuzw,outbound,USDC,EPjFWdd5AufqSSqeM2qN1xzybapC8G4wEGGkZwyTDt1v,440.53,440.52
Transfered,2022-03-23 10:39:50.000,5quGcS1vGLQn9zJkgGhqhZR5Hg74LMwvgyNHmVTmntTrBCYUptqA4qy611xdY1CCbbMgxC6z5ULbuJp1JbxKjdqE,6D7fgzpPZXtDB6Zqg3xRwfbohzerbytB2U5pFchnVuzw,outbound,USDC,EPjFWdd5AufqSSqeM2qN1xzybapC8G4wEGGkZwyTDt1v,622.35,622.34
Transfered,2022-03-23 10:13:47.000,4oB8yiYjDuNF5ETvZVumVuNZwXtJcptSRMwdpR52ETsuoxGEn5CVhyELHbTSrvsATqHxxFFdpFUcenrMpd7U25Ft,6D7fgzpPZXtDB6Zqg3xRwfbohzerbytB2U5pFchnVuzw,outbound,USDC,EPjFWdd5AufqSSqeM2qN1xzybapC8G4wEGGkZwyTDt1v,10335.68,10335.39
Transfered,2022-03-23 09:51:43.000,4nTdbjPuGMkCT3DP8CxvnKVa9jp5hxAaGMK8kCkzgrU9CL5A1Zz7xu9kB4suUWbusMT8h75yuN3Ufi7GCc5QE61P,6D7fgzpPZXtDB6Zqg3xRwfbohzerbytB2U5pFchnVuzw,outbound,USDC,EPjFWdd5AufqSSqeM2qN1xzybapC8G4wEGGkZwyTDt1v,98953.11,98950.35
Transfered,2022-03-23 09:43:36.000,DETqBaWLwde8tSVVBFz3M5rTfdNUiQNbpHPGBf8NzcLySgvCdcDwJRdzTv8r6P1u8ocTx5Djgx2hnCzYmevEhLT,6D7fgzpPZXtDB6Zqg3xRwfbohzerbytB2U5pFchnVuzw,outbound,USDC,EPjFWdd5AufqSSqeM2qN1xzybapC8G4wEGGkZwyTDt1v,122.94,122.94
Transfered,2022-03-23 09:54:19.000,2o3ADduCS3TEMdQfcFu69wse81V2JZV2mvqNQDGvbjJxoyU5LNG6oVMMHocDsdyMPWzKyLGqG5YX7k3GDBrXvwPi,6D7fgzpPZXtDB6Zqg3xRwfbohzerbytB2U5pFchnVuzw,outbound,USDC,EPjFWdd5AufqSSqeM2qN1xzybapC8G4wEGGkZwyTDt1v,49406.33,49404.96
Transfered,2022-03-23 11:39:02.000,4bQmZjyRdbMSYUq3tPgVxyqEtjECawE8Cdh1fFn8EnfkrVoeaQZsWZwpdAVAEcJtWhjqyXrjjdEuJDnbup5RYAhZ,6D7fgzpPZXtDB6Zqg3xRwfbohzerbytB2U5pFchnVuzw,outbound,USDC,EPjFWdd5AufqSSqeM2qN1xzybapC8G4wEGGkZwyTDt1v,497.9,497.89
Transfered,2022-03-23 11:15:50.000,FbaSANgEznc7ccdLyg2cgY1G11CTsooSsoaGvYCRi7mEDeDbvGMH72YA4hWw8oy8YbPTD1FJJqPrpfuAQno4jZb,6D7fgzpPZXtDB6Zqg3xRwfbohzerbytB2U5pFchnVuzw,outbound,USDC,EPjFWdd5AufqSSqeM2qN1xzybapC8G4wEGGkZwyTDt1v,101.86,101.86
Transfered,2022-03-23 10:31:14.000,3Gq9eGcfYcEYW88DAFuREwupxrJdFNCHZn3fbhThzSHY8DuoLGW1uVLmdMDjHDTdnVEZAeswVv3p8ZGb6e719nz3,6D7fgzpPZXtDB6Zqg3xRwfbohzerbytB2U5pFchnVuzw,outbound,USDC,EPjFWdd5AufqSSqeM2qN1xzybapC8G4wEGGkZwyTDt1v,1982.17,1982.12
Transfered,2022-03-23 09:09:51.000,3Eagmp1wtFVaGWwtUQqgsLGuDEibM2YeyYHJ2rojqEzjUnv6T1N3isbq23N1CMTpWeVxWi7RAssE9uHTMAX7dkNw,6D7fgzpPZXtDB6Zqg3xRwfbohzerbytB2U5pFchnVuzw,outbound,USDC,EPjFWdd5AufqSSqeM2qN1xzybapC8G4wEGGkZwyTDt1v,6305.19,6305.01
Transfered,2022-03-23 09:32:45.000,2J7oSejKBJkgQKsuBQkbATNvkQ4SDgdiDKH8nRzomjuD9WSFBWa6UFY3SbpphHcZP3T2hw4DYvMJV6BrubymiCNC,6D7fgzpPZXtDB6Zqg3xRwfbohzerbytB2U5pFchnVuzw,outbound,USDC,EPjFWdd5AufqSSqeM2qN1xzybapC8G4wEGGkZwyTDt1v,503.16,503.15
Transfered,2022-03-23 10:53:46.000,3njTHhpsZv15hmmXw99YDy5tL7Aewh3bEDtYx3wfsnMkvfoF3JuF2zKQHcth1qv4nXwQj8haSKaToqMyDitwhf9Z,6D7fgzpPZXtDB6Zqg3xRwfbohzerbytB2U5pFchnVuzw,outbound,USDC,EPjFWdd5AufqSSqeM2qN1xzybapC8G4wEGGkZwyTDt1v,121.62,121.61
Transfered,2022-03-23 11:32:17.000,H1yPDc7yDgi9pZpNRkxJCszZweTxD64rsFd11mTFvQx7nKHtuqW8Z9vS6zwSQzV55D6vMSFGxFJdNGtSk7iYd7z,6D7fgzpPZXtDB6Zqg3xRwfbohzerbytB2U5pFchnVuzw,outbound,USDC,EPjFWdd5AufqSSqeM2qN1xzybapC8G4wEGGkZwyTDt1v,2051.38,2051.33
Transfered,2022-03-23 10:36:12.000,5X1oEuv9mDt1RF9LfggDuDxqX5aBvqjaTHEMXtoBzyPuoBJbJM7wykG5E7NM5SMUN9F6nngB9Zw5bkkFEaTL1MvD,6D7fgzpPZXtDB6Zqg3xRwfbohzerbytB2U5pFchnVuzw,outbound,USDC,EPjFWdd5AufqSSqeM2qN1xzybapC8G4wEGGkZwyTDt1v,1341.3,1341.26
Transfered,2022-03-23 10:18:00.000,2bSenvZB4TFTevoEPXbMRrr2k3nLGwkm6xC6EaA9yVhpDTVWi2JSz8JWZnfuANzW1yaX8DXkP1dAK1Ej7ey6Hcgp,6D7fgzpPZXtDB6Zqg3xRwfbohzerbytB2U5pFchnVuzw,outbound,USDC,EPjFWdd5AufqSSqeM2qN1xzybapC8G4wEGGkZwyTDt1v,4299.48,4299.36
Transfered,2022-03-23 11:08:54.000,3BN8d9dkKbsfVJTBs691yoEBtTekq5u9SCZhr9fr3geTvTPpz8y5YdYSsH3b49WtWaiDL1Ertpo8XwmdBiVJeQW,6D7fgzpPZXtDB6Zqg3xRwfbohzerbytB2U5pFchnVuzw,outbound,USDC,EPjFWdd5AufqSSqeM2qN1xzybapC8G4wEGGkZwyTDt1v,105.1,105.09
Transfered,2022-03-23 09:33:43.000,LtLAbRY4aHqTUT5Pausdx23iMUFiiEsrBm4xnmJg87Ntg2ZrfDqPuri1JSHWHUfhKh6a4aXBP25LyyKx6Qna6Q4,6D7fgzpPZXtDB6Zqg3xRwfbohzerbytB2U5pFchnVuzw,outbound,USDC,EPjFWdd5AufqSSqeM2qN1xzybapC8G4wEGGkZwyTDt1v,424.1,424.09
Transfered,2022-03-23 11:29:34.000,5VkWJoX4hFYAx1iJwuLhrti4SEdjKzRUMzx2iMZKPF3QHddThhESBCUCmAyq52qUWoWPPrUYFeTiAE2PjDSwaxYZ,6D7fgzpPZXtDB6Zqg3xRwfbohzerbytB2U5pFchnVuzw,outbound,USDC,EPjFWdd5AufqSSqeM2qN1xzybapC8G4wEGGkZwyTDt1v,10104.6,10104.32
Transfered,2022-03-23 10:32:38.000,WCmJk8GeNJaKjsYiVkQdibKARAjAn4zf3AS6nMFyLPvpRkgswmBNJ3zWHC6hXQ655FHrDVf3pvAs3vwLJXV1A7k,6D7fgzpPZXtDB6Zqg3xRwfbohzerbytB2U5pFchnVuzw,outbound,USDC,EPjFWdd5AufqSSqeM2qN1xzybapC8G4wEGGkZwyTDt1v,1486.76,1486.72
Transfered,2022-03-23 11:09:08.000,5YKuM2rNQC3sq1n8FqVCvth3cCSbJnvfcq5E2cwuKGX2ft982zSvt36pj4Jk76ecHCvqrgBpyacgZ8LijEXVEDM4,6D7fgzpPZXtDB6Zqg3xRwfbohzerbytB2U5pFchnVuzw,outbound,USDC,EPjFWdd5AufqSSqeM2qN1xzybapC8G4wEGGkZwyTDt1v,104.85,104.85
Transfered,2022-03-23 09:11:40.000,5FXh84goKAeQPNkrcrGtjreoh49dZzATPrdr3AyRSnsEc4K769U7FhLFEeWAaJT5dL88RNK2J6nutxt4wgpwECcE,6D7fgzpPZXtDB6Zqg3xRwfbohzerbytB2U5pFchnVuzw,outbound,USDC,EPjFWdd5AufqSSqeM2qN1xzybapC8G4wEGGkZwyTDt1v,2712.27,2712.19
Transfered,2022-03-23 09:11:09.000,2L9aZgXbXUxtsUvfidKQ1m6HLamX5viAsgXKEFPU61rTQTf5MXfc4v3EbeCYU7jnXvzrFhNjFmJZhwAZ5Z5SgXxw,6D7fgzpPZXtDB6Zqg3xRwfbohzerbytB2U5pFchnVuzw,outbound,USDC,EPjFWdd5AufqSSqeM2qN1xzybapC8G4wEGGkZwyTDt1v,3463.66,3463.57
Transfered,2022-03-23 11:07:40.000,36uBhHRVVUDBE9HDSK5B4zhJpY8rqLzjCxMu9Lpws1YfS2x5aQKMxoKQsQ8jK9dW87YWcqHQzrqoVtLrufiaWyBe,6D7fgzpPZXtDB6Zqg3xRwfbohzerbytB2U5pFchnVuzw,outbound,USDC,EPjFWdd5AufqSSqeM2qN1xzybapC8G4wEGGkZwyTDt1v,115.76,115.76
Transfered,2022-03-23 10:49:44.000,vG6h75QX3aEVtVsG1MzEv5MmSMEw2Ce2T8kPfDGwuLtt6wkoyxedaMSxG4GVwZxaL9i4M1RZYGJmHHSY41j78nE,6D7fgzpPZXtDB6Zqg3xRwfbohzerbytB2U5pFchnVuzw,outbound,USDC,EPjFWdd5AufqSSqeM2qN1xzybapC8G4wEGGkZwyTDt1v,183.27,183.27
Transfered,2022-03-23 10:42:09.000,2wvRzC8R2FiwfqZ1R7igm7wkiphTTQPBZSBsU8uymKgjpF42WPDRPnY3xmxvY31bPKTfC9coBdZhgnKbn5MW49Cb,6D7fgzpPZXtDB6Zqg3xRwfbohzerbytB2U5pFchnVuzw,outbound,USDC,EPjFWdd5AufqSSqeM2qN1xzybapC8G4wEGGkZwyTDt1v,419.52,419.5
Transfered,2022-03-23 10:19:22.000,3wgxrADaFEXEZCpwdvBrdqhMeEYkRYaZg95wioYQzjBswzjVv6iL5nSKmgfCPUQoAvoTo8Cq5sLAFTjz9TsNxTfW,6D7fgzpPZXtDB6Zqg3xRwfbohzerbytB2U5pFchnVuzw,outbound,USDC,EPjFWdd5AufqSSqeM2qN1xzybapC8G4wEGGkZwyTDt1v,2730.1,2730.03
Transfered,2022-03-23 09:50:35.000,3QPjn1uz1coMy8HrJZNSkLEdPrbR3vo4aREXGxXU95WnUP7qbL9kvFAjS9AjgYDkhmBQ96texW4PmSfArvbZohhf,6D7fgzpPZXtDB6Zqg3xRwfbohzerbytB2U5pFchnVuzw,outbound,USDC,EPjFWdd5AufqSSqeM2qN1xzybapC8G4wEGGkZwyTDt1v,101.61,101.61
Transfered,2022-03-23 09:12:30.000,5jEzAhGnWBx5QPp6E1NPKbdRdE2J5k1C8sxPqPJ6agNa36VWgVbXBBkcuqfWfowf3auFDVKuoFLRt5uqTZU2MYRk,6D7fgzpPZXtDB6Zqg3xRwfbohzerbytB2U5pFchnVuzw,outbound,USDC,EPjFWdd5AufqSSqeM2qN1xzybapC8G4wEGGkZwyTDt1v,1688.19,1688.14
Transfered,2022-03-23 09:42:37.000,HbdHVjq7HttA3KKZyCGQmvZZAoD7iapFBGvm3db8ibJP6GLHbboVQyxorRmiRHjHRk92bMoi6c7BkLwcQS3wUSi,6D7fgzpPZXtDB6Zqg3xRwfbohzerbytB2U5pFchnVuzw,outbound,USDC,EPjFWdd5AufqSSqeM2qN1xzybapC8G4wEGGkZwyTDt1v,156.83,156.83
Transfered,2022-03-23 11:42:39.000,3dcerYMyN9ixfrw18MReBjgMfVapQC42ygSY2TXoakYgoUxa4SDStNHiRNZgpm8GMx2WSyRcP8gzYeRz6kaa8fHE,6D7fgzpPZXtDB6Zqg3xRwfbohzerbytB2U5pFchnVuzw,outbound,USDC,EPjFWdd5AufqSSqeM2qN1xzybapC8G4wEGGkZwyTDt1v,149.11,149.11
Transfered,2022-03-23 09:10:14.000,5erzzd9zM9t36cmYT7mDoQ7xuAPMdAKghUpWjiFed8Bc4Jg7NGmsH1jJWxcHZ8d3UPd1uJsAYQFeoT5uDjcvB9xq,6D7fgzpPZXtDB6Zqg3xRwfbohzerbytB2U5pFchnVuzw,outbound,USDC,EPjFWdd5AufqSSqeM2qN1xzybapC8G4wEGGkZwyTDt1v,5214.22,5214.08
Transfered,2022-03-23 11:23:33.000,5k6jyinvUBgQ2Hyfj1apk39fmjmMivqx8Xn57teJzdpb8YqcQX1bgevFWAQp9QEekFKMhv1pS4kEUYePuQ2WHXmj,6D7fgzpPZXtDB6Zqg3xRwfbohzerbytB2U5pFchnVuzw,outbound,USDC,EPjFWdd5AufqSSqeM2qN1xzybapC8G4wEGGkZwyTDt1v,22633.8,22633.17
Transfered,2022-03-23 10:18:56.000,63PLJaEw4cgv96Ysvuaaic63EKtED164eXymVX35LF3efaqNPo8o3gzANR7ATTaKMdbsK11UbHsRt4oZKDSTfU5e,6D7fgzpPZXtDB6Zqg3xRwfbohzerbytB2U5pFchnVuzw,outbound,USDC,EPjFWdd5AufqSSqeM2qN1xzybapC8G4wEGGkZwyTDt1v,3360.57,3360.48
Transfered,2022-03-23 10:44:26.000,4u55XGXboHZ2Lq4c931G7vJSCJEraoX1fueTs6sz6ceYfpYDKvYLCnMJnKRtr76TETzBjh3npRQbGJWVRkuJ9Nj3,6D7fgzpPZXtDB6Zqg3xRwfbohzerbytB2U5pFchnVuzw,outbound,USDC,EPjFWdd5AufqSSqeM2qN1xzybapC8G4wEGGkZwyTDt1v,298.42,298.42
Transfered,2022-03-23 09:48:48.000,2ewKP3mXVi7aGo7PxifuG6uzCQF9ywWdhmHo8SpF2PpTV6ULCmGTcXN5VgKBdrCBUeZSyypwcrU4e3m3ZZbXPqfR,6D7fgzpPZXtDB6Zqg3xRwfbohzerbytB2U5pFchnVuzw,outbound,USDC,EPjFWdd5AufqSSqeM2qN1xzybapC8G4wEGGkZwyTDt1v,104.8,104.79
Transfered,2022-03-23 10:32:08.000,3YoVHL5hHuHCYCoWSkb3vDtLw7EzFCHKaV5aWAn4xMcevgZngtJiJKPmbYZHpPX7K4jABMfzGxejWY2fthJ9VN5h,6D7fgzpPZXtDB6Zqg3xRwfbohzerbytB2U5pFchnVuzw,outbound,USDC,EPjFWdd5AufqSSqeM2qN1xzybapC8G4wEGGkZwyTDt1v,1749.35,1749.3
Transfered,2022-03-23 09:51:20.000,3miTwXtbpDQf1c7CmLAZ6XyNrLXdozbxJ6YU6vy5Lt2GJLneXQ9s1NRDhHu97cDyNF3KRE1ujjaUzzhc4WQV15on,6D7fgzpPZXtDB6Zqg3xRwfbohzerbytB2U5pFchnVuzw,outbound,USDC,EPjFWdd5AufqSSqeM2qN1xzybapC8G4wEGGkZwyTDt1v,100,100
Transfered,2022-03-23 08:50:22.000,25BjMsxo2DazepN88z2nZofJEorkoHWcR63gVHEj8NFXoSRaEHfFh3ienh4jxGDMfuY5iTJxxARus5NaUbFv9dov,6D7fgzpPZXtDB6Zqg3xRwfbohzerbytB2U5pFchnVuzw,outbound,USDC,EPjFWdd5AufqSSqeM2qN1xzybapC8G4wEGGkZwyTDt1v,2100000,2099941.52
Transfered,2022-03-23 10:00:35.000,55pN58vY6nMQMsxRcPwDNj15grVHMGv1fFceRyFsTrxuCHPq5WtVJfByyezzBdpsFaeRoR18xVkfHVne5FCmZxhR,6D7fgzpPZXtDB6Zqg3xRwfbohzerbytB2U5pFchnVuzw,outbound,USDC,EPjFWdd5AufqSSqeM2qN1xzybapC8G4wEGGkZwyTDt1v,12839.99,12839.64
Transfered,2022-03-23 10:17:25.000,3p5pyFCj8WVufZtqQBmTvWf6T15yzPPmxWq6iXMucX2dUAvu3pcQRPFm8t5JuEpQPfLiog1NVwNc3sSA3YHAjrhs,6D7fgzpPZXtDB6Zqg3xRwfbohzerbytB2U5pFchnVuzw,outbound,USDC,EPjFWdd5AufqSSqeM2qN1xzybapC8G4wEGGkZwyTDt1v,4604.43,4604.31
Transfered,2022-03-23 10:53:08.000,62S9kCLsmzzYaowSvAiyhQJ1cCwzghWe3kGoTZ7etTaAZiMbQccLZMBDfF9Q7CgTQ6BoBFpBdm4HtUPxxtxSD89i,6D7fgzpPZXtDB6Zqg3xRwfbohzerbytB2U5pFchnVuzw,outbound,USDC,EPjFWdd5AufqSSqeM2qN1xzybapC8G4wEGGkZwyTDt1v,126.08,126.07
Transfered,2022-03-23 10:49:19.000,5UjKg7BUvHjc4hSCU73wXcEeTDViQG7fBbFysCzDEtLfpsYYDBBEDEZhN7653xZKh2FnsjySEoLwUW6hZqF7Xm14,6D7fgzpPZXtDB6Zqg3xRwfbohzerbytB2U5pFchnVuzw,outbound,USDC,EPjFWdd5AufqSSqeM2qN1xzybapC8G4wEGGkZwyTDt1v,192.02,192.01
Transfered,2022-03-23 09:59:11.000,5U9hhP9mbUJLH97H1EtH5fpQjxQoThGkqzzLwAmUNgY4SpDfgEmqUvAiR6hanwJrC9E8naZDJUXPfCGKPnUEAt7m,6D7fgzpPZXtDB6Zqg3xRwfbohzerbytB2U5pFchnVuzw,outbound,USDC,EPjFWdd5AufqSSqeM2qN1xzybapC8G4wEGGkZwyTDt1v,17284.34,17283.86
Transfered,2022-03-23 10:52:39.000,4JiWMCy27fFeVM5SVWtmfB6LtwMeghHb2g3h7znGgpGcRgo8atckPphG5iohduL3RteUfN3zGZgEqoyfCdHYpvfx,6D7fgzpPZXtDB6Zqg3xRwfbohzerbytB2U5pFchnVuzw,outbound,USDC,EPjFWdd5AufqSSqeM2qN1xzybapC8G4wEGGkZwyTDt1v,131.88,131.87
Transfered,2022-03-23 11:09:01.000,WnEDUrV3wB98aC2auDqa9RkWX6HXRMRgVXr1kkJGLmtpuMsW5RqiZ2KxPoeHfFEFBp6LKCCetZzUy4CPFqc86sy,6D7fgzpPZXtDB6Zqg3xRwfbohzerbytB2U5pFchnVuzw,outbound,USDC,EPjFWdd5AufqSSqeM2qN1xzybapC8G4wEGGkZwyTDt1v,104.85,104.85
Transfered,2022-03-23 10:54:20.000,5N6V5BYjx9Za6wJDk6Gujcymmam1h4sHccFnz5kgoddkvao5oCPf3PEPF8xzGeHc6tHn7fUwVEtTy3arPjgyxV1c,6D7fgzpPZXtDB6Zqg3xRwfbohzerbytB2U5pFchnVuzw,outbound,USDC,EPjFWdd5AufqSSqeM2qN1xzybapC8G4wEGGkZwyTDt1v,119.02,119.01
Transfered,2022-03-23 09:37:57.000,3iqwgsVSU9VBkb9zNLFyPwXQkguRCmqJaMetTUwi6XvLJco3xTohEMmUkC1uxX5XZCS9VSWqqiFJQysKDdUbVJUd,6D7fgzpPZXtDB6Zqg3xRwfbohzerbytB2U5pFchnVuzw,outbound,USDC,EPjFWdd5AufqSSqeM2qN1xzybapC8G4wEGGkZwyTDt1v,347.77,347.76
Transfered,2022-03-23 10:40:58.000,3eESZbfWHK6K64naiz343VsNPSTdCm4Tt2KudVKySBkhob2dxrdgivxTKGaMm6oupjTQKpDfpAanEwJ5rWu8uB4d,6D7fgzpPZXtDB6Zqg3xRwfbohzerbytB2U5pFchnVuzw,outbound,USDC,EPjFWdd5AufqSSqeM2qN1xzybapC8G4wEGGkZwyTDt1v,513,512.99
Transfered,2022-03-23 10:46:39.000,64YCtiHds3fbZQbx4aorSjYSiczkpLYyYtk3gyRCfZpM8TM6fhoG3X7JQyNj4nnFK21WpjsTFYMeBasU6HVe6Vgn,6D7fgzpPZXtDB6Zqg3xRwfbohzerbytB2U5pFchnVuzw,outbound,USDC,EPjFWdd5AufqSSqeM2qN1xzybapC8G4wEGGkZwyTDt1v,203.14,203.14
Transfered,2022-03-23 11:38:32.000,92Lgjgoh5BmVWrmZLBFtAEPg9V1hy2NXXTceekqmjYdzXUugJ4hpgPMPYszXtDUg4kxt9zSXrTCiE9ib5ovEAHA,6D7fgzpPZXtDB6Zqg3xRwfbohzerbytB2U5pFchnVuzw,outbound,USDC,EPjFWdd5AufqSSqeM2qN1xzybapC8G4wEGGkZwyTDt1v,557.35,557.34
Transfered,2022-03-23 09:48:04.000,2uecTQwj1JUzzgLkEjSS8bFXJwS4vfC893fYKWtLNxLUxNT4rt6r262icEYhJc8Bg4i6svoyxeijA78x8QqMTtFZ,6D7fgzpPZXtDB6Zqg3xRwfbohzerbytB2U5pFchnVuzw,outbound,USDC,EPjFWdd5AufqSSqeM2qN1xzybapC8G4wEGGkZwyTDt1v,105.74,105.74
Transfered,2022-03-23 11:34:06.000,3SHgpY2AGM9yqUBVXashbeR7st9hwcb3GADwgD57qva4YWBFLa9TcKSjd7wQxBxVeumB7MktmKK8Pn3LGwz3YrxK,6D7fgzpPZXtDB6Zqg3xRwfbohzerbytB2U5pFchnVuzw,outbound,USDC,EPjFWdd5AufqSSqeM2qN1xzybapC8G4wEGGkZwyTDt1v,1586.45,1586.41
Transfered,2022-03-23 10:48:43.000,27kSbXDSNcvDaBob6mbXAdNjcFRQHq24fZXFN35RHEqB2niQ1icthJiczyyafcPu3a6rGRmC24FQkrnXBJXtfYRN,6D7fgzpPZXtDB6Zqg3xRwfbohzerbytB2U5pFchnVuzw,outbound,USDC,EPjFWdd5AufqSSqeM2qN1xzybapC8G4wEGGkZwyTDt1v,199.15,199.14
Transfered,2022-03-23 11:33:16.000,52cgZEBgFV5CAo9aBUz95UuBSvvsqCqtp9VNx8uBcA9TcwESwaT8ax8XtGCS2ebJdn6c2KqcTz22P3zYf37eDK1M,6D7fgzpPZXtDB6Zqg3xRwfbohzerbytB2U5pFchnVuzw,outbound,USDC,EPjFWdd5AufqSSqeM2qN1xzybapC8G4wEGGkZwyTDt1v,1991.6,1991.54
Transfered,2022-03-23 10:43:02.000,47kXRd6FDjK3Xpd6mAneLwTqFSfbJCh1bRovF5gvkuyQ36gKqmVv5VxUstM2hH4D7b7y8FGFiCCVPyb6VTJo55DS,6D7fgzpPZXtDB6Zqg3xRwfbohzerbytB2U5pFchnVuzw,outbound,USDC,EPjFWdd5AufqSSqeM2qN1xzybapC8G4wEGGkZwyTDt1v,398.66,398.64
Transfered,2022-03-23 09:58:44.000,1vhUJR1ZR8KWcxvHGC2G8pa7Pq6mGx19cCUmzQGr8VSXfPqMzmpRZoDNEXRM8LUTeusZ8UtDfTjJXHQ3EwGaWbd,6D7fgzpPZXtDB6Zqg3xRwfbohzerbytB2U5pFchnVuzw,outbound,USDC,EPjFWdd5AufqSSqeM2qN1xzybapC8G4wEGGkZwyTDt1v,19495.99,19495.45
Transfered,2022-03-23 09:34:03.000,57e9695Q5EDTD6Hr2L4rtH3Xp2nus8mPEMkvTG5iJui2F4efFVgYazRjTnStAxrXyf1SZZCWsnFnQtVa5p6Hex3o,6D7fgzpPZXtDB6Zqg3xRwfbohzerbytB2U5pFchnVuzw,outbound,USDC,EPjFWdd5AufqSSqeM2qN1xzybapC8G4wEGGkZwyTDt1v,398.84,398.83
Transfered,2022-03-23 08:50:22.000,25BjMsxo2DazepN88z2nZofJEorkoHWcR63gVHEj8NFXoSRaEHfFh3ienh4jxGDMfuY5iTJxxARus5NaUbFv9dov,6D7fgzpPZXtDB6Zqg3xRwfbohzerbytB2U5pFchnVuzw,outbound,USDC,EPjFWdd5AufqSSqeM2qN1xzybapC8G4wEGGkZwyTDt1v,18900000,18899473.71
Transfered,2022-03-23 11:41:22.000,4DhRpu6r2mqdw1E4P7hsQm4bWbyBAedp7PjTpSytSsXGiq3tSoTbUntkVGWrBUXztwXZXT8846uB4VSG2cqjBewg,6D7fgzpPZXtDB6Zqg3xRwfbohzerbytB2U5pFchnVuzw,outbound,USDC,EPjFWdd5AufqSSqeM2qN1xzybapC8G4wEGGkZwyTDt1v,233.15,233.15
Transfered,2022-03-23 08:36:25.000,WTrvHgxuaK3g9PZ6sF66dZmJ1PZMVfDFZ3XvrcBvgeppfSA5xJdDrd64WpaY4dk4PCxpZDmAirrUhEdbN61X1Nq,6D7fgzpPZXtDB6Zqg3xRwfbohzerbytB2U5pFchnVuzw,inbound,USDC,EPjFWdd5AufqSSqeM2qN1xzybapC8G4wEGGkZwyTDt1v,5500299.79,5500146.62
Transfered,2022-03-23 09:39:48.000,3pBsyobE8FhfJsv1y9aQm8Bxs281Bp39wbECELHDsUFcNxBsiYg9bkWdoLq7mDHm1TBdwQhkmA1d3k2i2yUUQ9QD,6D7fgzpPZXtDB6Zqg3xRwfbohzerbytB2U5pFchnVuzw,outbound,USDC,EPjFWdd5AufqSSqeM2qN1xzybapC8G4wEGGkZwyTDt1v,253.85,253.85
Transfered,2022-03-23 11:06:19.000,4EyM4sNdG97uyjyAhaivn3MaSUAXrhE7e4yfmH6yyAab3PnmmUcUp2g45Jdk7c2SSpHaTnnGgF1mwoZG6qpLdj7U,6D7fgzpPZXtDB6Zqg3xRwfbohzerbytB2U5pFchnVuzw,outbound,USDC,EPjFWdd5AufqSSqeM2qN1xzybapC8G4wEGGkZwyTDt1v,117.75,117.75
Transfered,2022-03-23 09:44:08.000,ZcpEwh5qR7YMQRLUgjmZ7TdfHxs5FDp69sPHSnRHcr112hfkiw5EPAHmsd7SCouPHKKmJ9bKZcbJmAAZFbjG9hV,6D7fgzpPZXtDB6Zqg3xRwfbohzerbytB2U5pFchnVuzw,outbound,USDC,EPjFWdd5AufqSSqeM2qN1xzybapC8G4wEGGkZwyTDt1v,114.98,114.98
Transfered,2022-03-23 11:43:04.000,eWygc1goXRwzeD41FfRjNmwiK7KnDRifouKDPZKzMMEyDEjCHzzQP3x2MXV9uPVZSzCBgsTD1bjvJpfq87RYDGT,6D7fgzpPZXtDB6Zqg3xRwfbohzerbytB2U5pFchnVuzw,outbound,USDC,EPjFWdd5AufqSSqeM2qN1xzybapC8G4wEGGkZwyTDt1v,113.49,113.48
Transfered,2022-03-23 09:44:17.000,4tva4utu6jZ57DkbEqEx4TxbeiKWphaQhPGz4FZuVdxtubZhZq9U4ZvPN1A31C3J8VLhzmTLvzYKuQ8TZsN8wGnw,6D7fgzpPZXtDB6Zqg3xRwfbohzerbytB2U5pFchnVuzw,outbound,USDC,EPjFWdd5AufqSSqeM2qN1xzybapC8G4wEGGkZwyTDt1v,112,112
Transfered,2022-03-23 07:24:32.000,3MgDweAEAibnU3B34hvMw2bXWq8yJiN8QEaPLaCd45bfXb28kYMSoAb74HLPZdYznqx3nveFwZEAAV4AuqdcpbQ2,6D7fgzpPZXtDB6Zqg3xRwfbohzerbytB2U5pFchnVuzw,inbound,USDC,EPjFWdd5AufqSSqeM2qN1xzybapC8G4wEGGkZwyTDt1v,8.99,8.99
Transfered,2022-03-23 10:53:38.000,yCwW9tc8q9Loa1Ro9drEqMUvXWjvuA7yJTEzJfaaZpNhyxoJJ3cMRQ7TckunzT47ckSMLBqxTySay21MBsvDfDB,6D7fgzpPZXtDB6Zqg3xRwfbohzerbytB2U5pFchnVuzw,outbound,USDC,EPjFWdd5AufqSSqeM2qN1xzybapC8G4wEGGkZwyTDt1v,122.83,122.83
Transfered,2022-03-23 11:50:55.000,3AWWgPV7z5pnV4oi1gNhepkoQEmazVJnUifU9e5hh4KpTKQLoyvFZfMLZ4ALYD39RUHaKnxwixaAoQZVjBmBQJZp,6D7fgzpPZXtDB6Zqg3xRwfbohzerbytB2U5pFchnVuzw,outbound,USDC,EPjFWdd5AufqSSqeM2qN1xzybapC8G4wEGGkZwyTDt1v,459713.03,459700.22
Transfered,2022-03-23 08:21:25.000,pjUgAeUfWaSSJuw2Cq1cQ9gHNWs8jkxJMtHqVAMuwhg3Uk9LN9Y2obfwt6Qm8bztg56xidWBMytzmqyWzvbsrwH,6D7fgzpPZXtDB6Zqg3xRwfbohzerbytB2U5pFchnVuzw,inbound,USDC,EPjFWdd5AufqSSqeM2qN1xzybapC8G4wEGGkZwyTDt1v,16405366.67,16404909.84
Transfered,2022-03-23 11:39:12.000,5MSJqJHwePSXVo6vRpddu7HMBrmaQRVwfqavGaAXrx6HLwtrLAYzLfupdmj5kixA8pNL2wFhBwLUNiBnqvBwcENM,6D7fgzpPZXtDB6Zqg3xRwfbohzerbytB2U5pFchnVuzw,outbound,USDC,EPjFWdd5AufqSSqeM2qN1xzybapC8G4wEGGkZwyTDt1v,497.78,497.77
Transfered,2022-03-23 10:46:21.000,3HK9kDPLpkSRnTKs7p67SLppCZZBPS5Zgo5rtve9Yuk6XaFc8xL1ujfUCKu9giCaB9yqWktnjNzXVxhnH4DXSffJ,6D7fgzpPZXtDB6Zqg3xRwfbohzerbytB2U5pFchnVuzw,outbound,USDC,EPjFWdd5AufqSSqeM2qN1xzybapC8G4wEGGkZwyTDt1v,204.71,204.7
Transfered,2022-03-23 09:58:55.000,2qNRLueGoHRmDkhDNDgJsxdjhTV4oVUhRm1bdaUEAnHj6LUJG3Bo5Bxi5W35AsyBiqK4BZwsrUSaFno82gb5hcr9,6D7fgzpPZXtDB6Zqg3xRwfbohzerbytB2U5pFchnVuzw,outbound,USDC,EPjFWdd5AufqSSqeM2qN1xzybapC8G4wEGGkZwyTDt1v,19300.44,19299.91
Transfered,2022-03-23 10:41:52.000,N42CfSC3E81jb7X49gcVhS56TUABo6E32ikmekqu8h86v3CFvFS64NQAzexxvVEcpJhfq1BLVGiFkwDyUDgvMnH,6D7fgzpPZXtDB6Zqg3xRwfbohzerbytB2U5pFchnVuzw,outbound,USDC,EPjFWdd5AufqSSqeM2qN1xzybapC8G4wEGGkZwyTDt1v,438.75,438.74
Transfered,2022-03-23 09:48:21.000,3BsdbCHm8RnMrgjBR41vQyoQRPqD1ZTBCvJP8F43EQA3ybrrht2TFomM6RixDCmrBoBP5vEUwCNUjKjVc1vEwQXV,6D7fgzpPZXtDB6Zqg3xRwfbohzerbytB2U5pFchnVuzw,outbound,USDC,EPjFWdd5AufqSSqeM2qN1xzybapC8G4wEGGkZwyTDt1v,105.09,105.08
Transfered,2022-03-23 11:43:49.000,55z7a16CfrWDJkCfn4U4nSP6qhhnMLFhPxU8hnSjLqNfwb72XbP5Dtraaiwv4Ec3c843o5F4nTUGQjF6N5yLhHuQ,6D7fgzpPZXtDB6Zqg3xRwfbohzerbytB2U5pFchnVuzw,outbound,USDC,EPjFWdd5AufqSSqeM2qN1xzybapC8G4wEGGkZwyTDt1v,100,100
Transfered,2022-03-23 09:12:37.000,2jsXy7XK2awpebuENHeK4uyqjZQScZYuqTjY4fqLFkPTXL5DVXu21XPGT84n6N74y4EQdDBhamxuzuT6fUtA4C4i,6D7fgzpPZXtDB6Zqg3xRwfbohzerbytB2U5pFchnVuzw,outbound,USDC,EPjFWdd5AufqSSqeM2qN1xzybapC8G4wEGGkZwyTDt1v,1662.24,1662.2
Transfered,2022-03-23 11:06:56.000,3Ss3pUkL2JLzbNuoxEV1zpH2LzbWvC8PhdasuNtYbtVYdbZCHkMqb8XwxuGRMwCsjmLpPf8b2b4AMWceeyaZ7WT1,6D7fgzpPZXtDB6Zqg3xRwfbohzerbytB2U5pFchnVuzw,outbound,USDC,EPjFWdd5AufqSSqeM2qN1xzybapC8G4wEGGkZwyTDt1v,117.31,117.31
Transfered,2022-03-23 09:46:38.000,zDQseTbtwoQkvgzSwskwHuTQB43hsay1LH2bfRLpHT7zuwewk7XQ7QLtuQH1M5dLN2jS3bYBRPwzW2mPE9pPnmV,6D7fgzpPZXtDB6Zqg3xRwfbohzerbytB2U5pFchnVuzw,outbound,USDC,EPjFWdd5AufqSSqeM2qN1xzybapC8G4wEGGkZwyTDt1v,106,106
Transfered,2022-03-23 10:39:41.000,54tQSpbBKD2mbFyBZu9XKoZpw4inHUGtoikad4wRwnKznJSNcoVvNmGU9YjA7vRVyCip1uZW2CqSFSQKpjc4Hvgn,6D7fgzpPZXtDB6Zqg3xRwfbohzerbytB2U5pFchnVuzw,outbound,USDC,EPjFWdd5AufqSSqeM2qN1xzybapC8G4wEGGkZwyTDt1v,659.7,659.68
Transfered,2022-03-23 10:48:01.000,ZB4iZpLBsTZ7xUCJ43xdN5wshAQ4orYdWyd9VjYKYzQz3Szsh8UfW4fyWcWZc8Yt9gaUmWW91ZkNyMg9jTYf594,6D7fgzpPZXtDB6Zqg3xRwfbohzerbytB2U5pFchnVuzw,outbound,USDC,EPjFWdd5AufqSSqeM2qN1xzybapC8G4wEGGkZwyTDt1v,199.52,199.51
Transfered,2022-03-23 10:30:13.000,3EjHhCgxFoGJNpqM4CaekLty5FuKZGe91mB22B7yRoaCg77v8zJRuqnrxazfecXXCRJZZXnVTfgxnRwhxjQwYDDA,6D7fgzpPZXtDB6Zqg3xRwfbohzerbytB2U5pFchnVuzw,outbound,USDC,EPjFWdd5AufqSSqeM2qN1xzybapC8G4wEGGkZwyTDt1v,2326.51,2326.45
Transfered,2022-03-23 10:45:45.000,4MJEVuaYQL6GBm53Z8vhmt8iMwARP6Yggd5KWDYojqjz39EXRg4r1yn1jdvAVQxeJDTf8Ee7CnhyhnfcHQNdht3C,6D7fgzpPZXtDB6Zqg3xRwfbohzerbytB2U5pFchnVuzw,outbound,USDC,EPjFWdd5AufqSSqeM2qN1xzybapC8G4wEGGkZwyTDt1v,212.07,212.07
Transfered,2022-03-23 11:06:32.000,232P3PsxcBwwt6mmq3DR3N8xFU6CmRQ8mhZZaiuSnVvakxdKxHVvxkQBAW2C82U8GSbVRgunsUPZA3fXBnGWR1kL,6D7fgzpPZXtDB6Zqg3xRwfbohzerbytB2U5pFchnVuzw,outbound,USDC,EPjFWdd5AufqSSqeM2qN1xzybapC8G4wEGGkZwyTDt1v,117.46,117.45
Transfered,2022-03-23 09:08:59.000,2rTxn8vws63CeXanQHx9rj7nEfdREMm771LbSawcuB6iog56wXgg4nSbSDrbHhNqSni7vXjpkmQXc7sSHVbHK9DT,6D7fgzpPZXtDB6Zqg3xRwfbohzerbytB2U5pFchnVuzw,outbound,USDC,EPjFWdd5AufqSSqeM2qN1xzybapC8G4wEGGkZwyTDt1v,27221.47,27220.71
Transfered,2022-03-23 09:44:42.000,2Z5MZP2gQiR3tbMkMHScoxRWqzJoMH4YZinzo2qhbgdhSRwUW9sMpB4qNfuB9s2Gjeip6qhNaqbuGj8tgvc7Bg12,6D7fgzpPZXtDB6Zqg3xRwfbohzerbytB2U5pFchnVuzw,outbound,USDC,EPjFWdd5AufqSSqeM2qN1xzybapC8G4wEGGkZwyTDt1v,109.99,109.99
Transfered,2022-03-23 11:31:33.000,5XLvddYP8TsetqH8ejDaiqHKhsW8uByJoWurBFYdSRBjCY26gHn9xa2VyVokVQ5m5y5jNMzCEwmsbRQHsjxTXskH,6D7fgzpPZXtDB6Zqg3xRwfbohzerbytB2U5pFchnVuzw,outbound,USDC,EPjFWdd5AufqSSqeM2qN1xzybapC8G4wEGGkZwyTDt1v,2791.77,2791.69
Transfered,2022-03-23 10:41:25.000,3goJNHxURGr98NoSyGLZo5WVmDSnGoTL32UeFkr95h8TkK2Fs3SfB1XPpcoqPchWUunvL9eaFJSWW2tnRjLD8mMP,6D7fgzpPZXtDB6Zqg3xRwfbohzerbytB2U5pFchnVuzw,outbound,USDC,EPjFWdd5AufqSSqeM2qN1xzybapC8G4wEGGkZwyTDt1v,499.13,499.12
Transfered,2022-03-23 10:37:54.000,4P2Q5gC38m5eSDrxnSR9oZrHoSVH6YcPCBtaRtiFiDSx72aSjBPrgtQkpqyw5jDHByfo4nMbiHBFEwY38SqmvBbe,6D7fgzpPZXtDB6Zqg3xRwfbohzerbytB2U5pFchnVuzw,outbound,USDC,EPjFWdd5AufqSSqeM2qN1xzybapC8G4wEGGkZwyTDt1v,1018.47,1018.44
Transfered,2022-03-23 09:41:20.000,5xNernJuGEKN8miCy99HczzZt9vQdd2eLiSB7kUQTeeSpqZQRcKSDzXMtx8nRwj5YeNyd924k5nLHtjWiFLNugn4,6D7fgzpPZXtDB6Zqg3xRwfbohzerbytB2U5pFchnVuzw,outbound,USDC,EPjFWdd5AufqSSqeM2qN1xzybapC8G4wEGGkZwyTDt1v,199.92,199.91
Transfered,2022-03-23 09:39:19.000,64LwErAz1QwLKemBgS2y53Buk3L2RXUN8ZFdgDt5xaN8podKAR5LWcFHFZdb3PUkjb34A2sRzmdWxomf534SKoXB,6D7fgzpPZXtDB6Zqg3xRwfbohzerbytB2U5pFchnVuzw,outbound,USDC,EPjFWdd5AufqSSqeM2qN1xzybapC8G4wEGGkZwyTDt1v,268.03,268.02
Transfered,2022-03-23 11:41:58.000,4987fC4Lf4CXFgx48uyYxpPZaJpNZPkF3N5cwzEByiEjyeaBzzf7Mz9L5okrmJnpHFj9WG6xptipbpZMUcfxCeRv,6D7fgzpPZXtDB6Zqg3xRwfbohzerbytB2U5pFchnVuzw,outbound,USDC,EPjFWdd5AufqSSqeM2qN1xzybapC8G4wEGGkZwyTDt1v,200.31,200.3
Transfered,2022-03-23 11:31:56.000,4i4sHiQhDp8FdpbvdUhWKkFPe6ZRLuMiFnSoke1vC9KK5ZffgCCrTFCJx5pQUB9eZGkRDeFaZPgHaWxERhGx7zdS,6D7fgzpPZXtDB6Zqg3xRwfbohzerbytB2U5pFchnVuzw,outbound,USDC,EPjFWdd5AufqSSqeM2qN1xzybapC8G4wEGGkZwyTDt1v,2496.07,2496
Transfered,2022-03-23 10:01:07.000,2EJNzfZ62S1UxDRfYkYyseEwG6xNurX4HMwHhy96h722G2kcMxiZm5TJdR4XP5U68xL7fTbHXKWZnmiE3QymEo9s,6D7fgzpPZXtDB6Zqg3xRwfbohzerbytB2U5pFchnVuzw,outbound,USDC,EPjFWdd5AufqSSqeM2qN1xzybapC8G4wEGGkZwyTDt1v,10969.52,10969.22
Transfered,2022-03-23 09:11:48.000,45CuxQ9UWccZJuncApYGFVfJC1X7jGNzFDFgU8mBy8TTzxLGw9CE36oUR9VYsDLvxfqiQxSCGvuTWjiB64mYnNBQ,6D7fgzpPZXtDB6Zqg3xRwfbohzerbytB2U5pFchnVuzw,outbound,USDC,EPjFWdd5AufqSSqeM2qN1xzybapC8G4wEGGkZwyTDt1v,2501.05,2500.98
Transfered,2022-03-23 09:46:50.000,utCboUDk6J1si2v3G2trspFD76RztX2mH637bSAPNiJh71ksMrhwadzVQsQkfHUyS2NeYK46TcaytHAgbhQeMEL,6D7fgzpPZXtDB6Zqg3xRwfbohzerbytB2U5pFchnVuzw,outbound,USDC,EPjFWdd5AufqSSqeM2qN1xzybapC8G4wEGGkZwyTDt1v,106,106
Transfered,2022-03-23 10:16:53.000,3Bfqm3RTNWbKsGTfQkKoKZ4RbJpXDMrxiZy8HYwqanfFDY118SYi9H6fZn1cmKquvBf6kX5c2THjQbitzw4cdUCK,6D7fgzpPZXtDB6Zqg3xRwfbohzerbytB2U5pFchnVuzw,outbound,USDC,EPjFWdd5AufqSSqeM2qN1xzybapC8G4wEGGkZwyTDt1v,4974.9,4974.76
Transfered,2022-03-23 09:55:07.000,3Dmg5Evj5Cue15KGotgXNsavRoxHz1vwt5FJ1VG1WLZTquGXYXRTPUa3LqAn25vS4Sste8hu4sdTqeVg6VokYg8j,6D7fgzpPZXtDB6Zqg3xRwfbohzerbytB2U5pFchnVuzw,outbound,USDC,EPjFWdd5AufqSSqeM2qN1xzybapC8G4wEGGkZwyTDt1v,40096.11,40095
Transfered,2022-03-23 09:45:59.000,4fiMkYh1QqtgPqz8mnmKGbnSvAQPaMKPmbA1wQqKJLmaWPnpHKxebySugbumagHkMz9oUxyyUrVqvJb124Lv3UD,6D7fgzpPZXtDB6Zqg3xRwfbohzerbytB2U5pFchnVuzw,outbound,USDC,EPjFWdd5AufqSSqeM2qN1xzybapC8G4wEGGkZwyTDt1v,106.22,106.22
Transfered,2022-03-23 11:34:20.000,gK6YiS4gn4bZVugAvEYzLYQUfxW8hvWVGMhgbvNG1NQ9HNHAHoty7JmgScz6rkYGUWL1FG9EcF88m5HP6E4WjJo,6D7fgzpPZXtDB6Zqg3xRwfbohzerbytB2U5pFchnVuzw,outbound,USDC,EPjFWdd5AufqSSqeM2qN1xzybapC8G4wEGGkZwyTDt1v,1295.19,1295.15
Transfered,2022-03-23 11:37:14.000,Y1g2PDDs8T1GMc9bSNexahFTNPkNB2p4JHV22xcHrrhFDSC6jaYNhK2kCT9jUA6BLcbmvM9g6jxpv1SnaYwUnkx,6D7fgzpPZXtDB6Zqg3xRwfbohzerbytB2U5pFchnVuzw,outbound,USDC,EPjFWdd5AufqSSqeM2qN1xzybapC8G4wEGGkZwyTDt1v,759.74,759.72
Transfered,2022-03-23 11:42:15.000,5qFLpcZaxgYy5PqwuwQphC3J3qfbGdAKDSXHE6cGibX1dFnHsvkjfy9F9fnD1MBZSg4WBbuAZdsdHSru4JC9Xw84,6D7fgzpPZXtDB6Zqg3xRwfbohzerbytB2U5pFchnVuzw,outbound,USDC,EPjFWdd5AufqSSqeM2qN1xzybapC8G4wEGGkZwyTDt1v,199.01,199
Transfered,2022-03-23 09:50:12.000,b1avhwGBrW3AjMDJXHFeUFrL7V7zbKnHW1XpTSQ3fVYTpgdvGVBub4NNE5FdXM8XVk3VDf4LH7zS6uNKREBGczN,6D7fgzpPZXtDB6Zqg3xRwfbohzerbytB2U5pFchnVuzw,outbound,USDC,EPjFWdd5AufqSSqeM2qN1xzybapC8G4wEGGkZwyTDt1v,102.8,102.8
Transfered,2022-03-23 09:52:11.000,3ZCPBhVgr3PJtZEFiwyMQm6p8rx1WsXC4cerqr88G6e61nJvQ98j6cGLU6dxn2Y5yacm9qhRJfEjmXvTeKaULC1u,6D7fgzpPZXtDB6Zqg3xRwfbohzerbytB2U5pFchnVuzw,outbound,USDC,EPjFWdd5AufqSSqeM2qN1xzybapC8G4wEGGkZwyTDt1v,93459.95,93457.35
Transfered,2022-03-23 09:00:57.000,5KWN3n7LUkY1D9L3UD6WDE45AJZoEWXipZZppBRWLpdKLbwdCe3YqNEEopPRtuhReJoEyngbKCouEDu6eSTpqiNL,6D7fgzpPZXtDB6Zqg3xRwfbohzerbytB2U5pFchnVuzw,outbound,USDC,EPjFWdd5AufqSSqeM2qN1xzybapC8G4wEGGkZwyTDt1v,64377.57,64375.78
Transfered,2022-03-23 11:40:20.000,4is2gKszorx5nAjd83S2msAUL9GwakvEsPBC3f2wtfZQvuFBMFwiP55tcub1b89TpbBS4eyER2VKnaGmXJzuqceU,6D7fgzpPZXtDB6Zqg3xRwfbohzerbytB2U5pFchnVuzw,outbound,USDC,EPjFWdd5AufqSSqeM2qN1xzybapC8G4wEGGkZwyTDt1v,315.09,315.09
Transfered,2022-03-23 09:14:38.000,5jRvCck9KkYRmG8XJC15MSMQUtifmUDxujDGgWsXnnj1DVoJ6ukFc9acefXESaJHgSSdUKEz1giwco8SgGuEP8zX,6D7fgzpPZXtDB6Zqg3xRwfbohzerbytB2U5pFchnVuzw,outbound,USDC,EPjFWdd5AufqSSqeM2qN1xzybapC8G4wEGGkZwyTDt1v,883.2,883.17
Transfered,2022-03-23 10:40:43.000,3kYY3fWi5fGZxWJq2ZejdzztFkoREiEfxC8P8GpCS5NHe6otuWMYfuXyUMmX6NfQArMTDahxDtyHraTVURdBd1Wy,6D7fgzpPZXtDB6Zqg3xRwfbohzerbytB2U5pFchnVuzw,outbound,USDC,EPjFWdd5AufqSSqeM2qN1xzybapC8G4wEGGkZwyTDt1v,547.42,547.4
Transfered,2022-03-23 10:51:34.000,55mSrxMSAi6Me9636HeULPomdLBSGmZ3jLkED9BJQK5uhcqtfabnEmMX3kEBACLm4vj4vkG48UNuRA5JRTepacns,6D7fgzpPZXtDB6Zqg3xRwfbohzerbytB2U5pFchnVuzw,outbound,USDC,EPjFWdd5AufqSSqeM2qN1xzybapC8G4wEGGkZwyTDt1v,149.59,149.59
Transfered,2022-03-23 09:59:58.000,zsUbgaVZEYUr5kqivxE3FBDKNRbqnYF68ZDnRFnPijta2HV4jMUZsjDXJNWao5q7dscYqzPZzCY7WZ9dwQyxSjC,6D7fgzpPZXtDB6Zqg3xRwfbohzerbytB2U5pFchnVuzw,outbound,USDC,EPjFWdd5AufqSSqeM2qN1xzybapC8G4wEGGkZwyTDt1v,14832.13,14831.72
Transfered,2022-03-23 09:43:18.000,AuLL77H7JZMriZns34mnZKzswhCKc73wBHFpPJ8bahfKhQQQcNPJLsM8gMABq7jW9aJU4BwzsH4q2ScSW6ArMmk,6D7fgzpPZXtDB6Zqg3xRwfbohzerbytB2U5pFchnVuzw,outbound,USDC,EPjFWdd5AufqSSqeM2qN1xzybapC8G4wEGGkZwyTDt1v,145.8,145.8
Transfered,2022-03-23 10:52:30.000,39aGYKnbhzmHk9v6b5XshoysmNbZ9wKDXdfWabXP89GBWsWWs8tyxamc2hREgpPYySwUBKsqN2J3dEmHeXm4NZei,6D7fgzpPZXtDB6Zqg3xRwfbohzerbytB2U5pFchnVuzw,outbound,USDC,EPjFWdd5AufqSSqeM2qN1xzybapC8G4wEGGkZwyTDt1v,135.43,135.43
Transfered,2022-03-23 10:50:18.000,5XXkqS5dh51LCLm3Tgn6q4ARnPZbGyBqi4yjY4mWJ1sbtJa17sr2qjGpvkskWYEDvmeYhZuBWvhX9CvJTrugdNQF,6D7fgzpPZXtDB6Zqg3xRwfbohzerbytB2U5pFchnVuzw,outbound,USDC,EPjFWdd5AufqSSqeM2qN1xzybapC8G4wEGGkZwyTDt1v,161.86,161.85
Transfered,2022-03-23 10:36:50.000,3tGCAkGE43dLcj5htmQ2geYAw1zdENeMjhbLYPmLbybpEZFFCKP5Y2esMeS8XNpAKeKwxfZKAWzXRE2Nz5zbXNKD,6D7fgzpPZXtDB6Zqg3xRwfbohzerbytB2U5pFchnVuzw,outbound,USDC,EPjFWdd5AufqSSqeM2qN1xzybapC8G4wEGGkZwyTDt1v,1153.21,1153.18
Transfered,2022-03-23 10:31:06.000,48Q6q14yagEQQtiPgJ8oXUG1qPmPMJWWnmaQnZuPRQdrM1g5tDCX5U4T8476MpW5kCKFP5qkzHvCpAZYY82srZDk,6D7fgzpPZXtDB6Zqg3xRwfbohzerbytB2U5pFchnVuzw,outbound,USDC,EPjFWdd5AufqSSqeM2qN1xzybapC8G4wEGGkZwyTDt1v,1990.52,1990.46
Transfered,2022-03-23 10:38:04.000,3nEbihcdadvJQ79krx9gLxzzjn7AFHzCUJy65KScC9PTxNLKwFJD2pLQayUod2gNcmfZ5twXosBYwxi7PVVx5om1,6D7fgzpPZXtDB6Zqg3xRwfbohzerbytB2U5pFchnVuzw,outbound,USDC,EPjFWdd5AufqSSqeM2qN1xzybapC8G4wEGGkZwyTDt1v,1007.57,1007.54
Transfered,2022-03-23 09:14:30.000,5kPFVJY8G9hQ2sudBjZVE2PWCbPou19kxo1oW73pdjywjV8qVqi9RwZFxVFVBPUWw1Mdfj6rBiTfJGZu5Lc37kZB,6D7fgzpPZXtDB6Zqg3xRwfbohzerbytB2U5pFchnVuzw,outbound,USDC,EPjFWdd5AufqSSqeM2qN1xzybapC8G4wEGGkZwyTDt1v,933.02,932.99
Transfered,2022-03-23 10:17:00.000,4LXN66DhZUnXRdnhje5scoQYP2S9hDR9UJTmgkskSz26Vp6WPdZGtqCwgQXsf97g4Wq5nWizYpbEzPemxPSha2jX,6D7fgzpPZXtDB6Zqg3xRwfbohzerbytB2U5pFchnVuzw,outbound,USDC,EPjFWdd5AufqSSqeM2qN1xzybapC8G4wEGGkZwyTDt1v,4946.58,4946.44
Transfered,2022-03-23 11:32:34.000,KdAGJGUFj1PeXe5tJmiovpDDdcdMyHtLDtq58aG23bLWJwcYLUzgRBX3kJGoffWHLJ81Bwe3GMvCj38vfor2YpD,6D7fgzpPZXtDB6Zqg3xRwfbohzerbytB2U5pFchnVuzw,outbound,USDC,EPjFWdd5AufqSSqeM2qN1xzybapC8G4wEGGkZwyTDt1v,2000,1999.94
Transfered,2022-03-23 08:48:22.000,5e5xdg9rf9upbq5yiYvNVVST1CpwuAcmVFCoTGJNcSUJSCjpH9ou9mtBzxM4FdBURxrTavBoNqKSnJsHrrq2fEoA,6D7fgzpPZXtDB6Zqg3xRwfbohzerbytB2U5pFchnVuzw,outbound,USDC,EPjFWdd5AufqSSqeM2qN1xzybapC8G4wEGGkZwyTDt1v,6400000,6399821.78
Transfered,2022-03-23 10:31:53.000,KpEY5hvwe242Fv7kS693kQvEuZfKdyJPB1tV9q2kGwsh8y9XNHhU1HVN5WRUC2pGn9k5Y9DctAUzCmGpMZp4chX,6D7fgzpPZXtDB6Zqg3xRwfbohzerbytB2U5pFchnVuzw,outbound,USDC,EPjFWdd5AufqSSqeM2qN1xzybapC8G4wEGGkZwyTDt1v,1900.14,1900.08
Transfered,2022-03-23 11:36:37.000,45D1k9vvTegAq17sB8z84av41gMXNYqpJE9phfojKxJKXEMmp1bJgWau1kPcVkkdfqB42upV2HLtbS5dmx9mdEmP,6D7fgzpPZXtDB6Zqg3xRwfbohzerbytB2U5pFchnVuzw,outbound,USDC,EPjFWdd5AufqSSqeM2qN1xzybapC8G4wEGGkZwyTDt1v,793.66,793.64
Transfered,2022-03-23 11:38:04.000,3fREJX2dkCjreDByBLGjZCWNPeKXLhsWVhPvcbMFmYKsNAoVYJCkZXYV6Fm2hL6qHgg7B7udguia3M7rMCKnJU8q,6D7fgzpPZXtDB6Zqg3xRwfbohzerbytB2U5pFchnVuzw,outbound,USDC,EPjFWdd5AufqSSqeM2qN1xzybapC8G4wEGGkZwyTDt1v,652.93,652.91
Transfered,2022-03-23 11:07:57.000,23GB22vZYTbLZ2bsKQZe9eJFhdpUCVWedpu9mKiKsRwoq6nLGPs2NeC9p9HBYYRGA7ZwFYoDKUnd85ncfrcYBcVY,6D7fgzpPZXtDB6Zqg3xRwfbohzerbytB2U5pFchnVuzw,outbound,USDC,EPjFWdd5AufqSSqeM2qN1xzybapC8G4wEGGkZwyTDt1v,113.85,113.85
Transfered,2022-03-23 09:44:00.000,5ULS8YGGH4cKxgjkJWTvD4YsRKSNuHHuFmtpMRDSK6pVcmaoBNpMaYNUb1sWXSbwVEF47S7GHS6qfDXyNVgvTFyg,6D7fgzpPZXtDB6Zqg3xRwfbohzerbytB2U5pFchnVuzw,outbound,USDC,EPjFWdd5AufqSSqeM2qN1xzybapC8G4wEGGkZwyTDt1v,117.46,117.46
Transfered,2022-03-23 09:53:19.000,5DGXHrU5n8YXpgc9txJk5FiQYDyD91cdh1T4puAyVTJ3Ts8cmcgGuixecBpREA6bfdeZn6nZGa5AN6p7dv6WXWYN,6D7fgzpPZXtDB6Zqg3xRwfbohzerbytB2U5pFchnVuzw,outbound,USDC,EPjFWdd5AufqSSqeM2qN1xzybapC8G4wEGGkZwyTDt1v,57500,57498.4
Transfered,2022-03-23 11:42:31.000,3FTNXMhGUA2A2T1bHQgnt2WpA7FrisH3UcAhGERncTTKAjFGEuwaHAP8J6yzMCgsvqzbK6YrUdU6Q3UXAshc3aDn,6D7fgzpPZXtDB6Zqg3xRwfbohzerbytB2U5pFchnVuzw,outbound,USDC,EPjFWdd5AufqSSqeM2qN1xzybapC8G4wEGGkZwyTDt1v,167.65,167.65
Transfered,2022-03-23 10:37:27.000,5qd41xB6iJVz2wFjKQaBbeuhNdjjLiq5vAHFYVddKnESgxZgUsUcJaYyL1djiuEuGrPNwEzEUhoPdriv3Ffwvfu1,6D7fgzpPZXtDB6Zqg3xRwfbohzerbytB2U5pFchnVuzw,outbound,USDC,EPjFWdd5AufqSSqeM2qN1xzybapC8G4wEGGkZwyTDt1v,1097.12,1097.09
Transfered,2022-03-23 11:19:32.000,2rSpPh2YnFexgEZTh8zH8Fb7WjPXFJvnozR5VHBL9JvJ6hxnqL63NM2rd8xGzuB8LEsLfrLgdR9ps7Wvhuzd94sZ,6D7fgzpPZXtDB6Zqg3xRwfbohzerbytB2U5pFchnVuzw,outbound,USDC,EPjFWdd5AufqSSqeM2qN1xzybapC8G4wEGGkZwyTDt1v,61172.88,61171.17
Transfered,2022-03-23 09:45:21.000,48kEEtvyYsA5QhkK1sJDBA1Mc1keFEtSdMB2MvRZ51nrr61EGSpbo68tTjLVyuq5w4fna6QUc27Dh84EcmyQ3yXa,6D7fgzpPZXtDB6Zqg3xRwfbohzerbytB2U5pFchnVuzw,outbound,USDC,EPjFWdd5AufqSSqeM2qN1xzybapC8G4wEGGkZwyTDt1v,106.81,106.81
Transfered,2022-03-23 11:09:59.000,WVPyMHQVANVJedHzWYUbXRPf9NMPAZR98UpM6fWF75skoYR56pNEcdBdr1UBMWinxFurG9CXM1pSWbhZu7LcCzf,6D7fgzpPZXtDB6Zqg3xRwfbohzerbytB2U5pFchnVuzw,outbound,USDC,EPjFWdd5AufqSSqeM2qN1xzybapC8G4wEGGkZwyTDt1v,102.52,102.52
Transfered,2022-03-23 10:38:40.000,5jAA85j1F562TfVvuscQaWGyACtLzpUQoj7sTVdxLLkGnkdSnET8GZusfxoYDsnpquDJ5umTDNxz2GJAfWzukyFj,6D7fgzpPZXtDB6Zqg3xRwfbohzerbytB2U5pFchnVuzw,outbound,USDC,EPjFWdd5AufqSSqeM2qN1xzybapC8G4wEGGkZwyTDt1v,995.73,995.7
Transfered,2022-03-23 11:07:17.000,5PDuYEYbCCLAS3hay4yNRu6TGgqRSBKvKNv3WiJqzFsQQmm8LcT52P6RvoGB6McrWpEqm3TUivsdKyJvSy9e6RPF,6D7fgzpPZXtDB6Zqg3xRwfbohzerbytB2U5pFchnVuzw,outbound,USDC,EPjFWdd5AufqSSqeM2qN1xzybapC8G4wEGGkZwyTDt1v,117.31,117.3
Transfered,2022-03-23 11:30:01.000,25Cf15ieMfcLXdv4L8nEjKr8pTkKSKCVLyhoQ8CDPZkYHSRCLJZ2KL9ePVTpe27cBajESEp6z54fTWgbKKwV44hF,6D7fgzpPZXtDB6Zqg3xRwfbohzerbytB2U5pFchnVuzw,outbound,USDC,EPjFWdd5AufqSSqeM2qN1xzybapC8G4wEGGkZwyTDt1v,7490.41,7490.2
Transfered,2022-03-23 09:08:50.000,yrZm2LQtUjCUP4pymhm5jCQ61rktHANKKG88HAprDhvBmXRQ4whNA9ManTgwQMDKU5PWwXXToVHhQwEuVk6w5kP,6D7fgzpPZXtDB6Zqg3xRwfbohzerbytB2U5pFchnVuzw,outbound,USDC,EPjFWdd5AufqSSqeM2qN1xzybapC8G4wEGGkZwyTDt1v,30405.18,30404.33
Transfered,2022-03-23 09:13:19.000,4cbNri6DjZRpujRHQ8KZvCvByw3QYbhefH6gC53nqiMrcFWRDKAaV39zPowfjFB34NRBHprKVZJVwgoC22C3437q,6D7fgzpPZXtDB6Zqg3xRwfbohzerbytB2U5pFchnVuzw,outbound,USDC,EPjFWdd5AufqSSqeM2qN1xzybapC8G4wEGGkZwyTDt1v,1060.67,1060.64
Transfered,2022-03-23 10:37:45.000,xqGEAYrvVFQiFXgejWdmpTRZvVTdPD9P4e86JwJoyzF9P2qQejijB4sjsg5y5RUp7F9yM1Ne4nSWXQBrstHMBCi,6D7fgzpPZXtDB6Zqg3xRwfbohzerbytB2U5pFchnVuzw,outbound,USDC,EPjFWdd5AufqSSqeM2qN1xzybapC8G4wEGGkZwyTDt1v,1046.41,1046.38
Transfered,2022-03-23 09:12:21.000,5H9cyqeBjq6yTXTCRsc5U1qSbNhQNA5dzaq4Pxw2V2LwSXsE9paVSHfWX8x3cXLQW5rqvPcwyDDiCv1q99b5VTso,6D7fgzpPZXtDB6Zqg3xRwfbohzerbytB2U5pFchnVuzw,outbound,USDC,EPjFWdd5AufqSSqeM2qN1xzybapC8G4wEGGkZwyTDt1v,1827.6,1827.54
Transfered,2022-03-23 09:40:30.000,2S2k7pRXLgsA1F7s9ctAABdC46UWU7hq8bGeFKgT4gNocGuDg7rz4PWhsSTsNfyvHfKAkGWcUjcygkj1AEY9yT14,6D7fgzpPZXtDB6Zqg3xRwfbohzerbytB2U5pFchnVuzw,outbound,USDC,EPjFWdd5AufqSSqeM2qN1xzybapC8G4wEGGkZwyTDt1v,206.73,206.73
Transfered,2022-03-23 08:36:25.000,WTrvHgxuaK3g9PZ6sF66dZmJ1PZMVfDFZ3XvrcBvgeppfSA5xJdDrd64WpaY4dk4PCxpZDmAirrUhEdbN61X1Nq,6D7fgzpPZXtDB6Zqg3xRwfbohzerbytB2U5pFchnVuzw,outbound,USDC,EPjFWdd5AufqSSqeM2qN1xzybapC8G4wEGGkZwyTDt1v,5500299.79,5500146.62
Transfered,2022-03-23 09:58:35.000,5zUCiVREehXFQeoWsVBzZHbqyQzr29EDfgYGNa7jYksCeGzZKp413y2hj5fvLWe5cK7heffW78xVE5ntDuUstAfu,6D7fgzpPZXtDB6Zqg3xRwfbohzerbytB2U5pFchnVuzw,outbound,USDC,EPjFWdd5AufqSSqeM2qN1xzybapC8G4wEGGkZwyTDt1v,19759.99,19759.44
Transfered,2022-03-23 11:19:52.000,2Vthz97nYkQ52H5rws29UCPaszKTCer2kYBjztJQ51FhVMHE7yqKt7b8tRq1SyjUU7Vun3x5KboFLfci9Jmmb7iG,6D7fgzpPZXtDB6Zqg3xRwfbohzerbytB2U5pFchnVuzw,outbound,USDC,EPjFWdd5AufqSSqeM2qN1xzybapC8G4wEGGkZwyTDt1v,54462.13,54460.61
Transfered,2022-03-23 10:15:24.000,7UA8szZtXUXJRyiZK4nZx1Uan3vjp4yjkhUzBCFhkjVUWs4ARzR5aaKXsJfiQMsWiDTWEnvZNBjyngJByA8MbYF,6D7fgzpPZXtDB6Zqg3xRwfbohzerbytB2U5pFchnVuzw,outbound,USDC,EPjFWdd5AufqSSqeM2qN1xzybapC8G4wEGGkZwyTDt1v,7964.76,7964.54
Transfered,2022-03-23 10:45:13.000,5aHfXr9RoNXvXm4fZsesjhxsBgorwuuT5fm4oQuV1CbT6dFsYcrSGFGnB6nESn6Fcw4cY3GhZiP1aNzNi9KbC6SL,6D7fgzpPZXtDB6Zqg3xRwfbohzerbytB2U5pFchnVuzw,outbound,USDC,EPjFWdd5AufqSSqeM2qN1xzybapC8G4wEGGkZwyTDt1v,235.44,235.43
Transfered,2022-03-23 10:00:59.000,3esMj5ED6cKS7Mk6Xre5ZqJFQGTP3MTGJVZSjpKtfKirpZuqw5AuaHcuYvz4DaD6G3Wnq8S4X8tuXQUYfSBQD3kp,6D7fgzpPZXtDB6Zqg3xRwfbohzerbytB2U5pFchnVuzw,outbound,USDC,EPjFWdd5AufqSSqeM2qN1xzybapC8G4wEGGkZwyTDt1v,11003.1,11002.79
Transfered,2022-03-23 11:29:19.000,CFMLtMKYNSqpo2i44pJV8FhBn5GUC4abLYf5fmWjNARkVSreEYBiL5WdUkc9EZjYAU7cw11sUxiCWuL9CbhMM8A,6D7fgzpPZXtDB6Zqg3xRwfbohzerbytB2U5pFchnVuzw,outbound,USDC,EPjFWdd5AufqSSqeM2qN1xzybapC8G4wEGGkZwyTDt1v,11667.08,11666.75
Transfered,2022-03-23 09:50:27.000,5eEbbrDk9sXDFnQWaSPGaZsgmPtXo1xcywDyYA7yjnBYXHsc2NvXJ2ytfmPsyT2qNCEiiJx72E9q8QKWqFjRgsS4,6D7fgzpPZXtDB6Zqg3xRwfbohzerbytB2U5pFchnVuzw,outbound,USDC,EPjFWdd5AufqSSqeM2qN1xzybapC8G4wEGGkZwyTDt1v,101.96,101.96
Transfered,2022-03-23 09:13:12.000,4czZcR9jGyavpHyUQBcigPemUUfjmjpmZR3nm5fWGHHZSUnEys2GtCYtRugCi6bf2zX5gwv9mdn6GjKzNMCFTK6M,6D7fgzpPZXtDB6Zqg3xRwfbohzerbytB2U5pFchnVuzw,outbound,USDC,EPjFWdd5AufqSSqeM2qN1xzybapC8G4wEGGkZwyTDt1v,1172.22,1172.19
Transfered,2022-03-23 09:43:50.000,2riPjDmqSSyfCRgmsMuYa8BC4TohSUmA9qiFHzqCxZQdny1yLKiJLtp4uiCd3NGfF38yCST6RbGZUWj6BJNLhUVQ,6D7fgzpPZXtDB6Zqg3xRwfbohzerbytB2U5pFchnVuzw,outbound,USDC,EPjFWdd5AufqSSqeM2qN1xzybapC8G4wEGGkZwyTDt1v,121.01,121
Transfered,2022-03-23 09:09:07.000,4GekC3Te5vVQhAYkLyrC3Fh9gPSVkHJmCg4bHjw6oE5TqZ5kHHSbP9DyP8oPq4iifMpsjgv3Eh7u3JcGht4fbFST,6D7fgzpPZXtDB6Zqg3xRwfbohzerbytB2U5pFchnVuzw,outbound,USDC,EPjFWdd5AufqSSqeM2qN1xzybapC8G4wEGGkZwyTDt1v,21200.5,21199.91
Transfered,2022-03-23 10:47:12.000,2m1QNpXMxTckBcn4ZTXapXbXv9Xc8FFDxrvkHyUtkccKh25VPUXyk2DZhiMM339J3kFZUGL3znPfAQ2o9iDzUjGy,6D7fgzpPZXtDB6Zqg3xRwfbohzerbytB2U5pFchnVuzw,outbound,USDC,EPjFWdd5AufqSSqeM2qN1xzybapC8G4wEGGkZwyTDt1v,201.37,201.37
Transfered,2022-03-23 10:44:55.000,wBhopnBpgiU9tt2AN5iqQu41W4Sbva8uyR8A38JZoq3ybZB7ZUSm1HAo8jX9Q5LQgcG1Wdbe6Qh4Hn3UMEGZnKC,6D7fgzpPZXtDB6Zqg3xRwfbohzerbytB2U5pFchnVuzw,outbound,USDC,EPjFWdd5AufqSSqeM2qN1xzybapC8G4wEGGkZwyTDt1v,279.09,279.08
Transfered,2022-03-23 10:15:08.000,3pAfMMm2oGZgB9y1xowxLyBhcoQorpWjvGG48izy9pnnaV5kdsAw8vNkQyMgPdfiWr2ZDyWo7bKoXtET3UqrfZbE,6D7fgzpPZXtDB6Zqg3xRwfbohzerbytB2U5pFchnVuzw,outbound,USDC,EPjFWdd5AufqSSqeM2qN1xzybapC8G4wEGGkZwyTDt1v,8952.4,8952.15
Transfered,2022-03-23 09:42:53.000,Lwik6dcrLQydnvtkhkrEcFHEPdsHvc44aR8NuP1jy99yKb1Ask6yQr9pthQ7Q1u4P9NspHiHjxH75ogqcUNVfFq,6D7fgzpPZXtDB6Zqg3xRwfbohzerbytB2U5pFchnVuzw,outbound,USDC,EPjFWdd5AufqSSqeM2qN1xzybapC8G4wEGGkZwyTDt1v,152.09,152.09
Transfered,2022-03-23 11:36:14.000,4Mas3pRGadN34ehekTwa7gv4EBw7ueBYbE8afLamaUnpZYHpL9NkCnMyD9FNSupnoLiSNqUFhk18aL8dXbDSXpUG,6D7fgzpPZXtDB6Zqg3xRwfbohzerbytB2U5pFchnVuzw,outbound,USDC,EPjFWdd5AufqSSqeM2qN1xzybapC8G4wEGGkZwyTDt1v,997.54,997.51
Transfered,2022-03-23 10:54:37.000,zkm8m8SeAW3dgqNuHTfMbwJeRajRmKramKnc8vBEEzhE9geDrQ5aozVC5bdw32V4tjgKuLBtE7nWQqtQQ6VM37Y,6D7fgzpPZXtDB6Zqg3xRwfbohzerbytB2U5pFchnVuzw,outbound,USDC,EPjFWdd5AufqSSqeM2qN1xzybapC8G4wEGGkZwyTDt1v,117.75,117.75
Transfered,2022-03-23 10:42:54.000,3XK9jmin4Pox4WX1cymAwsBmaBQatVPi3nxKSr7xZWzPerMvaMqLueLNNspqYdzKJyDAg92EacxQZQj542eRHV1w,6D7fgzpPZXtDB6Zqg3xRwfbohzerbytB2U5pFchnVuzw,outbound,USDC,EPjFWdd5AufqSSqeM2qN1xzybapC8G4wEGGkZwyTDt1v,399.04,399.03
Transfered,2022-03-23 09:10:21.000,NHhDS3ZdzcwqWepua6fnfyujsR4rjJC76LeGiJPbN3kHtEGMdGq8mjoZaWu9PyGpArXKY9xcPGuv4T7cUmiJ7hn,6D7fgzpPZXtDB6Zqg3xRwfbohzerbytB2U5pFchnVuzw,outbound,USDC,EPjFWdd5AufqSSqeM2qN1xzybapC8G4wEGGkZwyTDt1v,5018.13,5017.99
Transfered,2022-03-23 09:38:39.000,4aqfk62aZp623iLRdxLzxePcaTgfKzotg2tDrMxekqKoVRCU97WzUMic4ne8s2p8YvfzPinmMGKvfU3ozQxXTArR,6D7fgzpPZXtDB6Zqg3xRwfbohzerbytB2U5pFchnVuzw,outbound,USDC,EPjFWdd5AufqSSqeM2qN1xzybapC8G4wEGGkZwyTDt1v,320.18,320.17
Transfered,2022-03-23 10:44:18.000,3sishda2ok8YLEPB9SyM1Snt6UxVSRWApNaoD1jmmFKKdJ1sFgipXa15DU9qVHCr2WeWMQrQgeq6UtdDLT3hxMkV,6D7fgzpPZXtDB6Zqg3xRwfbohzerbytB2U5pFchnVuzw,outbound,USDC,EPjFWdd5AufqSSqeM2qN1xzybapC8G4wEGGkZwyTDt1v,298.67,298.66
Transfered,2022-03-23 09:54:02.000,4ohVyoRphgr3rx3ZbvMcLPgpvk9JioEVrgcN1eesLi1qcXPHZrZm3rd41pUh34WA7w7MBSmQjiYKXgrU6Ptqfaof,6D7fgzpPZXtDB6Zqg3xRwfbohzerbytB2U5pFchnVuzw,outbound,USDC,EPjFWdd5AufqSSqeM2qN1xzybapC8G4wEGGkZwyTDt1v,49445.98,49444.6
Transfered,2022-03-23 10:30:27.000,E6DYEMXcFhpVage338cxhnPnmAQvEU4s5mPAbxNB55ffmW4A9xdiMfsv7LTkcMuXvzETibCSvs4vuhYnQXV5aTg,6D7fgzpPZXtDB6Zqg3xRwfbohzerbytB2U5pFchnVuzw,outbound,USDC,EPjFWdd5AufqSSqeM2qN1xzybapC8G4wEGGkZwyTDt1v,2257.25,2257.19
Transfered,2022-03-23 11:41:04.000,4eKFvNwLb6iZh4MGLyZMVjrfhTTCK2JmtKfbMsZxsf5dMCuoTyrKKUovHnx6ofV761a1iTturxVX1EJ319p7EPva,6D7fgzpPZXtDB6Zqg3xRwfbohzerbytB2U5pFchnVuzw,outbound,USDC,EPjFWdd5AufqSSqeM2qN1xzybapC8G4wEGGkZwyTDt1v,279.07,279.06
Transfered,2022-03-23 11:19:25.000,qYXceATHdmV7vN7yqBJV5dMN3dr3KmHbLZCAQvBQuFjC3m3AiLnQWvzU8WJRYh34WeHc77DkvZbZwpcGWbxNnv1,6D7fgzpPZXtDB6Zqg3xRwfbohzerbytB2U5pFchnVuzw,outbound,USDC,EPjFWdd5AufqSSqeM2qN1xzybapC8G4wEGGkZwyTDt1v,95051.58,95048.93
Transfered,2022-03-23 09:14:47.000,2M8AovXr95YxjnvSNtqeHSGqvWG4r2A1JuEq1nJaWRBPziDom27VzCw22GHseHpttNdefuTFASGcSrBX3CVchzZP,6D7fgzpPZXtDB6Zqg3xRwfbohzerbytB2U5pFchnVuzw,outbound,USDC,EPjFWdd5AufqSSqeM2qN1xzybapC8G4wEGGkZwyTDt1v,882.8,882.78
Transfered,2022-03-23 10:43:55.000,364qoNVhtyUNFq1ouhSU5ayCz9ghmtAgEN7h3wXYk6HjEPcUkXHHCfXzEYx7J83wbP8jBaG1LwCKa7pe8KZpg8TV,6D7fgzpPZXtDB6Zqg3xRwfbohzerbytB2U5pFchnVuzw,outbound,USDC,EPjFWdd5AufqSSqeM2qN1xzybapC8G4wEGGkZwyTDt1v,298.71,298.7
Transfered,2022-03-23 11:18:31.000,5hwB1wxA466LuVfWpcAqePEDork6QboNRqbLPvYgmvWVZPAgfL8HgkpP4jKaKKdVR5xepXkSm131WxAdxzZ1FEnF,6D7fgzpPZXtDB6Zqg3xRwfbohzerbytB2U5pFchnVuzw,outbound,USDC,EPjFWdd5AufqSSqeM2qN1xzybapC8G4wEGGkZwyTDt1v,100.06,100.06
Transfered,2022-03-23 10:14:15.000,4B7KugqqVebrcCDD869jei3BP2i7tcAJaftmuo24rumzHgLnertVNTjBm5LDmppX1DcdqSj9BoeVSFzHj8qT5fxy,6D7fgzpPZXtDB6Zqg3xRwfbohzerbytB2U5pFchnVuzw,outbound,USDC,EPjFWdd5AufqSSqeM2qN1xzybapC8G4wEGGkZwyTDt1v,9930.3,9930.02
Transfered,2022-03-23 10:01:17.000,5SKigwn1SHvSHjfppRAuLyJVne4qk6uisNAq5EV8EQZjhRmooh6Ueg67rbjYqPtBpJ6xMbZ3kCBif7Qu1vZuUeEi,6D7fgzpPZXtDB6Zqg3xRwfbohzerbytB2U5pFchnVuzw,outbound,USDC,EPjFWdd5AufqSSqeM2qN1xzybapC8G4wEGGkZwyTDt1v,10335.68,10335.39
Transfered,2022-03-23 09:39:28.000,5WHNacNqmG1MH2wjVgLfAb23WhjYXWYPyYkNEVDW6v3traVTwFJ5voWdViWx7s5d3Cn8JLK2QBBUrc13D34KZbpT,6D7fgzpPZXtDB6Zqg3xRwfbohzerbytB2U5pFchnVuzw,outbound,USDC,EPjFWdd5AufqSSqeM2qN1xzybapC8G4wEGGkZwyTDt1v,263.16,263.16
Transfered,2022-03-23 11:40:05.000,5bjfC7tjiSd27zo5B2Mp2TmdKkwU1d4MLRKZ3dFtiVeCdsRbY5717uMDNSxbT9ZWStxmP3ji2wUQmNz7qVgUhtaS,6D7fgzpPZXtDB6Zqg3xRwfbohzerbytB2U5pFchnVuzw,outbound,USDC,EPjFWdd5AufqSSqeM2qN1xzybapC8G4wEGGkZwyTDt1v,398.99,398.98
Transfered,2022-03-23 09:00:50.000,5TY38dN9rvTGquxZhb9RYxMeqKwdSoo2j2hJ8hkpJ49DKVPDuRU7CvMj783uFcS8HHMAMHkkXRCZFMaQkskCqe4F,6D7fgzpPZXtDB6Zqg3xRwfbohzerbytB2U5pFchnVuzw,outbound,USDC,EPjFWdd5AufqSSqeM2qN1xzybapC8G4wEGGkZwyTDt1v,64935.09,64933.28
Transfered,2022-03-23 10:19:05.000,2ssm1WP8g7PY8mkXw6FKvonkdXqY7UF7PJ7D7NA5rWsxqTzN4ntpudgh6mwTamGjgURV48hE6SmjT37PvaXHjpLL,6D7fgzpPZXtDB6Zqg3xRwfbohzerbytB2U5pFchnVuzw,outbound,USDC,EPjFWdd5AufqSSqeM2qN1xzybapC8G4wEGGkZwyTDt1v,3126.16,3126.07
Transfered,2022-03-23 09:53:01.000,rqKScN7ThE4vTZFVeBDRu9pfVDTHrpDvojZfWCz67h7JHUXJiL2vEt7jm6kHTfWfbW7RAua9UcWjJhVNvEfP21w,6D7fgzpPZXtDB6Zqg3xRwfbohzerbytB2U5pFchnVuzw,outbound,USDC,EPjFWdd5AufqSSqeM2qN1xzybapC8G4wEGGkZwyTDt1v,66372.79,66370.94
Transfered,2022-03-23 11:50:55.000,3AWWgPV7z5pnV4oi1gNhepkoQEmazVJnUifU9e5hh4KpTKQLoyvFZfMLZ4ALYD39RUHaKnxwixaAoQZVjBmBQJZp,6D7fgzpPZXtDB6Zqg3xRwfbohzerbytB2U5pFchnVuzw,inbound,USDC,EPjFWdd5AufqSSqeM2qN1xzybapC8G4wEGGkZwyTDt1v,0.11,0.11
Transfered,2022-03-23 10:16:09.000,5dGd4mt6UPWW4xnfufdRNcExST2SfKFqmaErJTD8qz9rjyM1X3yUEm7riMsWERydEk9N8MrEYVC46skqCDyzrURQ,6D7fgzpPZXtDB6Zqg3xRwfbohzerbytB2U5pFchnVuzw,outbound,USDC,EPjFWdd5AufqSSqeM2qN1xzybapC8G4wEGGkZwyTDt1v,5818.46,5818.29
Transfered,2022-03-23 10:26:43.000,59aZFRJs238t6zyyfeJSvcXDHWbm2qmS69fczLan2GA1yjUsfVrBWuPYcXwnrm5JV2v7cJ5hDqHgw719C2NczKxK,6D7fgzpPZXtDB6Zqg3xRwfbohzerbytB2U5pFchnVuzw,outbound,USDC,EPjFWdd5AufqSSqeM2qN1xzybapC8G4wEGGkZwyTDt1v,2391.47,2391.4
Transfered,2022-03-23 10:47:53.000,nxi6pt5jyNuvCSRvjHhc8E23tUAjH8HW5DfZqEiBYNrEySVaGwQKafTzH9SxpGUrCiBXvYJY4EGNrvmgCB3daYe,6D7fgzpPZXtDB6Zqg3xRwfbohzerbytB2U5pFchnVuzw,outbound,USDC,EPjFWdd5AufqSSqeM2qN1xzybapC8G4wEGGkZwyTDt1v,199.52,199.52
Transfered,2022-03-23 10:18:42.000,64PyqmBTpCySeGD1hTCRS1haSByCkPEas87Tb423nU8agEyn6RkZnvv6ndwfz3KQ34CQ89KCXbdNtmmxPmhreaoZ,6D7fgzpPZXtDB6Zqg3xRwfbohzerbytB2U5pFchnVuzw,outbound,USDC,EPjFWdd5AufqSSqeM2qN1xzybapC8G4wEGGkZwyTDt1v,3844.48,3844.37
Transfered,2022-03-23 11:33:25.000,5WTJNEnoAPinQyFuf5J687Y77EosKe4PhTXQrN1sHtrAxEQTHjxgDrUVt97cPoiYL22DeGsSeWQLGS1uGb13JGzv,6D7fgzpPZXtDB6Zqg3xRwfbohzerbytB2U5pFchnVuzw,outbound,USDC,EPjFWdd5AufqSSqeM2qN1xzybapC8G4wEGGkZwyTDt1v,1988.66,1988.6
Transfered,2022-03-23 09:15:01.000,CD2MpL8kNTEjGYGYugKcGSc83jqorXejgX2MzYLqrSSDz4fVwTY6DiN4ApskNriDKAdJeajNqSRHu4tAheUg8xt,6D7fgzpPZXtDB6Zqg3xRwfbohzerbytB2U5pFchnVuzw,outbound,USDC,EPjFWdd5AufqSSqeM2qN1xzybapC8G4wEGGkZwyTDt1v,784.65,784.63
Transfered,2022-03-23 10:50:58.000,2M7rWv9QNdyUoXxNY3gZPV6x3LChQaAn24VUqn6uiRpf1uRMJu2nGLZcjCf5oBzj4XCFcbAPWCxsJrZkA5RwoMhY,6D7fgzpPZXtDB6Zqg3xRwfbohzerbytB2U5pFchnVuzw,outbound,USDC,EPjFWdd5AufqSSqeM2qN1xzybapC8G4wEGGkZwyTDt1v,159.32,159.32
Transfered,2022-03-23 11:35:22.000,4Hmp4GZ4GV7cZSiNJjUmW4wpbibu9tJrMBMEKUn8pKGQE4CL3uBTikNJdq7HmJj69SQt5Z4jZzAb3cijdx4YF4ka,6D7fgzpPZXtDB6Zqg3xRwfbohzerbytB2U5pFchnVuzw,outbound,USDC,EPjFWdd5AufqSSqeM2qN1xzybapC8G4wEGGkZwyTDt1v,1006,1005.97
Transfered,2022-03-23 09:47:16.000,HZk1JZ793vKUhxk6z8rX3Epa8JKZrgXVeupC9LGGLPXVV6GbcdvCPf9kRKhrNsLTbpgcn4phTfggeH3AZ5RyUzB,6D7fgzpPZXtDB6Zqg3xRwfbohzerbytB2U5pFchnVuzw,outbound,USDC,EPjFWdd5AufqSSqeM2qN1xzybapC8G4wEGGkZwyTDt1v,106,106
Transfered,2022-03-23 09:12:50.000,5X8Lv9QhveJGafNGzp1sSD3bcFj6a1zJspUNhd4gvLgkN5SbzBsuzmW534AowL4kUuaph2wA6mAmKbq1KJMQeFEf,6D7fgzpPZXtDB6Zqg3xRwfbohzerbytB2U5pFchnVuzw,outbound,USDC,EPjFWdd5AufqSSqeM2qN1xzybapC8G4wEGGkZwyTDt1v,1421.72,1421.68
Transfered,2022-03-23 09:14:54.000,447PTy5cjJub2ohNexPAXUmBPcswonZfjinFb9JQMEKUydRQWxkBrWL9d2YFDrNgm9KckssiBnT5RGnMmJp711Y5,6D7fgzpPZXtDB6Zqg3xRwfbohzerbytB2U5pFchnVuzw,outbound,USDC,EPjFWdd5AufqSSqeM2qN1xzybapC8G4wEGGkZwyTDt1v,788.23,788.21
Transfered,2022-03-23 11:33:35.000,3uSdkmjhq1q4gBsg9BHPEmVUeKqSdV5cXe1DLwRwwFYxDNmAeWrmDua3iDHUhoNLpdkzc4115r1Av6WVXi7HuDYs,6D7fgzpPZXtDB6Zqg3xRwfbohzerbytB2U5pFchnVuzw,outbound,USDC,EPjFWdd5AufqSSqeM2qN1xzybapC8G4wEGGkZwyTDt1v,1701.1,1701.05
Transfered,2022-03-23 11:35:14.000,dvqzCG9DjNfvJeerfcsJAJFeXrj4dgdbZwNUPE8QxN7cofwdNFDy7Lpe2rXFBWwMp6XVY4CNtQpNwKLtXCEh4WR,6D7fgzpPZXtDB6Zqg3xRwfbohzerbytB2U5pFchnVuzw,outbound,USDC,EPjFWdd5AufqSSqeM2qN1xzybapC8G4wEGGkZwyTDt1v,1008.3,1008.27
Transfered,2022-03-23 10:00:43.000,2yewN8yo4aMCi8UwLzYTFwHQbn6xLs1XkoGATA5N5QsnAzwXpMaXfUQNCD25tZdQ56a7bXQh538CCscnwnz4VCJx,6D7fgzpPZXtDB6Zqg3xRwfbohzerbytB2U5pFchnVuzw,outbound,USDC,EPjFWdd5AufqSSqeM2qN1xzybapC8G4wEGGkZwyTDt1v,12805.68,12805.33
Transfered,2022-03-23 09:40:46.000,naA4bwKTR12HFT5R2tRzcQ4ufnXUSqxykhmUiVo7NXwNjKAkVcpWmx4Toz2uAEczLXCwmcaYLzKaDr4vsh534zW,6D7fgzpPZXtDB6Zqg3xRwfbohzerbytB2U5pFchnVuzw,outbound,USDC,EPjFWdd5AufqSSqeM2qN1xzybapC8G4wEGGkZwyTDt1v,200.93,200.93
Transfered,2022-03-23 11:34:36.000,4jMFpv8c6UniR1ktwyaHP5bp7PTGRXvsKvdwoVvc5G9UQQDRCkcfHGmZK61cJHMNR2Eqva4gcxrzpGiDxPtu3CA3,6D7fgzpPZXtDB6Zqg3xRwfbohzerbytB2U5pFchnVuzw,outbound,USDC,EPjFWdd5AufqSSqeM2qN1xzybapC8G4wEGGkZwyTDt1v,1165.6,1165.56
Transfered,2022-03-23 10:14:33.000,2nrph31aw91J3oLpBiWMaxfzhDGBw3Xh6d7xKcC6q8zfpjeh5uKDRaqSGCyuT4habEiWWjUQH9v4B4Ne9fYiroVU,6D7fgzpPZXtDB6Zqg3xRwfbohzerbytB2U5pFchnVuzw,outbound,USDC,EPjFWdd5AufqSSqeM2qN1xzybapC8G4wEGGkZwyTDt1v,9913.28,9913
Transfered,2022-03-23 09:09:21.000,46wV3TW5PUUMecdi7Y2pm9RFKcYcGEU142Tr8stFGTNV1v2BBU2Xfm7NkCsKi8HzGDGVHqGCCyosCFZVbapDgX2Y,6D7fgzpPZXtDB6Zqg3xRwfbohzerbytB2U5pFchnVuzw,outbound,USDC,EPjFWdd5AufqSSqeM2qN1xzybapC8G4wEGGkZwyTDt1v,15677.93,15677.5
Transfered,2022-03-23 10:45:56.000,3faPukGJSWuzodXm9CY2egyiZaxPpHoo8gRjWobDY5DrwU3sP7f71EN2tJ1DfhBpBREFHm7p8EHBZf2hVw4WZh6,6D7fgzpPZXtDB6Zqg3xRwfbohzerbytB2U5pFchnVuzw,outbound,USDC,EPjFWdd5AufqSSqeM2qN1xzybapC8G4wEGGkZwyTDt1v,209.48,209.48
Transfered,2022-03-23 11:37:32.000,m61XhdLshMQMit8Pa6fxT7YMH98EY3pg5qUXpruDjwYdabdXzyKhyUi7hFregvhd6a9fvVwcqeaEaYvDTRQXPnZ,6D7fgzpPZXtDB6Zqg3xRwfbohzerbytB2U5pFchnVuzw,outbound,USDC,EPjFWdd5AufqSSqeM2qN1xzybapC8G4wEGGkZwyTDt1v,740.45,740.43
Transfered,2022-03-23 10:47:40.000,5FJUsoyfzDwLAf21vc6JtpTbNgkj1sRVvW5Tam5a1eeHXqBvc9JEFDrnwuDN6yM9cAFv9Z6f1QECDQMKauEgvuQo,6D7fgzpPZXtDB6Zqg3xRwfbohzerbytB2U5pFchnVuzw,outbound,USDC,EPjFWdd5AufqSSqeM2qN1xzybapC8G4wEGGkZwyTDt1v,199.6,199.6
Transfered,2022-03-23 09:39:04.000,5cmvqhxA68bQ5yy7x1JZuJgN9RgzdutWjBc8MxdjWUtxS7DrDCZ9bpvjm9cRLLsNzB6gfnsysAcBpbZ2DdmsP5LY,6D7fgzpPZXtDB6Zqg3xRwfbohzerbytB2U5pFchnVuzw,outbound,USDC,EPjFWdd5AufqSSqeM2qN1xzybapC8G4wEGGkZwyTDt1v,272.33,272.32
Transfered,2022-03-23 09:11:55.000,Pvn2FHeYmKhiXewg5zQ9WuadxuVsyysja9jzZ6Vuk9VevjwNspbibzsSBt5P3cv4S1zv7wJTbfSZiAvrBM6DNFu,6D7fgzpPZXtDB6Zqg3xRwfbohzerbytB2U5pFchnVuzw,outbound,USDC,EPjFWdd5AufqSSqeM2qN1xzybapC8G4wEGGkZwyTDt1v,2360.22,2360.16
Transfered,2022-03-23 11:32:25.000,5EeX4yNzznnym4rrQC2bn6tZ4tFnAXTnZMbVgGGWV4VGH48EsYd9vGSoKoSiyG5m3tEK8LLntNbCaR2q38Dgv2TD,6D7fgzpPZXtDB6Zqg3xRwfbohzerbytB2U5pFchnVuzw,outbound,USDC,EPjFWdd5AufqSSqeM2qN1xzybapC8G4wEGGkZwyTDt1v,2046.23,2046.17
Transfered,2022-03-23 11:36:30.000,4azEkT2RRHkQC2uugVvpmQkG8KEf1W2NDnoekEPRsbWcrEdF6qKpjU7KNoSn8zVpDiTzXNdf5UWstxLYUySFBssT,6D7fgzpPZXtDB6Zqg3xRwfbohzerbytB2U5pFchnVuzw,outbound,USDC,EPjFWdd5AufqSSqeM2qN1xzybapC8G4wEGGkZwyTDt1v,995.53,995.5
Transfered,2022-03-23 09:49:03.000,4AVkhMHR2zYD5KmYT27Sn7VhfXPhzX6TWZX6uVnRv3ZP6kawwYXLuN2mfefDRUaUucHRpjqmvoWayKKe3pYoR6t3,6D7fgzpPZXtDB6Zqg3xRwfbohzerbytB2U5pFchnVuzw,outbound,USDC,EPjFWdd5AufqSSqeM2qN1xzybapC8G4wEGGkZwyTDt1v,103.41,103.41
Transfered,2022-03-23 09:45:28.000,3UwkQPeEDQjEaKEF9x7AVuZa9iLFyW4vcKd71wZN7onVzDxmBFc2eSod6c9f4dBMdAHyQMBkigQ3m1W5tCfd9Gwu,6D7fgzpPZXtDB6Zqg3xRwfbohzerbytB2U5pFchnVuzw,outbound,USDC,EPjFWdd5AufqSSqeM2qN1xzybapC8G4wEGGkZwyTDt1v,106.67,106.66
Transfered,2022-03-23 09:58:09.000,44jEd5f5xGa1Z8VySsLqsSJAX7Vdcc3J37myR9bypBZhL2rbyZEs3SGkjjvXFAMbt7h2LbCaYUuH7tHfS1VzSgvP,6D7fgzpPZXtDB6Zqg3xRwfbohzerbytB2U5pFchnVuzw,outbound,USDC,EPjFWdd5AufqSSqeM2qN1xzybapC8G4wEGGkZwyTDt1v,24671.53,24670.84
Transfered,2022-03-23 09:33:20.000,5F857LW8BZLVGLUpJicqCXwXDShDzPuBrCyt8imzSpsomPS9Ypdb1iWcAJnvbGDwBstMuMD16WRHGvG8MJVLizp4,6D7fgzpPZXtDB6Zqg3xRwfbohzerbytB2U5pFchnVuzw,outbound,USDC,EPjFWdd5AufqSSqeM2qN1xzybapC8G4wEGGkZwyTDt1v,461.32,461.3
Transfered,2022-03-23 10:14:48.000,8Avz6g78yCChkaPdvS4mc6oYcs5tu1RkzEfLhqjT3MTUXhGspeHJy8q7GFVCbPsLEnExtx1rPhTd6L1VjADcMg3,6D7fgzpPZXtDB6Zqg3xRwfbohzerbytB2U5pFchnVuzw,outbound,USDC,EPjFWdd5AufqSSqeM2qN1xzybapC8G4wEGGkZwyTDt1v,9610.59,9610.32
Transfered,2022-03-23 10:42:28.000,5FcCm3wvdiB4SdXUJ49eMbnAPBx3w3voHoC6tAfutKk7s16X5jQfK4XbSxzmoG7HZzasL4DkxQSU9frGy8QNSqkx,6D7fgzpPZXtDB6Zqg3xRwfbohzerbytB2U5pFchnVuzw,outbound,USDC,EPjFWdd5AufqSSqeM2qN1xzybapC8G4wEGGkZwyTDt1v,407.11,407.1
Transfered,2022-03-23 10:54:03.000,53gAhWEb7UqE8ayxF3F6boKnoLe5FwCM83cL9GxQbYdBVQx5uQf9ewruwXkdvx2s3NVKauUHoTxgyyCcNju68XNb,6D7fgzpPZXtDB6Zqg3xRwfbohzerbytB2U5pFchnVuzw,outbound,USDC,EPjFWdd5AufqSSqeM2qN1xzybapC8G4wEGGkZwyTDt1v,119.52,119.51
Transfered,2022-03-23 10:45:31.000,2f4Dad13kWwSMyf1VqPA4MkVzzeQKQ8Hy5AyjWBv43w5vTdEENFWDFQQWqwF6vVV3LCDYC8vZfzxYqVfh8Jk6pjG,6D7fgzpPZXtDB6Zqg3xRwfbohzerbytB2U5pFchnVuzw,outbound,USDC,EPjFWdd5AufqSSqeM2qN1xzybapC8G4wEGGkZwyTDt1v,219.31,219.31
Transfered,2022-03-23 09:37:48.000,5esZYeWYpjJx2DNr65LMZtnrSucnEVGVTfDthqicgbUNCV7kVH5Sc79LcHQHVhsWd64zjrRpattA1bnn4vPemyZr,6D7fgzpPZXtDB6Zqg3xRwfbohzerbytB2U5pFchnVuzw,outbound,USDC,EPjFWdd5AufqSSqeM2qN1xzybapC8G4wEGGkZwyTDt1v,357.67,357.66
Transfered,2022-03-23 09:40:37.000,bjkS36L7PNyrjibczJHEFQNqfh6jELQkUtBEN1hp7eSjGkFQ4muscdVpcTpvyVuSSYE245M9qLTR1bxWG5v3BKj,6D7fgzpPZXtDB6Zqg3xRwfbohzerbytB2U5pFchnVuzw,outbound,USDC,EPjFWdd5AufqSSqeM2qN1xzybapC8G4wEGGkZwyTDt1v,206.47,206.47
Transfered,2022-03-23 10:36:41.000,LYzMgxU3EfhaAKiDEgbTNJPmt4JTEjF3CSaQwwCpb7wdaL7ywSnoEKLoef7EGS5vAxoN4sDGgTE9ggeenoT6UFe,6D7fgzpPZXtDB6Zqg3xRwfbohzerbytB2U5pFchnVuzw,outbound,USDC,EPjFWdd5AufqSSqeM2qN1xzybapC8G4wEGGkZwyTDt1v,1231.28,1231.25
Transfered,2022-03-23 10:19:28.000,3CZVWcntkgyjeLuu8edF1Dry6jyb1Tr3N1wf4uQSMaWfd4nXqQqYxGxQiufQJtDjQ1PvGdtwdTywy7C6MySjx7s5,6D7fgzpPZXtDB6Zqg3xRwfbohzerbytB2U5pFchnVuzw,outbound,USDC,EPjFWdd5AufqSSqeM2qN1xzybapC8G4wEGGkZwyTDt1v,2675.24,2675.16
Transfered,2022-03-23 10:51:52.000,2Um5Lz9pKtgiwH4XXXbRX2kLuqF9YjvmEwV3JbyC1KWH3zbaPex5EnhCuzp3PKYkHSmYBC2iKEMSjjEW97ata59j,6D7fgzpPZXtDB6Zqg3xRwfbohzerbytB2U5pFchnVuzw,outbound,USDC,EPjFWdd5AufqSSqeM2qN1xzybapC8G4wEGGkZwyTDt1v,149,149
Transfered,2022-03-23 09:32:22.000,5MqqJBvZMTgMtFfimc7bWMkn7H1U4c8k65kTSFqUDi6uNuet9s4PucbtC3yn4MuK9c1WQuu5amKjbNn1hT8c3LEB,6D7fgzpPZXtDB6Zqg3xRwfbohzerbytB2U5pFchnVuzw,outbound,USDC,EPjFWdd5AufqSSqeM2qN1xzybapC8G4wEGGkZwyTDt1v,583.41,583.39
Transfered,2022-03-23 10:16:31.000,2UgyNtrDdr2E4Pn67XttRdeMEW371G75GCMhvbkEMBsZunUaYPeFb9QjxmJotrx4ciemBTWTFPXiUSh1ZCUxzXJ1,6D7fgzpPZXtDB6Zqg3xRwfbohzerbytB2U5pFchnVuzw,outbound,USDC,EPjFWdd5AufqSSqeM2qN1xzybapC8G4wEGGkZwyTDt1v,5252.09,5251.94
Transfered,2022-03-23 10:46:04.000,MGKh51KzvborCZgGkwx52bHUXo5hbYhmAr22sDUEdvfDzhdhBaDQzzfg7iWz9NPSfnpbEMvi1CCGUxFdvAYpSnh,6D7fgzpPZXtDB6Zqg3xRwfbohzerbytB2U5pFchnVuzw,outbound,USDC,EPjFWdd5AufqSSqeM2qN1xzybapC8G4wEGGkZwyTDt1v,206.3,206.29
Transfered,2022-03-23 09:57:50.000,3fZ77VSjWJieLuHJXJbLRfAiuLuCPAHBBoWecuuEUCyeqGerMxtgjF6pd2pRCtat7nrUuASiHdqWEUR4ovafeQHj,6D7fgzpPZXtDB6Zqg3xRwfbohzerbytB2U5pFchnVuzw,outbound,USDC,EPjFWdd5AufqSSqeM2qN1xzybapC8G4wEGGkZwyTDt1v,24885,24884.31
Transfered,2022-03-23 09:43:28.000,5NVi2qLAFgwfFFVLVfFZzff1sLWeWSGfjA8DTDWPMkogGtFUKrTQMfrH3PLweKZkxj1pNDo5qW2aheQKpybYBDqu,6D7fgzpPZXtDB6Zqg3xRwfbohzerbytB2U5pFchnVuzw,outbound,USDC,EPjFWdd5AufqSSqeM2qN1xzybapC8G4wEGGkZwyTDt1v,127.41,127.41
Transfered,2022-03-23 09:43:00.000,4bSdFPvzE7PyADjgLaCbzWndhTguohTK6iziQ9StvYJkjArcQWVzozRpofUccfnCRhzBo3MxMnApucPwTYo2a3ze,6D7fgzpPZXtDB6Zqg3xRwfbohzerbytB2U5pFchnVuzw,outbound,USDC,EPjFWdd5AufqSSqeM2qN1xzybapC8G4wEGGkZwyTDt1v,149.99,149.99
Transfered,2022-03-23 09:33:10.000,2SsiFtoxoid7jUrAYTJRdbHziqapKbamW1GXRZNgyqVfZx2dGy61VJXPDaxANLJz9PWZJNB2ndXmXaUeKRUyNkFa,6D7fgzpPZXtDB6Zqg3xRwfbohzerbytB2U5pFchnVuzw,outbound,USDC,EPjFWdd5AufqSSqeM2qN1xzybapC8G4wEGGkZwyTDt1v,472.63,472.61
Transfered,2022-03-23 10:41:07.000,KpspD6MGAfAZmVrSMSgJbF1xRq1aqe76gbRhtgGuA1kACZmyUisKB9cH4dbAQwu1SMifsqGnobotD9zoRk6NoAB,6D7fgzpPZXtDB6Zqg3xRwfbohzerbytB2U5pFchnVuzw,outbound,USDC,EPjFWdd5AufqSSqeM2qN1xzybapC8G4wEGGkZwyTDt1v,507.33,507.32
Transfered,2022-03-23 10:38:21.000,3X82bmfGMMd267oHnJEE4fgb9o81AwX7PQfZmxhEqAPdnwezo67GigPc4CBRc3tFQ3x2kTpuGESRopmKKpvCjiYe,6D7fgzpPZXtDB6Zqg3xRwfbohzerbytB2U5pFchnVuzw,outbound,USDC,EPjFWdd5AufqSSqeM2qN1xzybapC8G4wEGGkZwyTDt1v,998.16,998.13
Transfered,2022-03-23 10:30:19.000,53Z2MsbnQPQXJL3LPVvEiLkta951fcCYUtwr1GutMArdkv8QuLcB9RsztsViFRiJ5KVeW7bq4YmMWDbfA56DbgSj,6D7fgzpPZXtDB6Zqg3xRwfbohzerbytB2U5pFchnVuzw,outbound,USDC,EPjFWdd5AufqSSqeM2qN1xzybapC8G4wEGGkZwyTDt1v,2263.41,2263.34
Transfered,2022-03-23 09:34:10.000,V1Z15ZyzYV8fyr2h84JiLGuKeVNSZY9EmSK3nBhQ5DfSSNG11eW8Vi1PCHQhgptG4r9JngSBeTGbEcGVHTSUosx,6D7fgzpPZXtDB6Zqg3xRwfbohzerbytB2U5pFchnVuzw,outbound,USDC,EPjFWdd5AufqSSqeM2qN1xzybapC8G4wEGGkZwyTDt1v,383.83,383.82
Transfered,2022-03-23 11:31:24.000,KHrxacm2vDHX85GNXwRnu9sMUruDjZP21REdWAru6RVpuXUs7WBi2Zek7eWQ1GqutGjFPvVv6dtotaTVpjAii6p,6D7fgzpPZXtDB6Zqg3xRwfbohzerbytB2U5pFchnVuzw,outbound,USDC,EPjFWdd5AufqSSqeM2qN1xzybapC8G4wEGGkZwyTDt1v,2913.41,2913.33
Transfered,2022-03-23 11:42:47.000,da2mtfWHDUmHVej2X8Uu8QmFHAP25WaEuhkeDqBs6j5CCN1yP6cxBPF6UB63QmvLKQLQc9zAKkmaDMWHJnc7vPK,6D7fgzpPZXtDB6Zqg3xRwfbohzerbytB2U5pFchnVuzw,outbound,USDC,EPjFWdd5AufqSSqeM2qN1xzybapC8G4wEGGkZwyTDt1v,128.27,128.27
Transfered,2022-03-23 09:53:28.000,XWeX3ve6AhF5Ehcu6Fy9JES24WtYcKKWsHWLJe2FAK383ZSgUEiKpi4HBCGnkNkgVKjN7KP1t498Q9yagMoWMTp,6D7fgzpPZXtDB6Zqg3xRwfbohzerbytB2U5pFchnVuzw,outbound,USDC,EPjFWdd5AufqSSqeM2qN1xzybapC8G4wEGGkZwyTDt1v,54128.47,54126.96
Transfered,2022-03-23 11:43:38.000,25suWWo7R8dSVQLKymMXjcQKuQpRDCZW7S56FxHSSGfwhPV44NsojyEvXCDVDKthHhbfswyCAQxsYoxZaSJXQ9v8,6D7fgzpPZXtDB6Zqg3xRwfbohzerbytB2U5pFchnVuzw,outbound,USDC,EPjFWdd5AufqSSqeM2qN1xzybapC8G4wEGGkZwyTDt1v,100.61,100.61
Transfered,2022-03-23 09:47:56.000,3tT6TvkNpfLuV8Gdw46QAFqprbu3WuKRiqk4YRTZ1yLPtqCRMRZQZPugJJXJwyi8LTUAkbcFVgJnxWrJnnWQdTLY,6D7fgzpPZXtDB6Zqg3xRwfbohzerbytB2U5pFchnVuzw,outbound,USDC,EPjFWdd5AufqSSqeM2qN1xzybapC8G4wEGGkZwyTDt1v,105.83,105.83
Transfered,2022-03-23 10:43:10.000,3C9bfTZR1kBSGiMdKjMvTdqe8RzHev4n2Ft7Qj21NTb39L8kcRzEseTQRJvwLGhCnq9MwJ5v7MvkJkke3KQtRnz2,6D7fgzpPZXtDB6Zqg3xRwfbohzerbytB2U5pFchnVuzw,outbound,USDC,EPjFWdd5AufqSSqeM2qN1xzybapC8G4wEGGkZwyTDt1v,355.15,355.14
Transfered,2022-03-23 11:07:24.000,54piwgwyUfaGjL62BufTgdZit7H5By2nnve3D1jN5R8Y5nDYjT7L3ymUGN1QKxPG1xHrcoB3roHQHEfSknR22oxe,6D7fgzpPZXtDB6Zqg3xRwfbohzerbytB2U5pFchnVuzw,outbound,USDC,EPjFWdd5AufqSSqeM2qN1xzybapC8G4wEGGkZwyTDt1v,117.26,117.26
Transfered,2022-03-23 11:31:42.000,4rW6ZqLASsZqf4ia67ZD9YcTcpM2jvNm5PY992sZS2DGCpcgYRHKu1BAMmRShSHY2jd7RHGCtCzZk9hQqt5Jg7tv,6D7fgzpPZXtDB6Zqg3xRwfbohzerbytB2U5pFchnVuzw,outbound,USDC,EPjFWdd5AufqSSqeM2qN1xzybapC8G4wEGGkZwyTDt1v,2741.57,2741.49
Transfered,2022-03-23 09:46:59.000,4jgiDUSHHPJ6qZA1W6H325p9BvD9bth4ad71cs9NjjUDAXPknoCq6ws9G7BNNQzwuS6KGLMp6e9tUfCEyYwSEfaY,6D7fgzpPZXtDB6Zqg3xRwfbohzerbytB2U5pFchnVuzw,outbound,USDC,EPjFWdd5AufqSSqeM2qN1xzybapC8G4wEGGkZwyTDt1v,106,106
Transfered,2022-03-23 10:18:50.000,E8vibpN6sfroo4rhDSUtodiKud9c3TKSfhZVpBc6KevdkgH47mpTFasoHzLxStcmsH2WUmJ2TwfzqwNGZdT7pJ1,6D7fgzpPZXtDB6Zqg3xRwfbohzerbytB2U5pFchnVuzw,outbound,USDC,EPjFWdd5AufqSSqeM2qN1xzybapC8G4wEGGkZwyTDt1v,3766.53,3766.43
Transfered,2022-03-23 09:51:27.000,3kCNFhiwLagm1VsaqWCxkzNyxEdwW77nwtBbvq7ryiBvVZRLRw4vMTB6GaiJVf2cgYeZtJUZJM2M2o6Rw6bGGiVX,6D7fgzpPZXtDB6Zqg3xRwfbohzerbytB2U5pFchnVuzw,outbound,USDC,EPjFWdd5AufqSSqeM2qN1xzybapC8G4wEGGkZwyTDt1v,99765.34,99762.56
Transfered,2022-03-23 10:53:56.000,5bLQ759RNvAQHrS1WVXcFwWHHQ2DPQ2TvoKutbtNbsdzYvMkT832XJsndsGr2KgbDgPwzLNmtUt7qFXjVXhW15KH,6D7fgzpPZXtDB6Zqg3xRwfbohzerbytB2U5pFchnVuzw,outbound,USDC,EPjFWdd5AufqSSqeM2qN1xzybapC8G4wEGGkZwyTDt1v,119.8,119.8
Transfered,2022-03-23 10:40:15.000,5GRdxPmfFWn1PXTu6EgLoqX6ZcmNzkUawboV18EkSjjrSbTnKPdDrpu5mU7WYZfDnAzJD2qVbUM6qVgDGjB9758w,6D7fgzpPZXtDB6Zqg3xRwfbohzerbytB2U5pFchnVuzw,outbound,USDC,EPjFWdd5AufqSSqeM2qN1xzybapC8G4wEGGkZwyTDt1v,585.69,585.68
Transfered,2022-03-23 10:51:16.000,2Wzw1XxqGmxjJH2CqjCPC9yCbxtX9xydXJWe99viauEaEFKZNK13WU26P7iFYQhWo6f7tzdH66yWNcV75zJEAdSp,6D7fgzpPZXtDB6Zqg3xRwfbohzerbytB2U5pFchnVuzw,outbound,USDC,EPjFWdd5AufqSSqeM2qN1xzybapC8G4wEGGkZwyTDt1v,149.59,149.59
Transfered,2022-03-23 08:52:36.000,5Wg6oTYUFR7KZ9WbrrRbDmrQbJCmQunCAmV8N939y8m2fKbAmHZzhNaN2M4HjnGGgbBr9gYfMxeW6tfJ9S8PA7yH,6D7fgzpPZXtDB6Zqg3xRwfbohzerbytB2U5pFchnVuzw,outbound,USDC,EPjFWdd5AufqSSqeM2qN1xzybapC8G4wEGGkZwyTDt1v,84020.51,84018.17
Transfered,2022-03-23 09:08:42.000,UPQe7HnN1Yw5KYmiuQdwpte5q8T3mbtWEKsA7gpGRQ3ft78djvv1QVZmvXUS3bV2LSvxEVD2kpxh27px6hdqK18,6D7fgzpPZXtDB6Zqg3xRwfbohzerbytB2U5pFchnVuzw,outbound,USDC,EPjFWdd5AufqSSqeM2qN1xzybapC8G4wEGGkZwyTDt1v,46705.11,46703.81
Transfered,2022-03-23 09:42:09.000,4vBanDNa9M1PY7DNdZvuBw8d2zsFzx6TUcuozxhekzF6xc1Hq1yfBrMy5qXNybcuksYXym7ZJzbxrc3Ze9McoENF,6D7fgzpPZXtDB6Zqg3xRwfbohzerbytB2U5pFchnVuzw,outbound,USDC,EPjFWdd5AufqSSqeM2qN1xzybapC8G4wEGGkZwyTDt1v,162.39,162.39
Transfered,2022-03-23 09:33:01.000,3YFuasduBDEVbGRmCMYKUZUjCzWCg1ukdqm8NrH1mPnpiF35HrcRcY7wwU5xUdVdkzcft73zUsb8oYeN76fAmB6J,6D7fgzpPZXtDB6Zqg3xRwfbohzerbytB2U5pFchnVuzw,outbound,USDC,EPjFWdd5AufqSSqeM2qN1xzybapC8G4wEGGkZwyTDt1v,480.63,480.62
Transfered,2022-03-23 10:14:56.000,2WQiu1iacgHc2dhyL4ep8c4dGjW9gkCpfRz39jFuB65qXNNNoezMMdfNP5cMN6eR9RLYxmXGdcgAEr298Ro9wexg,6D7fgzpPZXtDB6Zqg3xRwfbohzerbytB2U5pFchnVuzw,outbound,USDC,EPjFWdd5AufqSSqeM2qN1xzybapC8G4wEGGkZwyTDt1v,9023.04,9022.79
Transfered,2022-03-23 09:33:52.000,4Wu4bD9cpxv58Kei5EKeLrJ54BkzYfisy31xzaaiM99nA32FzXrHr8MfnS3Wzaqce7dEpvxvZ4TfMXthNS5Pj37x,6D7fgzpPZXtDB6Zqg3xRwfbohzerbytB2U5pFchnVuzw,outbound,USDC,EPjFWdd5AufqSSqeM2qN1xzybapC8G4wEGGkZwyTDt1v,414.17,414.16
Transfered,2022-03-23 09:50:19.000,5mrXveZnTNawFyXG4YLM5mMhJHEm6jK2kDbeWB4fKbetGyZtYALQ4nJyfV7ph8VKMDMpKQeoxkH4s13tZZgiRy7U,6D7fgzpPZXtDB6Zqg3xRwfbohzerbytB2U5pFchnVuzw,outbound,USDC,EPjFWdd5AufqSSqeM2qN1xzybapC8G4wEGGkZwyTDt1v,102,102
Transfered,2022-03-23 11:40:12.000,31fVLdQ7QusTaKoxGDiCeQZ9iZpYA9ZPYhJ9oygYmzAX7MExcWF6J4R7y8ryRAwgpMPRz3m16hKHkZmNBbeoMXYe,6D7fgzpPZXtDB6Zqg3xRwfbohzerbytB2U5pFchnVuzw,outbound,USDC,EPjFWdd5AufqSSqeM2qN1xzybapC8G4wEGGkZwyTDt1v,333.78,333.77
Transfered,2022-03-23 10:48:09.000,3UG1DuuEHg6KRJvtD5o4kUPtT7eSnNjqNh4r8pys5fkJjvPjdQHwLY4oqAfDNsLLEeNa5TnoBJKnLP26MWcTGcPE,6D7fgzpPZXtDB6Zqg3xRwfbohzerbytB2U5pFchnVuzw,outbound,USDC,EPjFWdd5AufqSSqeM2qN1xzybapC8G4wEGGkZwyTDt1v,199.5,199.5
Transfered,2022-03-23 09:41:29.000,5PS1ao3CHeRpMSwfbU1B6PJJFV43MnS1P78ReRZ3YwpYGgqwuCbuTeaJWtPwgTr9wnwZtgEfpAv2PDwDWGeN9Rk2,6D7fgzpPZXtDB6Zqg3xRwfbohzerbytB2U5pFchnVuzw,outbound,USDC,EPjFWdd5AufqSSqeM2qN1xzybapC8G4wEGGkZwyTDt1v,199.9,199.89
Transfered,2022-03-23 11:28:22.000,4aAsiup275ZuDcDbdc1aiJLbfKSeDFn35XrdRBfDdJULLu6pUXrhG7hqMf5EXfxMfUw3NkYk41o48BkCsgtXiEZ9,6D7fgzpPZXtDB6Zqg3xRwfbohzerbytB2U5pFchnVuzw,outbound,USDC,EPjFWdd5AufqSSqeM2qN1xzybapC8G4wEGGkZwyTDt1v,16921.35,16920.88
Transfered,2022-03-23 09:43:43.000,HaT3ofD4JcCbeGvF7YwUzMyUFTbU8j3LWmzmR41P1fKvdjgwK7pFn1wH5ATvRueYTruf2g3Mkco2N4bvxQUapJK,6D7fgzpPZXtDB6Zqg3xRwfbohzerbytB2U5pFchnVuzw,outbound,USDC,EPjFWdd5AufqSSqeM2qN1xzybapC8G4wEGGkZwyTDt1v,122.71,122.71
Transfered,2022-03-23 10:00:16.000,31XqKLXKCbxijfLBgp1XmguH6UBS6c4nT7KZiE53roawhthRfUGkxcWR1CZeTjfDaUXFtp5AmBxC76t9TUMv6G3a,6D7fgzpPZXtDB6Zqg3xRwfbohzerbytB2U5pFchnVuzw,outbound,USDC,EPjFWdd5AufqSSqeM2qN1xzybapC8G4wEGGkZwyTDt1v,13750.71,13750.33
Transfered,2022-03-23 11:35:57.000,4duJopPt52drLgvBAXJbYeeCaBdvHiC89r38HznpfBnzZ32ZKGxT4PUfyoPFtHTYjXUBU8mh6orgSbXRfaCDHoQ1,6D7fgzpPZXtDB6Zqg3xRwfbohzerbytB2U5pFchnVuzw,outbound,USDC,EPjFWdd5AufqSSqeM2qN1xzybapC8G4wEGGkZwyTDt1v,1000,999.97
Transfered,2022-03-23 10:49:02.000,4TeTR9nvMaLCJeS9aJZq2ybm6MJh47xwdjD2JvxhAndWcVtCfbunnmjnTLQD8rQuhzzcjqmR9XqavAyfBeAywsp,6D7fgzpPZXtDB6Zqg3xRwfbohzerbytB2U5pFchnVuzw,outbound,USDC,EPjFWdd5AufqSSqeM2qN1xzybapC8G4wEGGkZwyTDt1v,195.63,195.63
Transfered,2022-03-23 08:48:22.000,5e5xdg9rf9upbq5yiYvNVVST1CpwuAcmVFCoTGJNcSUJSCjpH9ou9mtBzxM4FdBURxrTavBoNqKSnJsHrrq2fEoA,6D7fgzpPZXtDB6Zqg3xRwfbohzerbytB2U5pFchnVuzw,outbound,USDC,EPjFWdd5AufqSSqeM2qN1xzybapC8G4wEGGkZwyTDt1v,1600000,1599955.45
Transfered,2022-03-23 11:09:37.000,3pN8eJ6xZ1ZBW1TxEX9viQBLg96KCxZ6qLZFYPfh3iD2whDQ1phGs8xF8aa7MvsiJJD8f4TioiNZ9nn9C6Bg4Qka,6D7fgzpPZXtDB6Zqg3xRwfbohzerbytB2U5pFchnVuzw,outbound,USDC,EPjFWdd5AufqSSqeM2qN1xzybapC8G4wEGGkZwyTDt1v,103.57,103.57
Transfered,2022-03-23 11:38:54.000,WXJNSCnbdPLPR2HqfZTomYiLYcD4NhbZqYJiiMktFaHYrU7dtTGDPJWnY6HXAF1bv1LNEw6SYrh5rdftAvBCejN,6D7fgzpPZXtDB6Zqg3xRwfbohzerbytB2U5pFchnVuzw,outbound,USDC,EPjFWdd5AufqSSqeM2qN1xzybapC8G4wEGGkZwyTDt1v,498.05,498.03
Transfered,2022-03-23 11:30:10.000,zibFzRfkxNkn32muojSMMzqKKigUR5LgTKt4YZjgEbuCboPuz7g4F5GG1rYisHymQBbhaGz4jSKpzWjH3exHrjE,6D7fgzpPZXtDB6Zqg3xRwfbohzerbytB2U5pFchnVuzw,outbound,USDC,EPjFWdd5AufqSSqeM2qN1xzybapC8G4wEGGkZwyTDt1v,3898.75,3898.64
Transfered,2022-03-23 09:44:26.000,3H6RQTYTYqCpWpDCxjExfXRPMpfmV2S3r1M8UjrZs32XYgTKYuctp6NnJQYykiwUhKr3YZXBBYEEkiguqH15XgGt,6D7fgzpPZXtDB6Zqg3xRwfbohzerbytB2U5pFchnVuzw,outbound,USDC,EPjFWdd5AufqSSqeM2qN1xzybapC8G4wEGGkZwyTDt1v,111.38,111.38
Transfered,2022-03-23 11:23:19.000,5RrgYSDp4udzcHFpyPfhDZHjL43WWWRBNbRFTpbmirQyaQY2oMNmucXyTxyXktAfUWPJyrEDyqC9vrB6F6WFkVck,6D7fgzpPZXtDB6Zqg3xRwfbohzerbytB2U5pFchnVuzw,outbound,USDC,EPjFWdd5AufqSSqeM2qN1xzybapC8G4wEGGkZwyTDt1v,35073.91,35072.94
Transfered,2022-03-23 10:30:58.000,4AUojixaT1CF6CJPohqtYxmTYVPAVzZBziHWc6pjKUMzdbNhgiqfbqg1vVNffpn2dTq61aeZfXjXG3s2UGrqn1Ya,6D7fgzpPZXtDB6Zqg3xRwfbohzerbytB2U5pFchnVuzw,outbound,USDC,EPjFWdd5AufqSSqeM2qN1xzybapC8G4wEGGkZwyTDt1v,1995.52,1995.46
Transfered,2022-03-23 10:16:22.000,4jbNRue5c3Cqkev9sTHRfRXPL7Fas8iGvCTMfUZt7WiuDKXvK7SL74HDfHhZy51JwdWgrKuKix8f7xCL3mvHQYJW,6D7fgzpPZXtDB6Zqg3xRwfbohzerbytB2U5pFchnVuzw,outbound,USDC,EPjFWdd5AufqSSqeM2qN1xzybapC8G4wEGGkZwyTDt1v,5445.65,5445.5
Transfered,2022-03-23 09:14:21.000,64xiEKBRPx2tjnXWYmeUh4KGcKEUnVfiyQCWtmW6CzANhsK3TFRzq7odNm9k8JM8xcVEuEfJP3b2iEb9wFStxGP3,6D7fgzpPZXtDB6Zqg3xRwfbohzerbytB2U5pFchnVuzw,outbound,USDC,EPjFWdd5AufqSSqeM2qN1xzybapC8G4wEGGkZwyTDt1v,946.71,946.69
Transfered,2022-03-23 10:16:39.000,5n12cNeXBGKEUwz4UMvYWdRHs23gSa2UWYKqH7jLVwrWx6veU2BhjXBNUemU57kFr3yvwNBiXksdTMhAC3TPhSxu,6D7fgzpPZXtDB6Zqg3xRwfbohzerbytB2U5pFchnVuzw,outbound,USDC,EPjFWdd5AufqSSqeM2qN1xzybapC8G4wEGGkZwyTDt1v,5141.56,5141.42
Transfered,2022-03-23 09:47:08.000,5YRWEm9jfhGaVigAMZJc8RaYxXMZ328intSQ8V8hbdzbggVE4bDxm1YMqDz55h2GgrR8anP1NjAXpX2YTSstohoa,6D7fgzpPZXtDB6Zqg3xRwfbohzerbytB2U5pFchnVuzw,outbound,USDC,EPjFWdd5AufqSSqeM2qN1xzybapC8G4wEGGkZwyTDt1v,106,106
Transfered,2022-03-23 11:15:40.000,EBU6Nib4reDHkrcWxBsvSiHJYseogNPjxJcK4oTZxHy1aCNLHkipzigpH2FY8gNTtroU5Wv1PYvfFBZ9cr8kpuQ,6D7fgzpPZXtDB6Zqg3xRwfbohzerbytB2U5pFchnVuzw,outbound,USDC,EPjFWdd5AufqSSqeM2qN1xzybapC8G4wEGGkZwyTDt1v,102.04,102.03
Transfered,2022-03-23 10:14:23.000,37wjPoaagGwVGzLcHPjQpMCM4UzcBiy3VdRvatznkkQdyXV8vQYfS9eW4k4Pz2b1yA6s6G3SX5LK2vxW4ueSyUFY,6D7fgzpPZXtDB6Zqg3xRwfbohzerbytB2U5pFchnVuzw,outbound,USDC,EPjFWdd5AufqSSqeM2qN1xzybapC8G4wEGGkZwyTDt1v,9919.38,9919.1
Transfered,2022-03-23 09:58:16.000,jmfsZT8mPRQqqD7ifzmwfUrRZeJik9pVkbHKrx5njaJiFX3RJzA3Q4GgcR3u5KkKCwzsxBU2UWRBMcVwgcoLFM9,6D7fgzpPZXtDB6Zqg3xRwfbohzerbytB2U5pFchnVuzw,outbound,USDC,EPjFWdd5AufqSSqeM2qN1xzybapC8G4wEGGkZwyTDt1v,19870.23,19869.68
Transfered,2022-03-23 10:52:58.000,QFScJyk2M4aF3AH4H1WK8Z2hfCysuSb4NfX3fefpzshkC6TNgpJaWwom6Pacu3C4RprfvsyC9Q87bdiNTMYdaUw,6D7fgzpPZXtDB6Zqg3xRwfbohzerbytB2U5pFchnVuzw,outbound,USDC,EPjFWdd5AufqSSqeM2qN1xzybapC8G4wEGGkZwyTDt1v,128.02,128.02
Transfered,2022-03-23 09:52:28.000,5UywEzYPKMHsPaTrKtnw6vvQjrmfNT1xxZFWFvTK5NXo5xL4JEsJnotccKx6RtFd8jkk7w2J7XKfPWbNaHzoBFeZ,6D7fgzpPZXtDB6Zqg3xRwfbohzerbytB2U5pFchnVuzw,outbound,USDC,EPjFWdd5AufqSSqeM2qN1xzybapC8G4wEGGkZwyTDt1v,86183.76,86181.36
Transfered,2022-03-23 10:17:17.000,5Cr6yEV1LjXKauCaUduKwHeWrTKJYnMPqnWkePcHVn5xteBMrMoeDvDcDLigy17bpnDaNnDi897sA6DaWUTk4zdu,6D7fgzpPZXtDB6Zqg3xRwfbohzerbytB2U5pFchnVuzw,outbound,USDC,EPjFWdd5AufqSSqeM2qN1xzybapC8G4wEGGkZwyTDt1v,4908.01,4907.88
Transfered,2022-03-23 11:41:32.000,5NLAtCzoRtb3EdN6dwFwA84WU6C2EuUvpkdiwbmRXZKdcjDH3BaGvMNPdRfEfVpHAvwwusmuqjF6axgbkWbqXnzN,6D7fgzpPZXtDB6Zqg3xRwfbohzerbytB2U5pFchnVuzw,outbound,USDC,EPjFWdd5AufqSSqeM2qN1xzybapC8G4wEGGkZwyTDt1v,231.19,231.18
Transfered,2022-03-23 11:07:30.000,4oqWgkMcDzej1b6bozhtKbzZ4vrS66uJv6DXCtrAuaRWR7mAEPH7LEEgaiDwrQSrC9tuwkm71XZYHyd6MqxegbsV,6D7fgzpPZXtDB6Zqg3xRwfbohzerbytB2U5pFchnVuzw,outbound,USDC,EPjFWdd5AufqSSqeM2qN1xzybapC8G4wEGGkZwyTDt1v,117.24,117.24
Transfered,2022-03-23 10:50:00.000,4g9LEHQMsGKuwMxLQQUm6kwYxHNCUNCCpNxEjubdCSe3PkW3tdYE2pxXouakMHm87gu7jRJ5HEm1PtuR5q6o64bg,6D7fgzpPZXtDB6Zqg3xRwfbohzerbytB2U5pFchnVuzw,outbound,USDC,EPjFWdd5AufqSSqeM2qN1xzybapC8G4wEGGkZwyTDt1v,177.21,177.2
Transfered,2022-03-23 11:16:41.000,2UQ8PdnZQadQ5yds7RH4WTUNz8bagMXSWYRNNaD9LoL7jkRCfk8LR9JK6cdDYAg2NJG7bByavy4duZdTuHJW4fNA,6D7fgzpPZXtDB6Zqg3xRwfbohzerbytB2U5pFchnVuzw,outbound,USDC,EPjFWdd5AufqSSqeM2qN1xzybapC8G4wEGGkZwyTDt1v,101.33,101.32
Transfered,2022-03-23 10:38:50.000,271uKmVwNvdGKVgQeN3ji7TKZympmZJaqSBGrwJvVPpEgPdxH5cbV7KJaRPD8i5ywUPnX72kySadNeEtKQ3w2pDn,6D7fgzpPZXtDB6Zqg3xRwfbohzerbytB2U5pFchnVuzw,outbound,USDC,EPjFWdd5AufqSSqeM2qN1xzybapC8G4wEGGkZwyTDt1v,992.77,992.74
Transfered,2022-03-23 09:50:47.000,2ottkKAmURcT9bT6fPknWyppHsuh9r7MJaLX7Z5BPzjc8D3NZ8vDiMUeD8vcQEqMP6vgA7ELQsAFaCW4ZtVX6EL3,6D7fgzpPZXtDB6Zqg3xRwfbohzerbytB2U5pFchnVuzw,outbound,USDC,EPjFWdd5AufqSSqeM2qN1xzybapC8G4wEGGkZwyTDt1v,100.61,100.61
Transfered,2022-03-23 09:09:15.000,3sQr4udzsWmMNKoppo7hz6eyuAinHQ8RhjRjiXsUZ5r7YirGGZmfsQVqP9bSZySh5ZMmCuNK6bRm6CJrQ4fuua9o,6D7fgzpPZXtDB6Zqg3xRwfbohzerbytB2U5pFchnVuzw,outbound,USDC,EPjFWdd5AufqSSqeM2qN1xzybapC8G4wEGGkZwyTDt1v,17465.64,17465.15
Transfered,2022-03-23 09:12:06.000,5oeXj5Hjy2KETr6HzBhtEcYrnRuAcYYLd4eqKvZgMFCT9aWLTxKiagw9osCdZ8DbtCye6GTKtXPDtfpTxD19Gzjb,6D7fgzpPZXtDB6Zqg3xRwfbohzerbytB2U5pFchnVuzw,outbound,USDC,EPjFWdd5AufqSSqeM2qN1xzybapC8G4wEGGkZwyTDt1v,1965.42,1965.37
Transfered,2022-03-23 09:57:59.000,5RdTncbZ76jKwAxt1AFcGTMmazrcrCajcskwSjJkm9XsxdyFPtUT5sf9NstA3FZHyoFwzmQSqDcVgH12ns2cqABh,6D7fgzpPZXtDB6Zqg3xRwfbohzerbytB2U5pFchnVuzw,outbound,USDC,EPjFWdd5AufqSSqeM2qN1xzybapC8G4wEGGkZwyTDt1v,24682.73,24682.04
Transfered,2022-03-23 09:46:31.000,2otLSRF4YCQkCGuhZULD8DmJSXgQ7V4TyCWiKq8aEJWXb7W3ezER6wBhiG2RVckzYorCzGzYxWHf6io3o467pite,6D7fgzpPZXtDB6Zqg3xRwfbohzerbytB2U5pFchnVuzw,outbound,USDC,EPjFWdd5AufqSSqeM2qN1xzybapC8G4wEGGkZwyTDt1v,106,106
Transfered,2022-03-23 10:13:54.000,4C3QLpA1S3rNTBFfnPYgeRZojcMWAkgxPes1a7N8mTSwvhjQLKxMrnNU5PYdaUP5vXRvnPJvbDDBp296UqR4XLXp,6D7fgzpPZXtDB6Zqg3xRwfbohzerbytB2U5pFchnVuzw,outbound,USDC,EPjFWdd5AufqSSqeM2qN1xzybapC8G4wEGGkZwyTDt1v,10054.75,10054.47
Transfered,2022-03-23 10:39:57.000,guS6zkJZC4NkqAEB2qWqz4ogWwdEm7wutiQmWQMK5Qj56fNpeUbxmMntWS13bjpCXTz4Q4yosQ8wbmX61hdJ74K,6D7fgzpPZXtDB6Zqg3xRwfbohzerbytB2U5pFchnVuzw,outbound,USDC,EPjFWdd5AufqSSqeM2qN1xzybapC8G4wEGGkZwyTDt1v,613.48,613.46
Transfered,2022-03-23 09:14:15.000,5LMgRosNm8FNBEW6rSCB8pQaPtjb3wjVrDJuqbV9Di3tW4M1RkGYZNX5aDta8gHsMkaVa3PAsvCm4w3RTKuADAs4,6D7fgzpPZXtDB6Zqg3xRwfbohzerbytB2U5pFchnVuzw,outbound,USDC,EPjFWdd5AufqSSqeM2qN1xzybapC8G4wEGGkZwyTDt1v,991.69,991.67
Transfered,2022-03-23 11:18:14.000,4YbG7pUqb8CKFP86dawmk14KSSYK7THF4QexjWLdkQLstFix8HLU3EiB6UVvCZMmy77EUYtLtRC4pv1Uk9VRYMbt,6D7fgzpPZXtDB6Zqg3xRwfbohzerbytB2U5pFchnVuzw,outbound,USDC,EPjFWdd5AufqSSqeM2qN1xzybapC8G4wEGGkZwyTDt1v,100.88,100.88
Transfered,2022-03-23 11:31:06.000,5qNkrmSQDjQeyo3AvzDjxhgDf9TiEyxwKaxtm7V6ocyMwp7o8b7VKveYmtBZ1doCD2ddriQnEh2iWd1GoS8Yh2zd,6D7fgzpPZXtDB6Zqg3xRwfbohzerbytB2U5pFchnVuzw,outbound,USDC,EPjFWdd5AufqSSqeM2qN1xzybapC8G4wEGGkZwyTDt1v,2999.47,2999.39
Transfered,2022-03-23 11:06:42.000,WGHq9nv5BuBpn3jtXDsz41ZMztKnBYeXNQXsjhTU7WZeTnZBcS61FkQZcxmJzC15aZNFsU4vBMqfo23depeVoQH,6D7fgzpPZXtDB6Zqg3xRwfbohzerbytB2U5pFchnVuzw,outbound,USDC,EPjFWdd5AufqSSqeM2qN1xzybapC8G4wEGGkZwyTDt1v,117.34,117.33
Transfered,2022-03-23 11:16:00.000,3xtMzcX8HbMWoJQLDTffaGRViACWVPQ6vZSnwB2BgxgJQowqWtDxQ41H1YTL8tCprxFHHNzwxntFVFoz1ogTFqxa,6D7fgzpPZXtDB6Zqg3xRwfbohzerbytB2U5pFchnVuzw,outbound,USDC,EPjFWdd5AufqSSqeM2qN1xzybapC8G4wEGGkZwyTDt1v,101.85,101.85
Transfered,2022-03-23 09:10:36.000,46zFzSGFnDNKpdgiGygpDTu6MGECCtgY1np2iNdDRJ1rj6mxjVJ7Bm2akPPYATnXLG3C1x2tctJmJuhq4zMkQsVY,6D7fgzpPZXtDB6Zqg3xRwfbohzerbytB2U5pFchnVuzw,outbound,USDC,EPjFWdd5AufqSSqeM2qN1xzybapC8G4wEGGkZwyTDt1v,4335.08,4334.96
Transfered,2022-03-23 11:39:30.000,deb1g2fZzrGjXaJoZVh2zqbuRRikRz8jbNVaPDFbsCMsqQpvHCssgzAWbXYnVgxKhdXRwV4LXCzFcBxrte1jxUz,6D7fgzpPZXtDB6Zqg3xRwfbohzerbytB2U5pFchnVuzw,outbound,USDC,EPjFWdd5AufqSSqeM2qN1xzybapC8G4wEGGkZwyTDt1v,426.3,426.29
Transfered,2022-03-23 11:35:40.000,2yXJNQ9TnAKB1nnhNG1VMR4YHSrxESo6dteZyhGg7E8QkbZRaKcYt4mabb2ppfzLvaZEYTdkEG3rhdcuCMPB8tNi,6D7fgzpPZXtDB6Zqg3xRwfbohzerbytB2U5pFchnVuzw,outbound,USDC,EPjFWdd5AufqSSqeM2qN1xzybapC8G4wEGGkZwyTDt1v,1001.29,1001.26
Transfered,2022-03-23 10:17:36.000,3AU7WBiqVwK1VcADbF1tX4n1EspBvxfouhdiKcdKFrFk1kXSK3AxjEVS2fFEZ83zH18CKncCP4RzfFtTLTGbD5YH,6D7fgzpPZXtDB6Zqg3xRwfbohzerbytB2U5pFchnVuzw,outbound,USDC,EPjFWdd5AufqSSqeM2qN1xzybapC8G4wEGGkZwyTDt1v,4554.84,4554.71
Transfered,2022-03-23 09:55:50.000,62tdH4PSmoBsHjDT2ShpNrrrMb8V9xLnNDPaBmrFeHGBXTrwS4brTAjeNYS11GB7nu8pKvSZo6ya8JC7XMYEKASZ,6D7fgzpPZXtDB6Zqg3xRwfbohzerbytB2U5pFchnVuzw,outbound,USDC,EPjFWdd5AufqSSqeM2qN1xzybapC8G4wEGGkZwyTDt1v,39601.56,39600.45
Transfered,2022-03-23 11:38:22.000,3zqjkPJViaSCePGKtRWQ4tsxf7NiiVYcpVLaXhEshvVh9hBWWpUatAF1wBcEd3zGTgXvyn65HkhFDv2codhWN3WJ,6D7fgzpPZXtDB6Zqg3xRwfbohzerbytB2U5pFchnVuzw,outbound,USDC,EPjFWdd5AufqSSqeM2qN1xzybapC8G4wEGGkZwyTDt1v,641.42,641.4
Transfered,2022-03-23 09:11:31.000,4cHB4pSa8jbXqFBjVpwK3NpMEe95CGVLsfitKTkSqKqgmdskBFLTeEnZa6Mou9nmMgguFybZVssMKGcza5hVnruH,6D7fgzpPZXtDB6Zqg3xRwfbohzerbytB2U5pFchnVuzw,outbound,USDC,EPjFWdd5AufqSSqeM2qN1xzybapC8G4wEGGkZwyTDt1v,3333.9,3333.81
Transfered,2022-03-23 11:41:12.000,AmyriDva3TbsPabdaug3D3dWQ3hDwS7SRGXDFiSFziz2S1bcbCFaQ54iXmpQupDGF6dSz3bKxBBM6NyttLX7oWH,6D7fgzpPZXtDB6Zqg3xRwfbohzerbytB2U5pFchnVuzw,outbound,USDC,EPjFWdd5AufqSSqeM2qN1xzybapC8G4wEGGkZwyTDt1v,249.71,249.7
Transfered,2022-03-23 09:14:00.000,UGAaqC3UNU4geJFnqP1b6K3D7v3YvYX7ikuyuQXiJu9QgkYfVqwmVEp9t8CngwjZEdDhReu2vh1pkfVRXPYNcag,6D7fgzpPZXtDB6Zqg3xRwfbohzerbytB2U5pFchnVuzw,outbound,USDC,EPjFWdd5AufqSSqeM2qN1xzybapC8G4wEGGkZwyTDt1v,1001,1000.97
Transfered,2022-03-23 11:43:13.000,2Dh6mUWAheU2bVzE5pToqaUkCMKordkM2wDa1ozcCtDbbChUMCdZGtbjpjQNCnWtLEkR5nGwKK7RYbfzSU1HPH1N,6D7fgzpPZXtDB6Zqg3xRwfbohzerbytB2U5pFchnVuzw,outbound,USDC,EPjFWdd5AufqSSqeM2qN1xzybapC8G4wEGGkZwyTDt1v,111.83,111.83
Transfered,2022-03-23 09:46:06.000,2oKCmXx1H7LhCWsbL45V3MLhipmhvYj2pT28cP1Yshf8tLi6vvJ53dDTtkRJJuU2wxWXeVSt4wTrSjbjUpE9yNBj,6D7fgzpPZXtDB6Zqg3xRwfbohzerbytB2U5pFchnVuzw,outbound,USDC,EPjFWdd5AufqSSqeM2qN1xzybapC8G4wEGGkZwyTDt1v,106,106
Transfered,2022-03-23 11:22:59.000,2HaSLCukYJnmAoHqbobNYcV5NphJerSMV8SoEH3ZYt8HgoSuNvvU2chXo1UohY5tRPrQrmt2RKxzjHMjhNqfTaMj,6D7fgzpPZXtDB6Zqg3xRwfbohzerbytB2U5pFchnVuzw,outbound,USDC,EPjFWdd5AufqSSqeM2qN1xzybapC8G4wEGGkZwyTDt1v,44860.06,44858.81
Transfered,2022-03-23 10:42:02.000,e818XVreezhJzstASnhySANhvSf4z1fDeyWntYKKrb3t4eGWBHwyuSGh22yNzKBJyeAScgEJpGD96zL5Yx2cgNc,6D7fgzpPZXtDB6Zqg3xRwfbohzerbytB2U5pFchnVuzw,outbound,USDC,EPjFWdd5AufqSSqeM2qN1xzybapC8G4wEGGkZwyTDt1v,425.8,425.79
Transfered,2022-03-23 09:48:28.000,3r26reJGo8PLt3duwwsdxwEFk6fP1FySGJXPHfhLN6JMziynR9bot6fJCwjKeipdq744nSoUHAGmVpVipZEUN6Wj,6D7fgzpPZXtDB6Zqg3xRwfbohzerbytB2U5pFchnVuzw,outbound,USDC,EPjFWdd5AufqSSqeM2qN1xzybapC8G4wEGGkZwyTDt1v,105,105
Transfered,2022-03-23 10:38:30.000,G2xphvzHb556LSLwjRJNWoRysr14W5GfymPjAPunsa2ySEmUx73be6LKpczfSpUt5wB1R23cAk3FEhbDfUB4rax,6D7fgzpPZXtDB6Zqg3xRwfbohzerbytB2U5pFchnVuzw,outbound,USDC,EPjFWdd5AufqSSqeM2qN1xzybapC8G4wEGGkZwyTDt1v,996.82,996.79
Transfered,2022-03-23 10:42:36.000,46y8cSxNk4MMmXbdtXeQaYwrUuxExXNCu1Jfvz9SsijZf9ALseunc14EvePs8DYiWDC8RwLqGH8ixHPRenR5THMm,6D7fgzpPZXtDB6Zqg3xRwfbohzerbytB2U5pFchnVuzw,outbound,USDC,EPjFWdd5AufqSSqeM2qN1xzybapC8G4wEGGkZwyTDt1v,407.09,407.08
Transfered,2022-03-23 10:43:27.000,3d6ixpHaPguuQUq1aZSjcNpmA83irqApWyr27e7yD81PPJjwY8acA2mTFTxnZwJr4NQrqNfEYq1cwbMwrFUu9oKX,6D7fgzpPZXtDB6Zqg3xRwfbohzerbytB2U5pFchnVuzw,outbound,USDC,EPjFWdd5AufqSSqeM2qN1xzybapC8G4wEGGkZwyTDt1v,310.06,310.05
Transfered,2022-03-23 11:18:21.000,26hdqK4j3HSqgPtLL4x4dCxXY4TJPQa7ZcPvzNpkHnjBy9TEnPV51D6Ck1VF9dxwUeqR6mHonojJdCXoedbCSk8H,6D7fgzpPZXtDB6Zqg3xRwfbohzerbytB2U5pFchnVuzw,outbound,USDC,EPjFWdd5AufqSSqeM2qN1xzybapC8G4wEGGkZwyTDt1v,100.34,100.34
Transfered,2022-03-23 10:16:02.000,36gyTKZBfoPH2CoNc1PeAyTDzK6qCfg5SLxxWfJRSnxTmmaUSyQkZSXeqYXiXjfh2XUp6PJMYys1svS14YzJvwKV,6D7fgzpPZXtDB6Zqg3xRwfbohzerbytB2U5pFchnVuzw,outbound,USDC,EPjFWdd5AufqSSqeM2qN1xzybapC8G4wEGGkZwyTDt1v,5844.87,5844.71
Transfered,2022-03-23 08:41:52.000,24jregEe2ZHvcrE8Urjrqh861ZaTCS3JAnkUBSNmdghu5BrDwUPuUJc6jxjy1YBaM4EKc1GJFqpbUbCQTFgRj7Q3,6D7fgzpPZXtDB6Zqg3xRwfbohzerbytB2U5pFchnVuzw,inbound,USDC,EPjFWdd5AufqSSqeM2qN1xzybapC8G4wEGGkZwyTDt1v,5312131.63,5311983.7
Transfered,2022-03-23 11:18:46.000,4Fptbtro9vFBLocRJ4rMfFUGm1jjUXUC1gUczm3MCtdDEgC8mgWn6X3iSKBjCTTzdcxv8W936jegZcdoyG4gctQa,6D7fgzpPZXtDB6Zqg3xRwfbohzerbytB2U5pFchnVuzw,outbound,USDC,EPjFWdd5AufqSSqeM2qN1xzybapC8G4wEGGkZwyTDt1v,100,100
Transfered,2022-03-23 10:39:16.000,5Nr3xd1hAxWewZ6WHKL3TuFHPwrE1LuC5zaE5mHQkFd7VMnzP94upuR38iBEQe6Ft1G82yi3YQK3Vbn1PE4GpE8v,6D7fgzpPZXtDB6Zqg3xRwfbohzerbytB2U5pFchnVuzw,outbound,USDC,EPjFWdd5AufqSSqeM2qN1xzybapC8G4wEGGkZwyTDt1v,837.49,837.47
Transfered,2022-03-23 11:39:46.000,FJbfbALjmcEEU4GSntpQ27sFh13XTGh8adj8Wfu8odvHY9BqRepmDy6soDPGVtzd6gFGycGj6TMbni8zyxGetFY,6D7fgzpPZXtDB6Zqg3xRwfbohzerbytB2U5pFchnVuzw,outbound,USDC,EPjFWdd5AufqSSqeM2qN1xzybapC8G4wEGGkZwyTDt1v,400.12,400.11
Transfered,2022-03-23 09:44:51.000,fixYmMxHA9Rufqn9541ozPvfTGTAzg4dNCeGDc372D7BWrmxW6ZkQ9Q69DNi2FNn4jHMvJ142eJ1smkzuiGsiia,6D7fgzpPZXtDB6Zqg3xRwfbohzerbytB2U5pFchnVuzw,outbound,USDC,EPjFWdd5AufqSSqeM2qN1xzybapC8G4wEGGkZwyTDt1v,109.76,109.76
Transfered,2022-03-23 10:18:16.000,2Sgi1FpGzorEjcNHvXAXEufT67cTLWKADK8zH4eCd61qNMNr39c1dmQG5tPwFt3MPv8i1oS6YYgAZFGPdJD9g5mh,6D7fgzpPZXtDB6Zqg3xRwfbohzerbytB2U5pFchnVuzw,outbound,USDC,EPjFWdd5AufqSSqeM2qN1xzybapC8G4wEGGkZwyTDt1v,3992,3991.89
Transfered,2022-03-23 10:37:16.000,2g564Xqpo6BbyyKvJgApC6L5ZrQ5yfZMgzrKhzmPd8E6YZWK5Y9AatsCpBEEJD69owv6TAxhzypwCuWbtS8XgtbG,6D7fgzpPZXtDB6Zqg3xRwfbohzerbytB2U5pFchnVuzw,outbound,USDC,EPjFWdd5AufqSSqeM2qN1xzybapC8G4wEGGkZwyTDt1v,1104.33,1104.3
Transfered,2022-03-23 09:47:22.000,2eEZca7cz5oGyUkUbABQdTBv9iRNsJEUVfew9f2fToqoUUgGBqGwMqenzrpTwEncuAnqWsTGWC7ko26ESdHCSmSS,6D7fgzpPZXtDB6Zqg3xRwfbohzerbytB2U5pFchnVuzw,outbound,USDC,EPjFWdd5AufqSSqeM2qN1xzybapC8G4wEGGkZwyTDt1v,106,106
Transfered,2022-03-23 10:48:27.000,57khDk6oQTfAcbihMtX9yDaDTkGgFMFe8Yqn9oUmv63TfCFM8MeWqzhvuLjSPfR7VUEmXvP17f9ZXsPkGGJGcTr3,6D7fgzpPZXtDB6Zqg3xRwfbohzerbytB2U5pFchnVuzw,outbound,USDC,EPjFWdd5AufqSSqeM2qN1xzybapC8G4wEGGkZwyTDt1v,199.49,199.49
Transfered,2022-03-23 10:15:15.000,4Lxrj8djm9e16wYYrTjJd6B6iyPHtxPViRLPBkRJdHUfCgc1VnfXj5Q1by79Uv4qmwb98fqdjjBYCWnx9S2GSEGQ,6D7fgzpPZXtDB6Zqg3xRwfbohzerbytB2U5pFchnVuzw,outbound,USDC,EPjFWdd5AufqSSqeM2qN1xzybapC8G4wEGGkZwyTDt1v,8455.31,8455.07
Transfered,2022-03-23 09:59:02.000,5szRNQDwDun6Tmv63UpAH8qSDxB5voDopwPheyG7bZQvh5w41b5NS43847jRnsZzyTABGQ1GayRwPtibgHcgAPjq,6D7fgzpPZXtDB6Zqg3xRwfbohzerbytB2U5pFchnVuzw,outbound,USDC,EPjFWdd5AufqSSqeM2qN1xzybapC8G4wEGGkZwyTDt1v,17777.77,17777.27
Transfered,2022-03-23 11:39:40.000,5YCcD4vGsv2JrLDepLsrt3nw2SWWJybnACwbUQTyQcj2Pc4T94FXjxC6853Lw9F6eamBWDu49iUFvFN8BxYCCRhP,6D7fgzpPZXtDB6Zqg3xRwfbohzerbytB2U5pFchnVuzw,outbound,USDC,EPjFWdd5AufqSSqeM2qN1xzybapC8G4wEGGkZwyTDt1v,425.92,425.91
Transfered,2022-03-23 10:41:35.000,554wtLJzxRaJHqkZFFRcG6ePGZC7HeU58JH93fgytC5r53uHKvZN61bfWp1StvKvCWEqdcGKp1mJYVCPCamy5Kco,6D7fgzpPZXtDB6Zqg3xRwfbohzerbytB2U5pFchnVuzw,outbound,USDC,EPjFWdd5AufqSSqeM2qN1xzybapC8G4wEGGkZwyTDt1v,468.6,468.59
Transfered,2022-03-23 11:41:40.000,phoz2VLrBqdCWhABiAfPhH5NEk7uzGx3FURBfGY42buiWpZCyhLjdDZZHqchz3rN1NsNK5pVKwnQ1WQHQX4Quwp,6D7fgzpPZXtDB6Zqg3xRwfbohzerbytB2U5pFchnVuzw,outbound,USDC,EPjFWdd5AufqSSqeM2qN1xzybapC8G4wEGGkZwyTDt1v,201.47,201.47
Transfered,2022-03-23 09:11:01.000,64KWNRoyJ8CUMaRMMKKUtYbt73koyhc7YLnKqc5KfsR3bnVSopuAt8rmTpfqPiKQhLU8Q4q8ShreSzDnzQPSi2uh,6D7fgzpPZXtDB6Zqg3xRwfbohzerbytB2U5pFchnVuzw,outbound,USDC,EPjFWdd5AufqSSqeM2qN1xzybapC8G4wEGGkZwyTDt1v,3480.69,3480.59
Transfered,2022-03-23 09:46:23.000,4RURTfN5y7aWBxgFxxgngt5yV48a5FCyZEkg9DrcW7jYn9KWkiCJoYZhn8iKRiFGeUGBdwsXuykGzrgQz5a6Pvas,6D7fgzpPZXtDB6Zqg3xRwfbohzerbytB2U5pFchnVuzw,outbound,USDC,EPjFWdd5AufqSSqeM2qN1xzybapC8G4wEGGkZwyTDt1v,106,106
Transfered,2022-03-23 09:09:42.000,4CgEPviZRua2faTAfJsgyJFfp4GAnjijLmww4bwJaQSVxENY5ZwLDCKZNhyoUkZAqyrxFDaQ38GVWzkYYdD5ZeGv,6D7fgzpPZXtDB6Zqg3xRwfbohzerbytB2U5pFchnVuzw,outbound,USDC,EPjFWdd5AufqSSqeM2qN1xzybapC8G4wEGGkZwyTDt1v,6630.03,6629.85
Transfered,2022-03-23 09:48:56.000,3WtVAifqJ2SEfuq6HpyaUALTT22xPqedfFkbKFfYBYp33uTZDfSspZp7pJnUE17hNmzjjT9ccyE1XnXyKZUpBUSs,6D7fgzpPZXtDB6Zqg3xRwfbohzerbytB2U5pFchnVuzw,outbound,USDC,EPjFWdd5AufqSSqeM2qN1xzybapC8G4wEGGkZwyTDt1v,104,104
Transfered,2022-03-23 10:46:12.000,3hcyR1ExNoQnSXBhJTCxebGoZoHV46qYkaQJwA1zWuXXrs59pEawESBws2KXZM1RdhzL2chdNTKH9MfHLjbBw7J1,6D7fgzpPZXtDB6Zqg3xRwfbohzerbytB2U5pFchnVuzw,outbound,USDC,EPjFWdd5AufqSSqeM2qN1xzybapC8G4wEGGkZwyTDt1v,205.19,205.19
Transfered,2022-03-23 10:47:20.000,31BimTFrZSzdUDEA5RvrfzTBEd3kfUYVNeqQmwmAqeMxQr1YkWRUgivkYKuZQWPkMvi7G8XoVhWRRbwgj17pbeuL,6D7fgzpPZXtDB6Zqg3xRwfbohzerbytB2U5pFchnVuzw,outbound,USDC,EPjFWdd5AufqSSqeM2qN1xzybapC8G4wEGGkZwyTDt1v,200,199.99
Transfered,2022-03-23 09:48:13.000,3wmcqHzakqpk1NpLFBmnTkYu2fu2xqnBr1BrTV8VHccS8EgmXHSnvPDN1FqjgTbriFeRVTd14ZkKEKoNHFgRKiTr,6D7fgzpPZXtDB6Zqg3xRwfbohzerbytB2U5pFchnVuzw,outbound,USDC,EPjFWdd5AufqSSqeM2qN1xzybapC8G4wEGGkZwyTDt1v,105.19,105.18
Transfered,2022-03-23 10:15:32.000,5EUxA1GMKq69A1NmexSAis7Q97xcBr4VYZugPdwrFRoY1KTYijSvReGgdyHDYzvpdWErXeLxdTCYKUDoKRP6FzpT,6D7fgzpPZXtDB6Zqg3xRwfbohzerbytB2U5pFchnVuzw,outbound,USDC,EPjFWdd5AufqSSqeM2qN1xzybapC8G4wEGGkZwyTDt1v,7000,6999.81
Transfered,2022-03-23 10:15:55.000,33Ghh5vLZvBdfW5LAw1sswijd7xFsskxNamNVRMm9dx237JwAN6qUqXKzc8f2DSvCdaxG8AcrUJtMRFjR6SyTnnH,6D7fgzpPZXtDB6Zqg3xRwfbohzerbytB2U5pFchnVuzw,outbound,USDC,EPjFWdd5AufqSSqeM2qN1xzybapC8G4wEGGkZwyTDt1v,5928.5,5928.33
Transfered,2022-03-23 09:15:37.000,2jWrGYNrtEkTsotsfWvTBgmeqGoJwsL56N7eekm4VShMXQVH1ZicVp9HqenJzGSs2G5YK6a5GLuCHTfr3N8Q4z7V,6D7fgzpPZXtDB6Zqg3xRwfbohzerbytB2U5pFchnVuzw,outbound,USDC,EPjFWdd5AufqSSqeM2qN1xzybapC8G4wEGGkZwyTDt1v,595.82,595.81
Transfered,2022-03-23 10:19:15.000,4hVEXiSWkFWR7fTVuX5V2f21RXQsXFPiRAZLxarpt9SWtqrq7THwRvMG69do2JTCz7KgqsFEQ9hw7Yo9VUJjMtSK,6D7fgzpPZXtDB6Zqg3xRwfbohzerbytB2U5pFchnVuzw,outbound,USDC,EPjFWdd5AufqSSqeM2qN1xzybapC8G4wEGGkZwyTDt1v,2769.45,2769.37
Transfered,2022-03-23 10:40:33.000,2QmL5jwEhYY1LBLuWxSGHkNPXJTQKdPvsDoYHDwBgRiiXNGGxHF9D8vjCKciY1yMRBVXmGNCBSNsiCwr4KJYxBGR,6D7fgzpPZXtDB6Zqg3xRwfbohzerbytB2U5pFchnVuzw,outbound,USDC,EPjFWdd5AufqSSqeM2qN1xzybapC8G4wEGGkZwyTDt1v,575.92,575.9
Transfered,2022-03-23 10:14:08.000,2hzE4k4nmmrSS4rCVMwRQYftZ9eWQCnXdafKg5mANQ7B9swfamMALb17bBbvJoJ6kwwDDEdDgKhQbQB8t3VgyHi,6D7fgzpPZXtDB6Zqg3xRwfbohzerbytB2U5pFchnVuzw,outbound,USDC,EPjFWdd5AufqSSqeM2qN1xzybapC8G4wEGGkZwyTDt1v,9958.33,9958.05
Transfered,2022-03-23 09:51:52.000,4gJ9S1P5vBygYXfrfDtMw1iYgxkYvMsPPmHqAp6PRkceMfFQXpzCG5BbPgRKaY9135VRABUBT9Afz2kE41PQyFoo,6D7fgzpPZXtDB6Zqg3xRwfbohzerbytB2U5pFchnVuzw,outbound,USDC,EPjFWdd5AufqSSqeM2qN1xzybapC8G4wEGGkZwyTDt1v,98944.13,98941.37
Transfered,2022-03-23 09:38:50.000,25HAdMeo81w2naweH9MqkMxaqRhjV7aLDifSKbe4DwSHAqWo5c95Q5kbYi3vdZkHuyiwTcaCnXo2Euf1Vcmh5Ady,6D7fgzpPZXtDB6Zqg3xRwfbohzerbytB2U5pFchnVuzw,outbound,USDC,EPjFWdd5AufqSSqeM2qN1xzybapC8G4wEGGkZwyTDt1v,304.36,304.35
Transfered,2022-03-23 11:33:43.000,2r6SfgQppJCDH16dbTBkcyBVAPw9dXQoiqUNtuCQ7aBZze2q118w9zp7UM1nFB4NzPSmdKX1CJJ71D8dU2JSF5Us,6D7fgzpPZXtDB6Zqg3xRwfbohzerbytB2U5pFchnVuzw,outbound,USDC,EPjFWdd5AufqSSqeM2qN1xzybapC8G4wEGGkZwyTDt1v,1638.48,1638.43
Transfered,2022-03-23 10:18:23.000,65M1U1yMehi9XWYVbnC2FYZQ8fj8pmnm1neyvj6Do5dLTG9ARanc8Ft7xmHGkfN3iQNhiDPNbSFvFcgscPrLtVnU,6D7fgzpPZXtDB6Zqg3xRwfbohzerbytB2U5pFchnVuzw,outbound,USDC,EPjFWdd5AufqSSqeM2qN1xzybapC8G4wEGGkZwyTDt1v,3911.44,3911.33
Transfered,2022-03-23 10:54:29.000,5wt45VXd8Hzp6oQwKXLeJuxK7CJAsUxEKVqh1QiYK26N5UkXatwFn9poaEPWmk1BBMM82qYjfSwUdJSxoRfXARtF,6D7fgzpPZXtDB6Zqg3xRwfbohzerbytB2U5pFchnVuzw,outbound,USDC,EPjFWdd5AufqSSqeM2qN1xzybapC8G4wEGGkZwyTDt1v,118.46,118.45
Transfered,2022-03-23 11:37:05.000,65vkBrhFRGAk5KfmYR4KkQgkmkzeBoYodBSrCPqtVr8J87iMkJG38JDn48n74apXKYMBbFesh3P1e9LwcqKXXAVZ,6D7fgzpPZXtDB6Zqg3xRwfbohzerbytB2U5pFchnVuzw,outbound,USDC,EPjFWdd5AufqSSqeM2qN1xzybapC8G4wEGGkZwyTDt1v,762.18,762.16
Transfered,2022-03-23 10:17:43.000,28uzVHgNEwP55bFTMaNsg47DfuP1QKmvydd3NVwfG4s6LsvKanEUjv8oA6hJLemhjbghbiYbaKgHYdK9qmNfm2Gc,6D7fgzpPZXtDB6Zqg3xRwfbohzerbytB2U5pFchnVuzw,outbound,USDC,EPjFWdd5AufqSSqeM2qN1xzybapC8G4wEGGkZwyTDt1v,4455.9,4455.78
Transfered,2022-03-23 09:45:01.000,Edyc2yg5J7UTp9cptFkwB1Ucov5b2isqWnv9dTTHzKrm9x4DVBNf3DZ52PQWHAmDNfi5JmqtZRf7bPhWTHF9W8z,6D7fgzpPZXtDB6Zqg3xRwfbohzerbytB2U5pFchnVuzw,outbound,USDC,EPjFWdd5AufqSSqeM2qN1xzybapC8G4wEGGkZwyTDt1v,108,108
Transfered,2022-03-23 10:51:44.000,rgUDHHnjvHXc4ggtVoNyouqUSMcYJ7EdGztoamgVx1W9diHsUKDZNjDErahLWPMTpghDoEv7MXernr12cDYkjyA,6D7fgzpPZXtDB6Zqg3xRwfbohzerbytB2U5pFchnVuzw,outbound,USDC,EPjFWdd5AufqSSqeM2qN1xzybapC8G4wEGGkZwyTDt1v,149.07,149.07
Transfered,2022-03-23 11:32:51.000,2Xpqy1wZBU87mUkhBeTBWcMccVnCWo3LBvJrRGxjN4zjQuWNyqEJ9GkS39w2sfYqzbPywZHM4rNcPtTwUn8ZaRVC,6D7fgzpPZXtDB6Zqg3xRwfbohzerbytB2U5pFchnVuzw,outbound,USDC,EPjFWdd5AufqSSqeM2qN1xzybapC8G4wEGGkZwyTDt1v,1996.59,1996.53
Transfered,2022-03-23 11:32:59.000,Gmu9LRTAHc8wYuZ1mk58J2uvp1RyHsA5kU1nuvJgNnsvEptVR4P5t2RfPxw7Gee5HxAByzRdN7JWxwnK1fiELgk,6D7fgzpPZXtDB6Zqg3xRwfbohzerbytB2U5pFchnVuzw,outbound,USDC,EPjFWdd5AufqSSqeM2qN1xzybapC8G4wEGGkZwyTDt1v,1996.48,1996.42
Transfered,2022-03-23 09:57:11.000,2si6t1YPLjiHU2uSAiQnugH4Ldttr6f1DXzhrbNqv3pdjp7jq9JTRsrnyVbz6YCqBoQ7prqbi7bA27vUMhv3aDgW,6D7fgzpPZXtDB6Zqg3xRwfbohzerbytB2U5pFchnVuzw,outbound,USDC,EPjFWdd5AufqSSqeM2qN1xzybapC8G4wEGGkZwyTDt1v,29183.29,29182.47
Transfered,2022-03-23 09:15:24.000,4PtT4apePxgp85RwygM9xZQxuFFM3Az83sB5RfSPUQNB1XgoPi5KWMsdRspD4v9uqwkSpYM72RmFVr9Ar9EWYLmN,6D7fgzpPZXtDB6Zqg3xRwfbohzerbytB2U5pFchnVuzw,outbound,USDC,EPjFWdd5AufqSSqeM2qN1xzybapC8G4wEGGkZwyTDt1v,755.44,755.42
Transfered,2022-03-23 11:37:24.000,4s39VmWGRJ2KtVdbrHh6tPqzJhD2G6vYavgBEocu9cVHyPH9geTFSZv7ZRE4QS4KgDWVR62czR7FeTHcw1jA2Jxp,6D7fgzpPZXtDB6Zqg3xRwfbohzerbytB2U5pFchnVuzw,outbound,USDC,EPjFWdd5AufqSSqeM2qN1xzybapC8G4wEGGkZwyTDt1v,757.69,757.67
Transfered,2022-03-23 11:43:30.000,642GfCcKemXatoJUpcHJHJhFu4zhmRZCKnaQJB8cpJhTEuFoy6oJcU2j5gD77gc26rp99xgqg6yBsPE8JuNsYYqs,6D7fgzpPZXtDB6Zqg3xRwfbohzerbytB2U5pFchnVuzw,outbound,USDC,EPjFWdd5AufqSSqeM2qN1xzybapC8G4wEGGkZwyTDt1v,104.67,104.66
Transfered,2022-03-23 09:54:26.000,2mBmdaDjHsmJeDMt3XxnHfHa7qos1hi43xudbJWopHw7Uj2xwGENUNWb9o4X7nGdJXmHVEV9hZz4NYWmLWL3qYeC,6D7fgzpPZXtDB6Zqg3xRwfbohzerbytB2U5pFchnVuzw,outbound,USDC,EPjFWdd5AufqSSqeM2qN1xzybapC8G4wEGGkZwyTDt1v,49130.68,49129.31
Transfered,2022-03-23 11:40:55.000,3hPvxsT1yY3qAS3JURnSoKWGJujZLzDea4Ppp9KjqzLrUmk4qkFagosx1rQs1GQYBNHTPAsAwWEaYcAvRs8CRBB6,6D7fgzpPZXtDB6Zqg3xRwfbohzerbytB2U5pFchnVuzw,outbound,USDC,EPjFWdd5AufqSSqeM2qN1xzybapC8G4wEGGkZwyTDt1v,285,284.99
Transfered,2022-03-23 09:53:47.000,ERYw2r2VpMR61qHvHGgLJEDFZsCK2iD8J9PzpprnfE9yy7qDDVNRhcyhjBQKtsVNvGvCr26FbyL5zBvTNSvjnzG,6D7fgzpPZXtDB6Zqg3xRwfbohzerbytB2U5pFchnVuzw,outbound,USDC,EPjFWdd5AufqSSqeM2qN1xzybapC8G4wEGGkZwyTDt1v,50165.96,50164.57
Transfered,2022-03-23 11:09:52.000,4DyDjwQiqaPU5Wf2uoFzHcs8Yd5432QMjLxSffSaiL1vYMZaiJRtKBVAZBLBLg7SohykAcNXQtWgCk3F8DUg7isj,6D7fgzpPZXtDB6Zqg3xRwfbohzerbytB2U5pFchnVuzw,outbound,USDC,EPjFWdd5AufqSSqeM2qN1xzybapC8G4wEGGkZwyTDt1v,102.77,102.76
Transfered,2022-03-23 09:54:37.000,5XXk8oTfYxPjWrnNdCu6jLcDjM5RozZzaiMZSrRgyGvksr7c3fF69HtRu2cpi1bZs2nFwfMym3fRszbNaYr6D4CN,6D7fgzpPZXtDB6Zqg3xRwfbohzerbytB2U5pFchnVuzw,outbound,USDC,EPjFWdd5AufqSSqeM2qN1xzybapC8G4wEGGkZwyTDt1v,44646.74,44645.49
Transfered,2022-03-23 09:38:19.000,54J5uhxfFxrwWDiZDooPMpyFrmLuyUvZxSgLDxSd63xbC8rXKo1GJVKvaAgFS5JMUaeCtFhCYEXmBy6TbFiZpEfg,6D7fgzpPZXtDB6Zqg3xRwfbohzerbytB2U5pFchnVuzw,outbound,USDC,EPjFWdd5AufqSSqeM2qN1xzybapC8G4wEGGkZwyTDt1v,320.8,320.79
Transfered,2022-03-23 09:40:13.000,4pPhgKCYn1traYy1Zsanc8xMAV4kaVWqSxeREs1XuTVHyqGYyH89cCpDHwTuT624HCwcJ8UG9pQPZgmdQs3Ze1cG,6D7fgzpPZXtDB6Zqg3xRwfbohzerbytB2U5pFchnVuzw,outbound,USDC,EPjFWdd5AufqSSqeM2qN1xzybapC8G4wEGGkZwyTDt1v,245.64,245.63
Transfered,2022-03-23 09:58:25.000,ydLZRSbZFxcAJted5fBQT4JRzEWc7a7Yr3Vu3i7N5HWodqi6v8ooYob9ZPmjpNnYCvSF9C3yPmduVY2vwVXQaVF,6D7fgzpPZXtDB6Zqg3xRwfbohzerbytB2U5pFchnVuzw,outbound,USDC,EPjFWdd5AufqSSqeM2qN1xzybapC8G4wEGGkZwyTDt1v,19765.9,19765.35
Transfered,2022-03-23 11:09:19.000,5z5SzggB6N4iQMXCZGNXoYCa8YHjxLYtfo5FnuioguKKUW7JH5Mhbhitp6CNv3aAj7okPuretYBfCcNJPs1rHVXw,6D7fgzpPZXtDB6Zqg3xRwfbohzerbytB2U5pFchnVuzw,outbound,USDC,EPjFWdd5AufqSSqeM2qN1xzybapC8G4wEGGkZwyTDt1v,104.5,104.49
Transfered,2022-03-23 11:16:21.000,5YCxz7V5SvADijwyVWj6sWMy1pNsgF71VVfT9sFnncBwm9dM6e4y9Modb7tHumhcULGwEPm6jqCTYhfTFNAieSrj,6D7fgzpPZXtDB6Zqg3xRwfbohzerbytB2U5pFchnVuzw,outbound,USDC,EPjFWdd5AufqSSqeM2qN1xzybapC8G4wEGGkZwyTDt1v,101.85,101.85
Transfered,2022-03-23 11:29:52.000,5PLnjNqjsvFGmaFWSdAyxET896e9sUPKzSjnmkGQZvcK4BcPnSfpnsPXvsMtCSYAu32dizkPb7ENUWk28wokQEAW,6D7fgzpPZXtDB6Zqg3xRwfbohzerbytB2U5pFchnVuzw,outbound,USDC,EPjFWdd5AufqSSqeM2qN1xzybapC8G4wEGGkZwyTDt1v,7610.57,7610.36
Transfered,2022-03-23 09:50:56.000,3wT9DmXgXpF39suTxjg9tdHvjpocPx9UJyAuRwAe8Perg33HBXR5wzQFWAZqChhQR3EpaqsAuuRbfBkt8qWRHZuf,6D7fgzpPZXtDB6Zqg3xRwfbohzerbytB2U5pFchnVuzw,outbound,USDC,EPjFWdd5AufqSSqeM2qN1xzybapC8G4wEGGkZwyTDt1v,100.51,100.51
Transfered,2022-03-23 09:43:09.000,WMAMUn22LG3Zipj4BC8sdc6jiYrxVsMM4csDidPNkwYUbshVvNxYa447HTrQVkHP8zy3VwfnX5d8pxS7vCddnHH,6D7fgzpPZXtDB6Zqg3xRwfbohzerbytB2U5pFchnVuzw,outbound,USDC,EPjFWdd5AufqSSqeM2qN1xzybapC8G4wEGGkZwyTDt1v,148.87,148.87
Transfered,2022-03-23 10:45:06.000,4jS6bsrET1Sedmq4mWHf8WFpkKsiP8SuZbLjcJHXf47fMUfCtbrsTx7x9odCaPwvA7AK6DDv8J5CNZ6evJmu6jDa,6D7fgzpPZXtDB6Zqg3xRwfbohzerbytB2U5pFchnVuzw,outbound,USDC,EPjFWdd5AufqSSqeM2qN1xzybapC8G4wEGGkZwyTDt1v,249.4,249.4
Transfered,2022-03-23 09:53:39.000,5LEZYQXgCRLZcPPjh7jbmFyA5mVEvwaTiJJ363epN25KRUAzvDPNi4ciwDaUkDYD643ZBqGCpbbZvF1zvmJeyimP,6D7fgzpPZXtDB6Zqg3xRwfbohzerbytB2U5pFchnVuzw,outbound,USDC,EPjFWdd5AufqSSqeM2qN1xzybapC8G4wEGGkZwyTDt1v,51658.97,51657.53
Transfered,2022-03-23 11:08:28.000,319fbM4Zhdj3XLRaHumvhbMdveWuUYGMfkkUYaEyMLhM9UrK9ZX6fjd45Qks6dFUZXUHwYifXRhgq8cgGAA58GAg,6D7fgzpPZXtDB6Zqg3xRwfbohzerbytB2U5pFchnVuzw,outbound,USDC,EPjFWdd5AufqSSqeM2qN1xzybapC8G4wEGGkZwyTDt1v,110.13,110.13
Transfered,2022-03-23 11:16:31.000,2Gfv2wAaECtUyQ222sj7HDgMVHG49BF8u8h31knUDXtJ3LMuNDKC4fyxoqGauKnoJCx6cFj5ED9NLZRjcSbFKaHG,6D7fgzpPZXtDB6Zqg3xRwfbohzerbytB2U5pFchnVuzw,outbound,USDC,EPjFWdd5AufqSSqeM2qN1xzybapC8G4wEGGkZwyTDt1v,101.65,101.65
Transfered,2022-03-23 10:38:13.000,2HjQeAwEdxMLFojmzxxrcT32vpCp632aEjRyo1Ekt91nQwK85AZJWRNCw6n8Q5Gh1hYeyiCVEhg3tLc4zAfvduhw,6D7fgzpPZXtDB6Zqg3xRwfbohzerbytB2U5pFchnVuzw,outbound,USDC,EPjFWdd5AufqSSqeM2qN1xzybapC8G4wEGGkZwyTDt1v,1000.34,1000.31
Transfered,2022-03-23 09:52:37.000,3JgeA559GJiGRJZVZeCfRtTiLpXB3MduhvXdez2ZDANRbNNGRQ3u1ehiADbYrASYQVT1NLs2u7Wyc33DuC5j2yzt,6D7fgzpPZXtDB6Zqg3xRwfbohzerbytB2U5pFchnVuzw,outbound,USDC,EPjFWdd5AufqSSqeM2qN1xzybapC8G4wEGGkZwyTDt1v,73392.96,73390.91
Transfered,2022-03-23 10:17:07.000,2xs9GgYPU9mJDsMf9CAsZszNSLgiYSwEeMWeazT1bKbSma5GTqjv2Rs7FWppqkznXxz9XG9oTVVTFdg9eEDcx5Bd,6D7fgzpPZXtDB6Zqg3xRwfbohzerbytB2U5pFchnVuzw,outbound,USDC,EPjFWdd5AufqSSqeM2qN1xzybapC8G4wEGGkZwyTDt1v,4940.07,4939.94
Transfered,2022-03-23 09:55:58.000,5J1UvtjfhMgzDQVJmcyfmpobfVxk5HbxCFeVpmRK7JpkHgFfQYcMkeNm65Yxg4Eeyut73kH4NxxdJfH9B5xQ3U5o,6D7fgzpPZXtDB6Zqg3xRwfbohzerbytB2U5pFchnVuzw,outbound,USDC,EPjFWdd5AufqSSqeM2qN1xzybapC8G4wEGGkZwyTDt1v,34693.86,34692.9
Transfered,2022-03-23 11:34:28.000,5zgdMfMqLqkUunRCCjfrr3FLEJTd3ZE4qfFKaWT1NfEHeNZgcqzp1bPMSCxGQYcqWh2mae1QUwCbmz1UG218Y4aL,6D7fgzpPZXtDB6Zqg3xRwfbohzerbytB2U5pFchnVuzw,outbound,USDC,EPjFWdd5AufqSSqeM2qN1xzybapC8G4wEGGkZwyTDt1v,1213.42,1213.39
Transfered,2022-03-23 10:49:10.000,2JDuDN5GkAAf8PeZF6TFbMo6uQzT4z4A1H6rDy28NLVaTwadi4aLrThWLMscq3HMa4muKsimFYhi4afB5wypqA8y,6D7fgzpPZXtDB6Zqg3xRwfbohzerbytB2U5pFchnVuzw,outbound,USDC,EPjFWdd5AufqSSqeM2qN1xzybapC8G4wEGGkZwyTDt1v,195.57,195.57
Transfered,2022-03-23 10:30:50.000,2nJjhXgcimw2cHyuFP8fQE2cBdYgDtBjsrp3aMYuMz6Ax9UJFRM1pnwizUSU4TXivceTPMsrUcXHQdLvgPLNDqvq,6D7fgzpPZXtDB6Zqg3xRwfbohzerbytB2U5pFchnVuzw,outbound,USDC,EPjFWdd5AufqSSqeM2qN1xzybapC8G4wEGGkZwyTDt1v,2087.33,2087.27
Transfered,2022-03-23 11:08:45.000,n35L2bFFugnMFsJK3ujycqhcLz1qcxn3fGSRMS2FxAECywyCusbHsS5pCbr3YtPQob8ERMpjiZ93wNRkVhR7zvD,6D7fgzpPZXtDB6Zqg3xRwfbohzerbytB2U5pFchnVuzw,outbound,USDC,EPjFWdd5AufqSSqeM2qN1xzybapC8G4wEGGkZwyTDt1v,108.69,108.69
Transfered,2022-03-23 10:53:18.000,2hcQ7F2o2LiHoZncFn5BBcf7CEka88CyJHQvPx7N5P23ksvf1auki6jfmjWVZMQAGcsMdkvni7XyzsYCxB5UJKah,6D7fgzpPZXtDB6Zqg3xRwfbohzerbytB2U5pFchnVuzw,outbound,USDC,EPjFWdd5AufqSSqeM2qN1xzybapC8G4wEGGkZwyTDt1v,124.24,124.24
Transfered,2022-03-23 09:11:24.000,39QbCL1onsZgBkUrmnX84HSNHpCjB5osH2pQuqJY5XiePuLwLtJDDs4rzQCtnw6Loa2scZXduj7bQiMDAMqUTqgv,6D7fgzpPZXtDB6Zqg3xRwfbohzerbytB2U5pFchnVuzw,outbound,USDC,EPjFWdd5AufqSSqeM2qN1xzybapC8G4wEGGkZwyTDt1v,3435.09,3434.99
Transfered,2022-03-23 10:43:47.000,4ZFn1uL5AfmPunBrLAGHubsLXEEPbKuqeWXRGc8ewuc71fcaWV8iqyJtUZ9ASrGmvnYdA1ynZ1tBtuGcdUPmLykn,6D7fgzpPZXtDB6Zqg3xRwfbohzerbytB2U5pFchnVuzw,outbound,USDC,EPjFWdd5AufqSSqeM2qN1xzybapC8G4wEGGkZwyTDt1v,299.38,299.37
Transfered,2022-03-23 10:31:29.000,4dcazzGZviXPP5nk9ke4zrZRfjfn1D1VtyumbDeDHL98bh3TkyhW4EZgUTr3mJ7SxEw5MTKhc2gp3mAgJwzGS4AU,6D7fgzpPZXtDB6Zqg3xRwfbohzerbytB2U5pFchnVuzw,outbound,USDC,EPjFWdd5AufqSSqeM2qN1xzybapC8G4wEGGkZwyTDt1v,1975.31,1975.25
Transfered,2022-03-23 10:49:27.000,3cRAsUA8uqYBaThowiaM8bV4DH52kjMGsDr5iH6v91qoHL8rKcHKMuJxG6dix69hxjU4tG5zWv429PiEeXJw7kPD,6D7fgzpPZXtDB6Zqg3xRwfbohzerbytB2U5pFchnVuzw,outbound,USDC,EPjFWdd5AufqSSqeM2qN1xzybapC8G4wEGGkZwyTDt1v,187.13,187.13
Transfered,2022-03-23 09:13:52.000,uMEc1eiFaXpZ3jGqdqZ6TjPkNvnD6276kDY9sWiAub61gpzqQh2YGQJB7pXjcFfmdtYf7LkACisjDCVaFDaVU6i,6D7fgzpPZXtDB6Zqg3xRwfbohzerbytB2U5pFchnVuzw,outbound,USDC,EPjFWdd5AufqSSqeM2qN1xzybapC8G4wEGGkZwyTDt1v,1017.35,1017.32
Transfered,2022-03-23 09:13:05.000,63SZE85ds6A1pLVCK9C7qXrNRh5Cz9TgkUdhU8DF4SQEPGigtAmh6oPqQ9yKTkhbwM5vadoeiYChPayB3tDZt98M,6D7fgzpPZXtDB6Zqg3xRwfbohzerbytB2U5pFchnVuzw,outbound,USDC,EPjFWdd5AufqSSqeM2qN1xzybapC8G4wEGGkZwyTDt1v,1181.1,1181.07
Transfered,2022-03-23 11:29:02.000,2Dv2TeDx5AeTGzwmjWuafhNkezyYmYCzxCvuNSRVYS1XPreB2vqbkjHiXgj7J6Z9nVcUxCK6NWZXjeyz2tYMPCUG,6D7fgzpPZXtDB6Zqg3xRwfbohzerbytB2U5pFchnVuzw,outbound,USDC,EPjFWdd5AufqSSqeM2qN1xzybapC8G4wEGGkZwyTDt1v,13147.26,13146.9
Transfered,2022-03-23 09:56:48.000,5k411GTA7Ryvh9dyPWSk9E9RpWT6X3BvMj2fH3ihGXGwrbgXLZRgCmGw3PmZNFjMHkc5NnqvP6yuXjNbqejRGL13,6D7fgzpPZXtDB6Zqg3xRwfbohzerbytB2U5pFchnVuzw,outbound,USDC,EPjFWdd5AufqSSqeM2qN1xzybapC8G4wEGGkZwyTDt1v,29843.6,29842.77
Transfered,2022-03-23 09:41:53.000,273dZK84pUDgSDznyoEJuTXdvS18jNay49WkcMzQnsMX5KP4cPvPEV9XPWxz3MNxqphCEgurCGYAJxtQDKHGwotV,6D7fgzpPZXtDB6Zqg3xRwfbohzerbytB2U5pFchnVuzw,outbound,USDC,EPjFWdd5AufqSSqeM2qN1xzybapC8G4wEGGkZwyTDt1v,185.51,185.51
Transfered,2022-03-23 09:57:31.000,39qT2zbyVfk7deeZe6tAMQALvpSG7pgnbk6gkztEwSKrGYtAEvyUTmdAEhhvzNnGhrwhsVGG9UhZMNb4BgAeFW5i,6D7fgzpPZXtDB6Zqg3xRwfbohzerbytB2U5pFchnVuzw,outbound,USDC,EPjFWdd5AufqSSqeM2qN1xzybapC8G4wEGGkZwyTDt1v,28905.72,28904.92
Transfered,2022-03-23 09:44:34.000,tcNDtBavQwm3CbUJTGyBvGCZ8E2V3ZG49SxJ7gb6CrcgZSvHsZ1cHGQLE3wVnCjcRPuzdXxgRss5vVLsFsgW9Ps,6D7fgzpPZXtDB6Zqg3xRwfbohzerbytB2U5pFchnVuzw,outbound,USDC,EPjFWdd5AufqSSqeM2qN1xzybapC8G4wEGGkZwyTDt1v,111.04,111.04
Transfered,2022-03-23 10:49:34.000,A5E6Hbp7VrRVUw2hRVFZbsEGrFdViYgGLV1Tku4cB2cPRdXjxKur5inGMmUNQg5Dme4qYSCYX5JzjsMkbU4WGwY,6D7fgzpPZXtDB6Zqg3xRwfbohzerbytB2U5pFchnVuzw,outbound,USDC,EPjFWdd5AufqSSqeM2qN1xzybapC8G4wEGGkZwyTDt1v,184.39,184.39
Transfered,2022-03-23 10:40:04.000,5aLqbiExKtdtr2smfQHFVjaYESQ6H22ZWrY1AJ67e2TpA3zxBbFBfs1FpP3yn3WW8viFsBDBVMA779HALBUepjes,6D7fgzpPZXtDB6Zqg3xRwfbohzerbytB2U5pFchnVuzw,outbound,USDC,EPjFWdd5AufqSSqeM2qN1xzybapC8G4wEGGkZwyTDt1v,608.72,608.7
Transfered,2022-03-23 10:52:48.000,4CUXN7gpZdyLwrtMt5tJ14AyGt9hVNPmvYt9Yah2rkzV9oMsEyKLvkP8NewcAZZYxb85TTChpNLv1honU6ME715R,6D7fgzpPZXtDB6Zqg3xRwfbohzerbytB2U5pFchnVuzw,outbound,USDC,EPjFWdd5AufqSSqeM2qN1xzybapC8G4wEGGkZwyTDt1v,129.36,129.36
Transfered,2022-03-23 11:35:06.000,4H6U2hMBrcahNPov4sSCReTTDLrwvREYBM3ozSAynosxxfSeQoiH9LTFV7LRQeY1pBB2eJhdyhL2iqibdAYY5gFv,6D7fgzpPZXtDB6Zqg3xRwfbohzerbytB2U5pFchnVuzw,outbound,USDC,EPjFWdd5AufqSSqeM2qN1xzybapC8G4wEGGkZwyTDt1v,1103.57,1103.54
Transfered,2022-03-23 07:24:32.000,3MgDweAEAibnU3B34hvMw2bXWq8yJiN8QEaPLaCd45bfXb28kYMSoAb74HLPZdYznqx3nveFwZEAAV4AuqdcpbQ2,6D7fgzpPZXtDB6Zqg3xRwfbohzerbytB2U5pFchnVuzw,outbound,USDC,EPjFWdd5AufqSSqeM2qN1xzybapC8G4wEGGkZwyTDt1v,8.99,8.99
Transfered,2022-03-23 10:44:44.000,fk24VyTGu5d8NgiWnFMrr6idNLnduSGDFWDnWxi8PbF8Hh7WiDbVbvGfj36iWoRs2f9SFWw576j8gXTKLydcuZ5,6D7fgzpPZXtDB6Zqg3xRwfbohzerbytB2U5pFchnVuzw,outbound,USDC,EPjFWdd5AufqSSqeM2qN1xzybapC8G4wEGGkZwyTDt1v,296.29,296.29
Transfered,2022-03-23 11:28:55.000,VHhSG3gW3tUH9ZNySqp9LAP1yGpSrmR8BiUjZMPeiSuRcbvpks6TikMJkcu7yoiSwyxxfCMfVc8mG9oURD53zoG,6D7fgzpPZXtDB6Zqg3xRwfbohzerbytB2U5pFchnVuzw,outbound,USDC,EPjFWdd5AufqSSqeM2qN1xzybapC8G4wEGGkZwyTDt1v,14928.67,14928.25
Transfered,2022-03-23 09:08:35.000,25pibFpSzJQ5ie5VyhZs88g31VmdwEFShLWfHUwMHrj5St62nKxnMMQmYYDUSLqPC9YQygyvP1JNBdBHM6FuNyMY,6D7fgzpPZXtDB6Zqg3xRwfbohzerbytB2U5pFchnVuzw,outbound,USDC,EPjFWdd5AufqSSqeM2qN1xzybapC8G4wEGGkZwyTDt1v,55980.05,55978.49
Transfered,2022-03-23 10:30:35.000,3f6A2ay7NNmT7NYQqsbjxKXTnYxhHP6VwLsBRV7CLnc9qigpEfeTFe3CtQQSS2vo4dRRd3AHkx7A6RVmoJG7DS3o,6D7fgzpPZXtDB6Zqg3xRwfbohzerbytB2U5pFchnVuzw,outbound,USDC,EPjFWdd5AufqSSqeM2qN1xzybapC8G4wEGGkZwyTDt1v,2198.99,2198.93
Transfered,2022-03-23 11:19:45.000,8DnPjFAFiRjW2wRChdW71uSPg4ckQh22p1Nrfx1cqTttbPTwcCmyCjQcj2LkgBEY3n4suZ171p6x6JiSuQLFcJ7,6D7fgzpPZXtDB6Zqg3xRwfbohzerbytB2U5pFchnVuzw,outbound,USDC,EPjFWdd5AufqSSqeM2qN1xzybapC8G4wEGGkZwyTDt1v,55233.66,55232.12
Transfered,2022-03-23 11:08:20.000,4JLRsFED6Lb3NL8CPQp24YbQZTEJ4YMH3RRmcZM6tNCusDsNbQEA7Rwnz5P9koQ5VM8V8NnMmndgdjsZiFtMiG75,6D7fgzpPZXtDB6Zqg3xRwfbohzerbytB2U5pFchnVuzw,outbound,USDC,EPjFWdd5AufqSSqeM2qN1xzybapC8G4wEGGkZwyTDt1v,110.49,110.49
Transfered,2022-03-23 10:49:52.000,2Bq22QcqDuTQVEt98gpF1tqcbhu73rnctYyfaXp8FGgE4mMwDhEkcTxoPGUBpR5ubU71t451hU7TVUjAryTJGSQa,6D7fgzpPZXtDB6Zqg3xRwfbohzerbytB2U5pFchnVuzw,outbound,USDC,EPjFWdd5AufqSSqeM2qN1xzybapC8G4wEGGkZwyTDt1v,179.59,179.59
Transfered,2022-03-23 11:29:43.000,5vGhLRAMc9qwatGEyBaC1iWF4QgZtM5h25EDs8CN9aHJ1EfzFCFaXumE83o6r4LJ8YptGrzWMiL8oRtj3UVJiJTB,6D7fgzpPZXtDB6Zqg3xRwfbohzerbytB2U5pFchnVuzw,outbound,USDC,EPjFWdd5AufqSSqeM2qN1xzybapC8G4wEGGkZwyTDt1v,7980.26,7980.04
Transfered,2022-03-23 09:32:13.000,3UhWVgN5F2zWbaE53avNyU4Rb2ju977m919eqdY71BomHc8ZtY7jyddvHKBvpovRWe3QUCvmyQYn7w7j1Lp4CSit,6D7fgzpPZXtDB6Zqg3xRwfbohzerbytB2U5pFchnVuzw,outbound,USDC,EPjFWdd5AufqSSqeM2qN1xzybapC8G4wEGGkZwyTDt1v,591.37,591.35
Transfered,2022-03-23 10:54:12.000,2exWnELd9m67zVfPomXbQ3kvCEgvrLdvx5NGi8wkgtHWbP6Jooskp26VJyKdjcAxCy4NzGeoaKBHLG9c28PpqHwY,6D7fgzpPZXtDB6Zqg3xRwfbohzerbytB2U5pFchnVuzw,outbound,USDC,EPjFWdd5AufqSSqeM2qN1xzybapC8G4wEGGkZwyTDt1v,119.03,119.03
Transfered,2022-03-23 11:34:46.000,4pmKgFsBoxEV5bgKGt1bNkrRT6fXLB6wiPu9wytUZf67Jt5Q8YddVuumRwBkU93PFVFdPWkqFemfETiC8JqqGBLx,6D7fgzpPZXtDB6Zqg3xRwfbohzerbytB2U5pFchnVuzw,outbound,USDC,EPjFWdd5AufqSSqeM2qN1xzybapC8G4wEGGkZwyTDt1v,1126.41,1126.38
Transfered,2022-03-23 10:43:37.000,3dWsvVypZuSJy2RgpMPbmmL4oU13YxEhWdKgccU5vD3b8xK4NKq9fJgSX93PMYt4PuaYbpVqVFqiEY6KQ1xkjSia,6D7fgzpPZXtDB6Zqg3xRwfbohzerbytB2U5pFchnVuzw,outbound,USDC,EPjFWdd5AufqSSqeM2qN1xzybapC8G4wEGGkZwyTDt1v,299.47,299.46
Transfered,2022-03-23 10:19:43.000,61nGK3FaQYMe6TMyrAKPzRgyZp8FUs3rjA4jqAzaPHLptGuUnoiNdV3AoexdS4HT6Y3VdjukPCPGXGGgmvkSucB8,6D7fgzpPZXtDB6Zqg3xRwfbohzerbytB2U5pFchnVuzw,outbound,USDC,EPjFWdd5AufqSSqeM2qN1xzybapC8G4wEGGkZwyTDt1v,2461.37,2461.3
Transfered,2022-03-23 09:42:02.000,2YZ5MMAQ8MFLeS1bkjpjPAMBMkWTD4EfjDa4EB9nasdozHPKEmzNeRQmSXn5rK4p94hZuBkLZYzemDWKhoqdfhHX,6D7fgzpPZXtDB6Zqg3xRwfbohzerbytB2U5pFchnVuzw,outbound,USDC,EPjFWdd5AufqSSqeM2qN1xzybapC8G4wEGGkZwyTDt1v,165,165
Transfered,2022-03-23 10:43:18.000,51hyYMwrGDrGuHkvzE1SH5sraCbwRYrj8U15516Pg93KJzasnHtcrM9Humpm9AJ7Q6ejnNc7DjeYxSWP8UpFzkop,6D7fgzpPZXtDB6Zqg3xRwfbohzerbytB2U5pFchnVuzw,outbound,USDC,EPjFWdd5AufqSSqeM2qN1xzybapC8G4wEGGkZwyTDt1v,325.89,325.88
Transfered,2022-03-23 10:46:54.000,5bWduuQ1soxC3yLCJ831VoEebqEPftVtuHv62FDUxLEfRFf7fSNfsRPxJwaojwTjLBnwf1pbfNnPKky4v4T555zi,6D7fgzpPZXtDB6Zqg3xRwfbohzerbytB2U5pFchnVuzw,outbound,USDC,EPjFWdd5AufqSSqeM2qN1xzybapC8G4wEGGkZwyTDt1v,202.03,202.02
Transfered,2022-03-23 09:54:47.000,5F2nZ5am1dNH6UjiC4t6VcQZrMNdzP64ytBhz4c9KVYPfNYwJY5AHaeUS8sw2aSpDjhyazTgPAZM1iFPCJNZiuQv,6D7fgzpPZXtDB6Zqg3xRwfbohzerbytB2U5pFchnVuzw,outbound,USDC,EPjFWdd5AufqSSqeM2qN1xzybapC8G4wEGGkZwyTDt1v,44092.19,44090.96
Transfered,2022-03-23 10:45:21.000,WJJ9EZD9uS3V9cfRxxZTRJgHt9ZYSXRuXH5YDrA4bN5qL7E3qZarfZ5JCM2PMemRV3M8NbgA2FVo5r628FoL3ub,6D7fgzpPZXtDB6Zqg3xRwfbohzerbytB2U5pFchnVuzw,outbound,USDC,EPjFWdd5AufqSSqeM2qN1xzybapC8G4wEGGkZwyTDt1v,224,223.99
Transfered,2022-03-23 10:40:51.000,3jBmbVzw5NA67vZe2UsH17UesjuqTY4zUkK8u8piUkMeeNJsQuWrGxxqALebvJE9JCYbKNCC5CsBYQa149KTTjMk,6D7fgzpPZXtDB6Zqg3xRwfbohzerbytB2U5pFchnVuzw,outbound,USDC,EPjFWdd5AufqSSqeM2qN1xzybapC8G4wEGGkZwyTDt1v,524.74,524.73
Transfered,2022-03-23 09:38:04.000,23atnhcQPwGUQ7A3cCZy2xmc6PH4dbZzAyAVwP9sGkySb9qw2mKrrXFh9GzsCxTr9DJmRXzpp8PtDZjjDKfdPgjJ,6D7fgzpPZXtDB6Zqg3xRwfbohzerbytB2U5pFchnVuzw,outbound,USDC,EPjFWdd5AufqSSqeM2qN1xzybapC8G4wEGGkZwyTDt1v,336.08,336.07
Transfered,2022-03-23 09:42:18.000,2WkhCWg7gySjLNvDBnXbGqqx8Ezsy9diRP1Lhmw4yMAziK96JPDa8Rx2NZq9FuzAK2vadQmmB579wdhdzoqt73WA,6D7fgzpPZXtDB6Zqg3xRwfbohzerbytB2U5pFchnVuzw,outbound,USDC,EPjFWdd5AufqSSqeM2qN1xzybapC8G4wEGGkZwyTDt1v,161.92,161.91
Transfered,2022-03-23 11:35:31.000,2VwcqwRBQFNaTY457BUdYVj4f5bP3fBERhfDtd2HsE7eeLpz7RmQY3K4tFPmDzXdmBuNhkoKmGQ6T63nSBzwtGug,6D7fgzpPZXtDB6Zqg3xRwfbohzerbytB2U5pFchnVuzw,outbound,USDC,EPjFWdd5AufqSSqeM2qN1xzybapC8G4wEGGkZwyTDt1v,1001.31,1001.28
Transfered,2022-03-23 11:34:59.000,3U2oXe5npBzNRktG1MWYZc99zjiUTLsxccAYhUQGcMvsCg971umutiYss19hrjwoBtTzT8Fqb2HGChsM1YtYhyQf,6D7fgzpPZXtDB6Zqg3xRwfbohzerbytB2U5pFchnVuzw,outbound,USDC,EPjFWdd5AufqSSqeM2qN1xzybapC8G4wEGGkZwyTDt1v,1120.98,1120.95
Transfered,2022-03-23 09:32:29.000,4iZtYF85zPSDtzhtYvvcZUipEScQwYYuHrncaZ8UA8c1ouW1MsjVSb9LpE3uFb8i4iboTZiz8knT2f5acm2ei8Q2,6D7fgzpPZXtDB6Zqg3xRwfbohzerbytB2U5pFchnVuzw,outbound,USDC,EPjFWdd5AufqSSqeM2qN1xzybapC8G4wEGGkZwyTDt1v,526.05,526.04
Transfered,2022-03-23 09:54:53.000,E35vBLrhb5taKjVfg7JSK7EHLadtAiFP46GR4fXpL6gfyhkSVgbePe6avGAZR5bVnaswwtuEJ7dtazykWLVL7De,6D7fgzpPZXtDB6Zqg3xRwfbohzerbytB2U5pFchnVuzw,outbound,USDC,EPjFWdd5AufqSSqeM2qN1xzybapC8G4wEGGkZwyTDt1v,43682.17,43680.96
Transfered,2022-03-23 10:39:24.000,3gbDL9AMpWm4d6uhck6b92ssSppJtEX1UxS45NT1z18NZ3qnGgKACcZ2fagcxXQNMG3BFk4p4V52DK2N72qdvLMC,6D7fgzpPZXtDB6Zqg3xRwfbohzerbytB2U5pFchnVuzw,outbound,USDC,EPjFWdd5AufqSSqeM2qN1xzybapC8G4wEGGkZwyTDt1v,754.27,754.25
Transfered,2022-03-23 10:47:02.000,43EDqxMbunvfGD5bJdv4foYTG7KLZa22Vo6opCq1ettY9ePjkg9C5FRMcVsL65MnYEp7U6eYRnGitDsjTXCX5GmS,6D7fgzpPZXtDB6Zqg3xRwfbohzerbytB2U5pFchnVuzw,outbound,USDC,EPjFWdd5AufqSSqeM2qN1xzybapC8G4wEGGkZwyTDt1v,201.47,201.47
Transfered,2022-03-23 10:48:18.000,qyHq4LH5er7xPD8peFtencaA9XVH5EGv1FFw1F7e2boAtjWS9R4UHVb4CU1CSRdSD33Pj6EW2qBxeopXAbkvVCc,6D7fgzpPZXtDB6Zqg3xRwfbohzerbytB2U5pFchnVuzw,outbound,USDC,EPjFWdd5AufqSSqeM2qN1xzybapC8G4wEGGkZwyTDt1v,199.5,199.5
Transfered,2022-03-23 10:52:20.000,2XeovKMiKEzo2mJqGVSJESvsUxJb6tpb9Z4C5h4NAt9EuJpB2vTqZzFRVEgkghjvfZLZhrh7mLXueeU59qbFZDmy,6D7fgzpPZXtDB6Zqg3xRwfbohzerbytB2U5pFchnVuzw,outbound,USDC,EPjFWdd5AufqSSqeM2qN1xzybapC8G4wEGGkZwyTDt1v,142.45,142.45
Transfered,2022-03-23 11:42:55.000,5M5j52kZdvfGSL9VsKCkU6hM5uoe6YYemepx4scHKSrRqyMtfxevthrNSwxCN1MW3kT9PBDUWgSBL4HasyLBs7T1,6D7fgzpPZXtDB6Zqg3xRwfbohzerbytB2U5pFchnVuzw,outbound,USDC,EPjFWdd5AufqSSqeM2qN1xzybapC8G4wEGGkZwyTDt1v,119.56,119.55
Transfered,2022-03-23 08:41:52.000,24jregEe2ZHvcrE8Urjrqh861ZaTCS3JAnkUBSNmdghu5BrDwUPuUJc6jxjy1YBaM4EKc1GJFqpbUbCQTFgRj7Q3,6D7fgzpPZXtDB6Zqg3xRwfbohzerbytB2U5pFchnVuzw,outbound,USDC,EPjFWdd5AufqSSqeM2qN1xzybapC8G4wEGGkZwyTDt1v,5312131.63,5311983.7
Transfered,2022-03-23 11:37:40.000,5c1zGJbGh2jaiGkNRpC3PwzBSBhiCsHFFTURVAV4NM4PJouvg2JZagpeW8TenrmFRyH26WnWG58ViTcBA238gsoA,6D7fgzpPZXtDB6Zqg3xRwfbohzerbytB2U5pFchnVuzw,outbound,USDC,EPjFWdd5AufqSSqeM2qN1xzybapC8G4wEGGkZwyTDt1v,691.3,691.28
Transfered,2022-03-23 08:36:25.000,WTrvHgxuaK3g9PZ6sF66dZmJ1PZMVfDFZ3XvrcBvgeppfSA5xJdDrd64WpaY4dk4PCxpZDmAirrUhEdbN61X1Nq,6D7fgzpPZXtDB6Zqg3xRwfbohzerbytB2U5pFchnVuzw,inbound,USDC,EPjFWdd5AufqSSqeM2qN1xzybapC8G4wEGGkZwyTDt1v,0.06,0.06
Transfered,2022-03-23 08:41:52.000,24jregEe2ZHvcrE8Urjrqh861ZaTCS3JAnkUBSNmdghu5BrDwUPuUJc6jxjy1YBaM4EKc1GJFqpbUbCQTFgRj7Q3,6D7fgzpPZXtDB6Zqg3xRwfbohzerbytB2U5pFchnVuzw,inbound,USDC,EPjFWdd5AufqSSqeM2qN1xzybapC8G4wEGGkZwyTDt1v,0.08,0.08
Transfered,2022-03-23 10:14:40.000,2DXSBPcDZQty4Y5QPx1bSAJL9y8E1Mkfaet3UfNmz5Gsxjz9vd29MYwaHXLYKKJ6idbEu6WxCpW6JH3qkKo1QrHk,6D7fgzpPZXtDB6Zqg3xRwfbohzerbytB2U5pFchnVuzw,outbound,USDC,EPjFWdd5AufqSSqeM2qN1xzybapC8G4wEGGkZwyTDt1v,9789.47,9789.2
Transfered,2022-03-23 09:48:38.000,25MzUswLD9fntW9hxmF14Y2t5678H6n46BSPps3s1HnzN8cMGZdN1pvsLjXobjzTfzTA6aabJLnB4Hamh76KAaUb,6D7fgzpPZXtDB6Zqg3xRwfbohzerbytB2U5pFchnVuzw,outbound,USDC,EPjFWdd5AufqSSqeM2qN1xzybapC8G4wEGGkZwyTDt1v,105,105
Transfered,2022-03-23 09:59:52.000,3NGSiet5tKEZsjrMAd6ohioC1EeDRJugbzE9RtGoTbhhSPj3ktihu9x3P3rdcxdjXXJ4yGZuxVC5U77oLiSmYAHk,6D7fgzpPZXtDB6Zqg3xRwfbohzerbytB2U5pFchnVuzw,outbound,USDC,EPjFWdd5AufqSSqeM2qN1xzybapC8G4wEGGkZwyTDt1v,14998.1,14997.68
Transfered,2022-03-23 09:37:40.000,3HAn3Li3wKss4zLkVvgpoJvCNSEGAMmfe94ZzoR4AJ1WndDA41E9UTRv28jyVW3YhY9tNNqqrEEtSyuwh1wCp6t3,6D7fgzpPZXtDB6Zqg3xRwfbohzerbytB2U5pFchnVuzw,outbound,USDC,EPjFWdd5AufqSSqeM2qN1xzybapC8G4wEGGkZwyTDt1v,368.81,368.8
Transfered,2022-03-23 10:37:38.000,2WrKAncqbHgACQjt3b6o1XSyDWgXEhzqSevCT464cTCuC9gXEq6xMa1CpXThMXA8K9XvPYQh9Mks9Ysg7QHzW5H7,6D7fgzpPZXtDB6Zqg3xRwfbohzerbytB2U5pFchnVuzw,outbound,USDC,EPjFWdd5AufqSSqeM2qN1xzybapC8G4wEGGkZwyTDt1v,1046.55,1046.52
Transfered,2022-03-23 10:52:02.000,322Wt9rqZGkbsBoCrHuTa6NDTraoPBmktPD9i1gbaVcXKT23pKYmvtPcVTrWLdkg7qXN5nRGBzbzfiHhuTYNN7fW,6D7fgzpPZXtDB6Zqg3xRwfbohzerbytB2U5pFchnVuzw,outbound,USDC,EPjFWdd5AufqSSqeM2qN1xzybapC8G4wEGGkZwyTDt1v,145.11,145.1
Transfered,2022-03-23 10:52:11.000,3CGdBT46yMAjrrypCqGpeEL5ddXeMshQJvd7quYDJrDhaaGv44SsnRkomNg3J7zt8HL6eTqwV3X25Ch9QLknRcZp,6D7fgzpPZXtDB6Zqg3xRwfbohzerbytB2U5pFchnVuzw,outbound,USDC,EPjFWdd5AufqSSqeM2qN1xzybapC8G4wEGGkZwyTDt1v,142.84,142.84
Transfered,2022-03-23 09:40:56.000,4FXHpg4bHZDX1tmRGZvSQLXPx1H3Hwukz94SGEmKeMk3Ay6SWEbpJ5MUWQKwPDAbXfKTSkUmsr8pkRUvkYNDmot7,6D7fgzpPZXtDB6Zqg3xRwfbohzerbytB2U5pFchnVuzw,outbound,USDC,EPjFWdd5AufqSSqeM2qN1xzybapC8G4wEGGkZwyTDt1v,200.07,200.06
Transfered,2022-03-23 09:52:03.000,HGE7WinaWxsuLaaEUUGZ2jmNt7rNqMrEgtxSpsUni9ksR8Pf9sqriQiPypNTXxi4FAf7EsJeNgxuxXPKiuAWT7f,6D7fgzpPZXtDB6Zqg3xRwfbohzerbytB2U5pFchnVuzw,outbound,USDC,EPjFWdd5AufqSSqeM2qN1xzybapC8G4wEGGkZwyTDt1v,98912.5,98909.74
Transfered,2022-03-23 11:40:40.000,2DAhAraw1BMt6D1BruAmqxqtdtwxvMy7xMVDR8LwKdiXVYTAzP21QP5kJ2fq9LvF6KZ4kV2PD8gMMSCvHHziNWC,6D7fgzpPZXtDB6Zqg3xRwfbohzerbytB2U5pFchnVuzw,outbound,USDC,EPjFWdd5AufqSSqeM2qN1xzybapC8G4wEGGkZwyTDt1v,299.4,299.39
Transfered,2022-03-23 11:30:42.000,3Gbr8p4KJuJGRtQvL7ecaF9A5fF47cULLtPdrZRagGwA4CH9a8qNFBXLNH2cF5GoaNd8ToLGeNNcVWxFvdhbK181,6D7fgzpPZXtDB6Zqg3xRwfbohzerbytB2U5pFchnVuzw,outbound,USDC,EPjFWdd5AufqSSqeM2qN1xzybapC8G4wEGGkZwyTDt1v,3884.3,3884.19
Transfered,2022-03-23 09:59:36.000,ysPB3t87MV9TVbQ1G55AKLodQgSqUmLEg2NM52iGucFMEgij3YUErAYUe5fT4sXXSDMFRBnzqp3jYy2JshApaLq,6D7fgzpPZXtDB6Zqg3xRwfbohzerbytB2U5pFchnVuzw,outbound,USDC,EPjFWdd5AufqSSqeM2qN1xzybapC8G4wEGGkZwyTDt1v,16112.33,16111.88
Transfered,2022-03-23 10:15:46.000,14Asa9Cq9yfpfLifZXc46GpKgV1tSN6PcjW4E7xGQ9Vq1muuSrCm2vkytgBtpPcvquYfZ2Ea3k5BZMztRGxKEEX,6D7fgzpPZXtDB6Zqg3xRwfbohzerbytB2U5pFchnVuzw,outbound,USDC,EPjFWdd5AufqSSqeM2qN1xzybapC8G4wEGGkZwyTDt1v,6300,6299.82
Transfered,2022-03-23 09:40:04.000,4xgakFaAW8bt9THq9VbSZcWvQX785AZzJnSWxHRJN8pLvuPqfgHCSw9RXoerGhZX4oi2WWxar68jqZq1Z8bAzkGP,6D7fgzpPZXtDB6Zqg3xRwfbohzerbytB2U5pFchnVuzw,outbound,USDC,EPjFWdd5AufqSSqeM2qN1xzybapC8G4wEGGkZwyTDt1v,251.57,251.56
Transfered,2022-03-23 09:10:52.000,2uDZ1JE3pr4EF4D4ucUPPS178W8FZgmphjZmBHRJczmAWRnHcyrcYoSkFYFBH1warwneqBmHTxfBbF2QgKRhfLNb,6D7fgzpPZXtDB6Zqg3xRwfbohzerbytB2U5pFchnVuzw,outbound,USDC,EPjFWdd5AufqSSqeM2qN1xzybapC8G4wEGGkZwyTDt1v,3538.49,3538.4
Transfered,2022-03-23 09:12:57.000,3Bk7nfYrHt3XATgcF1v5VKMJ77einnwTkqzMajzXmLP75p6yiJwAFHBSFr1b2Tqbo6DJTumv6JkK91mrgSLJHQWJ,6D7fgzpPZXtDB6Zqg3xRwfbohzerbytB2U5pFchnVuzw,outbound,USDC,EPjFWdd5AufqSSqeM2qN1xzybapC8G4wEGGkZwyTDt1v,1382.81,1382.78
Transfered,2022-03-23 11:40:47.000,2pevc7vNRD6utg51u1XTicu4wxrau16nLZ8Te1w7eniTpejqpt7refbxwEi3roJGaSBkUwut6XrWBW2t8YNN44eK,6D7fgzpPZXtDB6Zqg3xRwfbohzerbytB2U5pFchnVuzw,outbound,USDC,EPjFWdd5AufqSSqeM2qN1xzybapC8G4wEGGkZwyTDt1v,292.69,292.68
Transfered,2022-03-23 09:52:54.000,4ygTNmYA7QzHpdtPi5D4QET6Gq5YiuS8iTXfACmbxKogPnVbyUTZFm9SqPpN3vWdiSvRDB1UnRUTuH5hDPGQAfTP,6D7fgzpPZXtDB6Zqg3xRwfbohzerbytB2U5pFchnVuzw,outbound,USDC,EPjFWdd5AufqSSqeM2qN1xzybapC8G4wEGGkZwyTDt1v,67334.44,67332.57
Transfered,2022-03-23 11:23:41.000,4Tns884SsaybkxnjpnHcAP92Mmjz9fGeR6AgQr4mNoRdmsee8XLp47LUfB1Xn5om5D2zjkH3XLop865JSeALWFE1,6D7fgzpPZXtDB6Zqg3xRwfbohzerbytB2U5pFchnVuzw,outbound,USDC,EPjFWdd5AufqSSqeM2qN1xzybapC8G4wEGGkZwyTDt1v,19462.68,19462.14
Transfered,2022-03-23 11:38:46.000,41E4Q1ruy256wNBvqDrhybREVmDmhSDm5oaXmhx5h8N8HEJy3tafQdEzw4QE42XE6vLRFDAsTMLKmqcvE9aHz5G9,6D7fgzpPZXtDB6Zqg3xRwfbohzerbytB2U5pFchnVuzw,outbound,USDC,EPjFWdd5AufqSSqeM2qN1xzybapC8G4wEGGkZwyTDt1v,498.55,498.54
Transfered,2022-03-23 09:46:15.000,39gjUPGyAtbQ2XU4ytBmHwjJ7hVrdnTtL89Fvtkh1gPLUiD46zScM7TFWf5udW7FW6EZzkzvPVZNkPePW1Ymhgte,6D7fgzpPZXtDB6Zqg3xRwfbohzerbytB2U5pFchnVuzw,outbound,USDC,EPjFWdd5AufqSSqeM2qN1xzybapC8G4wEGGkZwyTDt1v,106,106
Transfered,2022-03-23 11:39:20.000,3wiN59Q5UNtJDgk9mzvGoyPGraR9NsaNL2Q9hUN8kmzzXtXR2psD9WEceMAPscLuHJT9UdbV3iAAMazgio7yANe8,6D7fgzpPZXtDB6Zqg3xRwfbohzerbytB2U5pFchnVuzw,outbound,USDC,EPjFWdd5AufqSSqeM2qN1xzybapC8G4wEGGkZwyTDt1v,428.13,428.12
Transfered,2022-03-23 10:44:36.000,5UksXoHS7KrybTS4QkWgRd5ZkZGwZqmJ99MvKUdjpfQkFQg6PTB446ZRPMQ3T6MAKZLRzJrja2YxSG4BjG3Avxx4,6D7fgzpPZXtDB6Zqg3xRwfbohzerbytB2U5pFchnVuzw,outbound,USDC,EPjFWdd5AufqSSqeM2qN1xzybapC8G4wEGGkZwyTDt1v,297.15,297.14
Transfered,2022-03-23 09:56:06.000,5N3WB24eg12uScvB3Zz2Ku1L7dEZ2nH2iEaqLJ8cvJKbEJ3EwjXyXo3AWhBp8pphvXvQjM7xKet9PniXLDLJAiLe,6D7fgzpPZXtDB6Zqg3xRwfbohzerbytB2U5pFchnVuzw,outbound,USDC,EPjFWdd5AufqSSqeM2qN1xzybapC8G4wEGGkZwyTDt1v,34525.23,34524.27
Transfered,2022-03-23 09:37:29.000,4o4SG1r4icPyiW7vAM7cdcMH3oQuXZnJGrGbrh3Dy3d6Qxcy4SJnX2hzmZhEgnPNHHY9QPmqUM2Aak7gTFLLGEQN,6D7fgzpPZXtDB6Zqg3xRwfbohzerbytB2U5pFchnVuzw,outbound,USDC,EPjFWdd5AufqSSqeM2qN1xzybapC8G4wEGGkZwyTDt1v,381.06,381.05
Transfered,2022-03-23 10:30:42.000,3BH9bxUz5re9onA98fMN9bCDrqbSc2J628puPttMWcLkLwy6EMdunsa1hVCJntrxvyrp7dREq8oWrsmAcT9i3vCz,6D7fgzpPZXtDB6Zqg3xRwfbohzerbytB2U5pFchnVuzw,outbound,USDC,EPjFWdd5AufqSSqeM2qN1xzybapC8G4wEGGkZwyTDt1v,2173.27,2173.21
Transfered,2022-03-23 10:45:39.000,3XFsNt1pzECSwTeV5WFZHG8s9zCKHUYUW9gQWi7vCUmLBEjD6ZGrAq9nowFEd3Z8xL7Str2BSKrTB6dG7R8ADQP5,6D7fgzpPZXtDB6Zqg3xRwfbohzerbytB2U5pFchnVuzw,outbound,USDC,EPjFWdd5AufqSSqeM2qN1xzybapC8G4wEGGkZwyTDt1v,214.01,214.01
Transfered,2022-03-23 11:41:51.000,4MsznerZxXiEbBYc7CY861PQeek7fLBxzYwJPpz47pp5ggDdcZJZbpTYQTVDVwn1uFvpEXpykpBX1VmiUArC6aef,6D7fgzpPZXtDB6Zqg3xRwfbohzerbytB2U5pFchnVuzw,outbound,USDC,EPjFWdd5AufqSSqeM2qN1xzybapC8G4wEGGkZwyTDt1v,200.92,200.92
Transfered,2022-03-23 09:10:28.000,4C6y5T72VHYtkLpCJnJUeMWD2tLnQvMv3X191Y3zkj5yGpe8ZGcCuhDwYfJmAQDCZbgEQVtVCsFR3asTu5SECWfv,6D7fgzpPZXtDB6Zqg3xRwfbohzerbytB2U5pFchnVuzw,outbound,USDC,EPjFWdd5AufqSSqeM2qN1xzybapC8G4wEGGkZwyTDt1v,4699.99,4699.86
Transfered,2022-03-23 08:52:43.000,5GNFSodeaQkWxRZ5Vfefmkk5vgAkA3prbnUQb8yPqsFAM9Xu8hjVUN7uDk6M4p1dvKKUrUUBHaSfvm2dBE29Nu19,6D7fgzpPZXtDB6Zqg3xRwfbohzerbytB2U5pFchnVuzw,outbound,USDC,EPjFWdd5AufqSSqeM2qN1xzybapC8G4wEGGkZwyTDt1v,68705.45,68703.53
Transfered,2022-03-23 09:39:12.000,kza1SLocALqFvBtSHZLc4wBbo2K369uqSprGDY7Q5CrpUDfXyucEUd9BQ4mSqvTkxwBHthCF3BKJgdQ61Ns7j2y,6D7fgzpPZXtDB6Zqg3xRwfbohzerbytB2U5pFchnVuzw,outbound,USDC,EPjFWdd5AufqSSqeM2qN1xzybapC8G4wEGGkZwyTDt1v,271.33,271.32
Transfered,2022-03-23 09:14:07.000,3puxPpyseYUrcXBojBHaVCemcoaJAzHUVEG6Yd2UEh8PGrGjXmkS1vagvvEXbLbyMBC5cFRPSZxsdNbspc87QXw3,6D7fgzpPZXtDB6Zqg3xRwfbohzerbytB2U5pFchnVuzw,outbound,USDC,EPjFWdd5AufqSSqeM2qN1xzybapC8G4wEGGkZwyTDt1v,995.84,995.82
Transfered,2022-03-23 10:26:36.000,57QNvyLqJPh3kQaR3FwdpCzytVQDoDhpfdUxbyaMrvSxrZ4RZyHuDi5jqxEXtHd3fBudbykMpi1tD91TUwyFWGss,6D7fgzpPZXtDB6Zqg3xRwfbohzerbytB2U5pFchnVuzw,outbound,USDC,EPjFWdd5AufqSSqeM2qN1xzybapC8G4wEGGkZwyTDt1v,2453.82,2453.75
Transfered,2022-03-23 09:38:57.000,2APUMmhUKodqDixJHegddSCQedjf3Ai9sQgD7aKQY3RrK3J13vu3pTeV2Upv93Gc6GkZQa6PA6wDF3z8bH1kVpsD,6D7fgzpPZXtDB6Zqg3xRwfbohzerbytB2U5pFchnVuzw,outbound,USDC,EPjFWdd5AufqSSqeM2qN1xzybapC8G4wEGGkZwyTDt1v,283.84,283.84
Transfered,2022-03-23 09:45:11.000,3tPHNMV8h6v9VKstWXaVNzhV1Y4zRXoxJAwGUC6hXCJ6KFL9q2xugeUuTcBbKSeYAr2FGatygtTzmb56A4DQxJNa,6D7fgzpPZXtDB6Zqg3xRwfbohzerbytB2U5pFchnVuzw,outbound,USDC,EPjFWdd5AufqSSqeM2qN1xzybapC8G4wEGGkZwyTDt1v,107,107
Transfered,2022-03-23 10:36:21.000,3taDTkAJC2Euoh9ZWBNh8Uv74MkWvA912wpceL6h6ZXDXaLYo8wXchsuWgxcJhGDPZTgENjNMokzyBTTu9GF9caW,6D7fgzpPZXtDB6Zqg3xRwfbohzerbytB2U5pFchnVuzw,outbound,USDC,EPjFWdd5AufqSSqeM2qN1xzybapC8G4wEGGkZwyTDt1v,1247.63,1247.6
Transfered,2022-03-23 11:36:56.000,KcpbPc7a5wJzcCyLEmXaSBBzuc9dg8dQnyNXHzS2aisPNxyN32vh2txFjxtj6Z6quLF2zEbzPJJYtAi15Xkcyw9,6D7fgzpPZXtDB6Zqg3xRwfbohzerbytB2U5pFchnVuzw,outbound,USDC,EPjFWdd5AufqSSqeM2qN1xzybapC8G4wEGGkZwyTDt1v,771.84,771.82
Transfered,2022-03-23 09:55:01.000,2ZuKrwB73wbrvCE9e2QXS7NYGxXFfCGtKHGSdDqmTTEZQNkJmqjgRykvWZWM9H5wxeYgPTiBKZD6nnHmxqbiiJbr,6D7fgzpPZXtDB6Zqg3xRwfbohzerbytB2U5pFchnVuzw,outbound,USDC,EPjFWdd5AufqSSqeM2qN1xzybapC8G4wEGGkZwyTDt1v,43654.46,43653.24
Transfered,2022-03-23 10:15:38.000,mQEc279TVjzS8STpJKKMEp1LJbiGzUJptJUUkrP1yYScZ2Jxkjq7NMzgUmy14rqRQvcDE3t25EKr4dcMQA7AgZX,6D7fgzpPZXtDB6Zqg3xRwfbohzerbytB2U5pFchnVuzw,outbound,USDC,EPjFWdd5AufqSSqeM2qN1xzybapC8G4wEGGkZwyTDt1v,6380.84,6380.67
Transfered,2022-03-23 11:28:38.000,2e4qV9dEbEt7pVFpedpbwNpmytCaWotd9y7goTfYJvTMd4jStG9j5HmmqSk8xALrug54hUhjmopgjTBfq6TL1C8z,6D7fgzpPZXtDB6Zqg3xRwfbohzerbytB2U5pFchnVuzw,outbound,USDC,EPjFWdd5AufqSSqeM2qN1xzybapC8G4wEGGkZwyTDt1v,15143.58,15143.16
Transfered,2022-03-23 10:51:07.000,3nV4M9AV9hguqKderEDavQpg7jPurANPwujTiJdK135gCqmLLDbLxWAmJ13NqM1s5yEPz1k9rBjSoVBSoxjEDPFT,6D7fgzpPZXtDB6Zqg3xRwfbohzerbytB2U5pFchnVuzw,outbound,USDC,EPjFWdd5AufqSSqeM2qN1xzybapC8G4wEGGkZwyTDt1v,151,151
Transfered,2022-03-23 09:12:14.000,23FRmaC4EAdFgt6MBusDiFXS5C1sTk4DwPg1QcW3KNAxhQVyRbkSk85xeV89T1peeWtCcsmYu2UtEhctS3Eh6kRg,6D7fgzpPZXtDB6Zqg3xRwfbohzerbytB2U5pFchnVuzw,outbound,USDC,EPjFWdd5AufqSSqeM2qN1xzybapC8G4wEGGkZwyTDt1v,1963.5,1963.45
Transfered,2022-03-23 10:17:53.000,gPbGuYW36x2xq9tXhi2q56Wyncc4GiCDbs92Kw94dPZK5E54fH8bPSxBdi3sTovRBrNcWH9ZLPkUAZFX28qnSg6,6D7fgzpPZXtDB6Zqg3xRwfbohzerbytB2U5pFchnVuzw,outbound,USDC,EPjFWdd5AufqSSqeM2qN1xzybapC8G4wEGGkZwyTDt1v,4436.04,4435.92
Transfered,2022-03-23 10:39:00.000,iuL14vAhe1qqtJu76Jx4jA55Y97Mg2FLciZ2vUjqZSs9QjsgVNVS8uhWcQ4UtE1jSAaW2Tn1zZkRmk1taTnuJ8R,6D7fgzpPZXtDB6Zqg3xRwfbohzerbytB2U5pFchnVuzw,outbound,USDC,EPjFWdd5AufqSSqeM2qN1xzybapC8G4wEGGkZwyTDt1v,992.75,992.72
Transfered,2022-03-23 11:31:49.000,51pXWosRw3k4yEbov6jEBUdgPhH2e2Wgkx5LwCwLQioVuhYNwoP3eHX32rrMmibUqwawTPxoutUyuumuVwG4N3BZ,6D7fgzpPZXtDB6Zqg3xRwfbohzerbytB2U5pFchnVuzw,outbound,USDC,EPjFWdd5AufqSSqeM2qN1xzybapC8G4wEGGkZwyTDt1v,2697.69,2697.61
Transfered,2022-03-23 09:51:35.000,WHMXiQzcTCnzwWrvJ84M9f9buiSePxbgRftzYHkKdJ5S371YJo6HLASpMuQKw51vZeCjuZUrqAaE8UNvLbmuaJc,6D7fgzpPZXtDB6Zqg3xRwfbohzerbytB2U5pFchnVuzw,outbound,USDC,EPjFWdd5AufqSSqeM2qN1xzybapC8G4wEGGkZwyTDt1v,98963.02,98960.26
Transfered,2022-03-23 09:39:56.000,4aa5PAupg8G6otwqbR5kznPn1yLzxUepeRXd1krrFtMds5Ug7UUwjQF5pEJmLK6s8444XUVPDbquJcq9ZkJ1P9K5,6D7fgzpPZXtDB6Zqg3xRwfbohzerbytB2U5pFchnVuzw,outbound,USDC,EPjFWdd5AufqSSqeM2qN1xzybapC8G4wEGGkZwyTDt1v,253.7,253.69
Transfered,2022-03-23 10:50:48.000,5SfgweaBDX77AUJNpFuycjWwEW5KNKH7zRJCBg4Fq8MPa25qooeEsyMAWgZNY6jYb6oHGa618K1kArDZtZET5cFK,6D7fgzpPZXtDB6Zqg3xRwfbohzerbytB2U5pFchnVuzw,outbound,USDC,EPjFWdd5AufqSSqeM2qN1xzybapC8G4wEGGkZwyTDt1v,159.55,159.54
Transfered,2022-03-23 10:19:36.000,4Bd81ag88UE7M8yGPfoZv7YQocotchBBVFRSse7mcgphVpDRcwSwrCJgr7KQzH66AbeQjRvXbY2tnqun1mqQNw8g,6D7fgzpPZXtDB6Zqg3xRwfbohzerbytB2U5pFchnVuzw,outbound,USDC,EPjFWdd5AufqSSqeM2qN1xzybapC8G4wEGGkZwyTDt1v,2613.06,2612.98
Transfered,2022-03-23 09:38:12.000,6238ACTrG1iG3fPCNbQAFmwLhhvYPLCkSmNdLP3mxNRy8wYWqfjEKEzFwjAw96ePmGVqpsgJLxXK418attJee6du,6D7fgzpPZXtDB6Zqg3xRwfbohzerbytB2U5pFchnVuzw,outbound,USDC,EPjFWdd5AufqSSqeM2qN1xzybapC8G4wEGGkZwyTDt1v,327.94,327.93
Transfered,2022-03-23 09:41:12.000,2AwBRXxanaqqj1kopb67gWDLAuThWsazM8apqGWwBvFQFcmaxPFh99ApP7GQrmx4KUsHUitjWD7HYYjw6ZUQ9pFi,6D7fgzpPZXtDB6Zqg3xRwfbohzerbytB2U5pFchnVuzw,outbound,USDC,EPjFWdd5AufqSSqeM2qN1xzybapC8G4wEGGkZwyTDt1v,199.99,199.98
Transfered,2022-03-23 09:15:31.000,2DoSTPf8bjEsyrKnnVTwLi99Cmp72b84989nKd1H7sS9gHSiQyANFxn9tLQz75af714nw2FG9zSKnPK2Cv9Vwxdq,6D7fgzpPZXtDB6Zqg3xRwfbohzerbytB2U5pFchnVuzw,outbound,USDC,EPjFWdd5AufqSSqeM2qN1xzybapC8G4wEGGkZwyTDt1v,744.72,744.7
Transfered,2022-03-23 10:50:26.000,XkZQv6wvrtYKi91jQfTxC7wHsq5oVwFPPaLuub4J3U59QxbU2GuEJS4UH18qWh2fLUNAZhJaC11ZiR9rVxdBTS5,6D7fgzpPZXtDB6Zqg3xRwfbohzerbytB2U5pFchnVuzw,outbound,USDC,EPjFWdd5AufqSSqeM2qN1xzybapC8G4wEGGkZwyTDt1v,160.51,160.51
Transfered,2022-03-23 09:51:06.000,G2HFcMh9J7F1VhwsYdk6Yk83TofiSZPfGaoEVZcmNm9Ag2WNA9aftTHvJ7DC8XeamUZSZq8HcwvBVi4Ve3qsd8C,6D7fgzpPZXtDB6Zqg3xRwfbohzerbytB2U5pFchnVuzw,outbound,USDC,EPjFWdd5AufqSSqeM2qN1xzybapC8G4wEGGkZwyTDt1v,100.13,100.13
Transfered,2022-03-23 10:31:20.000,wqMsrtHYb9JLye1RBWuaGRQsPsfdmvZmk885MoLw97caRccFEm2X1jm9C3guKA8woyrT4QX8dwaskRt9UenAPbk,6D7fgzpPZXtDB6Zqg3xRwfbohzerbytB2U5pFchnVuzw,outbound,USDC,EPjFWdd5AufqSSqeM2qN1xzybapC8G4wEGGkZwyTDt1v,1975.77,1975.72
Transfered,2022-03-23 09:41:45.000,WTdxgMAiJQh7eLkjWnU1NHR3MiBBzDbKPYsvFz4rrLUAR4uTmUwE1V8uW5zKvbKWbPQxu2XeWPMVLYCL1pW82vP,6D7fgzpPZXtDB6Zqg3xRwfbohzerbytB2U5pFchnVuzw,outbound,USDC,EPjFWdd5AufqSSqeM2qN1xzybapC8G4wEGGkZwyTDt1v,189.02,189.01
Transfered,2022-03-23 09:57:40.000,3M86DboKRKHMdnz79Myj9oLYgAgxC4S4yGZs9ZgBMJZ1PNP7FYh6nzUGR8b4qrqrabAB2MbFV4CPqjrT6pWuZJmH,6D7fgzpPZXtDB6Zqg3xRwfbohzerbytB2U5pFchnVuzw,outbound,USDC,EPjFWdd5AufqSSqeM2qN1xzybapC8G4wEGGkZwyTDt1v,26027.57,26026.85
Transfered,2022-03-19 05:55:34.000,54idhzDo66HSN1KcQu2JSLR8YCQ4r2m4YECpxXKqfLhHgJXeid5mCPoQHEKGyrB5T5tiC3k7SWwqYghvNPpnoXG3,6D7fgzpPZXtDB6Zqg3xRwfbohzerbytB2U5pFchnVuzw,outbound,SOL,So11111111111111111111111111111111111111112,0.1,9.12
Transfered,2022-03-23 08:48:22.000,5e5xdg9rf9upbq5yiYvNVVST1CpwuAcmVFCoTGJNcSUJSCjpH9ou9mtBzxM4FdBURxrTavBoNqKSnJsHrrq2fEoA,6D7fgzpPZXtDB6Zqg3xRwfbohzerbytB2U5pFchnVuzw,inbound,USDCET,A9mUU4qviSctJVPJdBJWkb28deg915LYJKrzQ19ji3FM,1591152.61,1591940.02
Transfered,2022-03-23 08:48:22.000,5e5xdg9rf9upbq5yiYvNVVST1CpwuAcmVFCoTGJNcSUJSCjpH9ou9mtBzxM4FdBURxrTavBoNqKSnJsHrrq2fEoA,6D7fgzpPZXtDB6Zqg3xRwfbohzerbytB2U5pFchnVuzw,inbound,USDCET,A9mUU4qviSctJVPJdBJWkb28deg915LYJKrzQ19ji3FM,6379012.81,6382169.56
Transfered,2022-03-23 11:50:55.000,3AWWgPV7z5pnV4oi1gNhepkoQEmazVJnUifU9e5hh4KpTKQLoyvFZfMLZ4ALYD39RUHaKnxwixaAoQZVjBmBQJZp,6D7fgzpPZXtDB6Zqg3xRwfbohzerbytB2U5pFchnVuzw,inbound,ETH,7vfCXTUXx5WJV5JADk17DUJ4ksgau7utNKj4b963voxs,155.6,463045.56
Transfered,2022-03-23 08:41:52.000,24jregEe2ZHvcrE8Urjrqh861ZaTCS3JAnkUBSNmdghu5BrDwUPuUJc6jxjy1YBaM4EKc1GJFqpbUbCQTFgRj7Q3,6D7fgzpPZXtDB6Zqg3xRwfbohzerbytB2U5pFchnVuzw,inbound,ETH,7vfCXTUXx5WJV5JADk17DUJ4ksgau7utNKj4b963voxs,1769.43,5265617.71
Transfered,2022-03-23 08:36:25.000,WTrvHgxuaK3g9PZ6sF66dZmJ1PZMVfDFZ3XvrcBvgeppfSA5xJdDrd64WpaY4dk4PCxpZDmAirrUhEdbN61X1Nq,6D7fgzpPZXtDB6Zqg3xRwfbohzerbytB2U5pFchnVuzw,inbound,ETH,7vfCXTUXx5WJV5JADk17DUJ4ksgau7utNKj4b963voxs,1848.94,5502232.37
Transfered,2022-03-23 08:36:25.000,WTrvHgxuaK3g9PZ6sF66dZmJ1PZMVfDFZ3XvrcBvgeppfSA5xJdDrd64WpaY4dk4PCxpZDmAirrUhEdbN61X1Nq,6D7fgzpPZXtDB6Zqg3xRwfbohzerbytB2U5pFchnVuzw,outbound,USDT,Es9vMFrzaCERmJfrF4H2FYD4KCoNkY11McCe8BenwNYB,5500000,5501715.34
Transfered,2022-03-23 08:41:52.000,24jregEe2ZHvcrE8Urjrqh861ZaTCS3JAnkUBSNmdghu5BrDwUPuUJc6jxjy1YBaM4EKc1GJFqpbUbCQTFgRj7Q3,6D7fgzpPZXtDB6Zqg3xRwfbohzerbytB2U5pFchnVuzw,outbound,USDT,Es9vMFrzaCERmJfrF4H2FYD4KCoNkY11McCe8BenwNYB,5314118.36,5315775.73
Transfered,2022-03-23 08:21:25.000,pjUgAeUfWaSSJuw2Cq1cQ9gHNWs8jkxJMtHqVAMuwhg3Uk9LN9Y2obfwt6Qm8bztg56xidWBMytzmqyWzvbsrwH,6D7fgzpPZXtDB6Zqg3xRwfbohzerbytB2U5pFchnVuzw,inbound,USDT,Es9vMFrzaCERmJfrF4H2FYD4KCoNkY11McCe8BenwNYB,10814118.36,10817491.07
Transfered,2022-03-19 05:55:34.000,54idhzDo66HSN1KcQu2JSLR8YCQ4r2m4YECpxXKqfLhHgJXeid5mCPoQHEKGyrB5T5tiC3k7SWwqYghvNPpnoXG3,6D7fgzpPZXtDB6Zqg3xRwfbohzerbytB2U5pFchnVuzw,outbound,UST,9vMJfxuKxXBoEa7rM12mYLMwTacLMLDJqHozw96WQL8i,8.95,8.98
Transfered,2022-03-19 05:55:34.000,54idhzDo66HSN1KcQu2JSLR8YCQ4r2m4YECpxXKqfLhHgJXeid5mCPoQHEKGyrB5T5tiC3k7SWwqYghvNPpnoXG3,6D7fgzpPZXtDB6Zqg3xRwfbohzerbytB2U5pFchnVuzw,inbound,UST,9vMJfxuKxXBoEa7rM12mYLMwTacLMLDJqHozw96WQL8i,8.95,8.98
Transfered,2022-03-19 05:55:34.000,54idhzDo66HSN1KcQu2JSLR8YCQ4r2m4YECpxXKqfLhHgJXeid5mCPoQHEKGyrB5T5tiC3k7SWwqYghvNPpnoXG3,6D7fgzpPZXtDB6Zqg3xRwfbohzerbytB2U5pFchnVuzw,inbound,CASH,CASHVDm2wsJXfhj6VWxb7GiMdoLc17Du7paH4bNr5woT,8.99,0.16
Transfered,2022-03-23 07:24:32.000,3MgDweAEAibnU3B34hvMw2bXWq8yJiN8QEaPLaCd45bfXb28kYMSoAb74HLPZdYznqx3nveFwZEAAV4AuqdcpbQ2,6D7fgzpPZXtDB6Zqg3xRwfbohzerbytB2U5pFchnVuzw,outbound,CASH,CASHVDm2wsJXfhj6VWxb7GiMdoLc17Du7paH4bNr5woT,8.99,0.16
Transfered,2022-03-23 08:21:41.000,3qeUYN3sjxxhZFTEGoDYEe4YNwqqQH8tpaa4UGdAqfVNWautK9fQ5JRoo4W1YKZ6ouVkk3sC51WQiwmxbpuinXm3,6D7fgzpPZXtDB6Zqg3xRwfbohzerbytB2U5pFchnVuzw,outbound,CASH,CASHVDm2wsJXfhj6VWxb7GiMdoLc17Du7paH4bNr5woT,986253434.96,17752561.83
Transfered,2022-03-23 08:21:41.000,3qeUYN3sjxxhZFTEGoDYEe4YNwqqQH8tpaa4UGdAqfVNWautK9fQ5JRoo4W1YKZ6ouVkk3sC51WQiwmxbpuinXm3,6D7fgzpPZXtDB6Zqg3xRwfbohzerbytB2U5pFchnVuzw,outbound,CASH,CASHVDm2wsJXfhj6VWxb7GiMdoLc17Du7paH4bNr5woT,986253434.96,17752561.83
Transfered,2022-03-23 10:36:05.000,4PYQqBDXHHGeugYdBi6c8HWSWaePwYwnM3J4cet69WYWF9PhfpEHNhV6kdmpCZ8zopegUpBZUJwmgpZ9kHk7vQpc,6D7fgzpPZXtDB6Zqg3xRwfbohzerbytB2U5pFchnVuzw,outbound,USDC,EPjFWdd5AufqSSqeM2qN1xzybapC8G4wEGGkZwyTDt1v,1472.89,1472.85
Transfered,2022-03-23 11:29:11.000,4GjMwvpKbvHugpkKkDCsiw9GALojfhgNLwV43Dkk7vem2eQ8JUmBzMtxSQn8MMk2AEpoBCPFn2vuGkTNTbSspogX,6D7fgzpPZXtDB6Zqg3xRwfbohzerbytB2U5pFchnVuzw,outbound,USDC,EPjFWdd5AufqSSqeM2qN1xzybapC8G4wEGGkZwyTDt1v,11917.88,11917.55
Transfered,2022-03-23 10:14:01.000,5WpDrZvU83R7AHTSvmpEhG6pQzo1cbSJh7B2uG6JVQgrcmZ85FLsEtWCmFTRY9N3SWNB4tpTauzs57WE4BDxdNeh,6D7fgzpPZXtDB6Zqg3xRwfbohzerbytB2U5pFchnVuzw,outbound,USDC,EPjFWdd5AufqSSqeM2qN1xzybapC8G4wEGGkZwyTDt1v,10000,9999.72
Transfered,2022-03-23 09:39:39.000,4A4eTvW44WuBrhUJeQAyxqQr1WiShAgjXr3t4E7eYD5goh8E1vgpDnjQ5LfXsYTHpEbDAE7q4ZLMw9wa2svTWNbM,6D7fgzpPZXtDB6Zqg3xRwfbohzerbytB2U5pFchnVuzw,outbound,USDC,EPjFWdd5AufqSSqeM2qN1xzybapC8G4wEGGkZwyTDt1v,255.87,255.87
Transfered,2022-03-23 11:09:45.000,3awCT99vVRizz3WRi4wCnSr6ecEEVCjzeMQooZVByfGkV23f6zfhCPF2oTXsEkUjScFfYZPq97sQWYPtaTHvzS2J,6D7fgzpPZXtDB6Zqg3xRwfbohzerbytB2U5pFchnVuzw,outbound,USDC,EPjFWdd5AufqSSqeM2qN1xzybapC8G4wEGGkZwyTDt1v,102.85,102.85
Transfered,2022-03-23 11:40:30.000,4uu2k4ZALEm3Dq8nVUWtqsDp41QYYWdVp4BpBhhkEdnCc8HBYFyiEYDMMkSfTbuhAK6ZEnNrkXte1VRvn2Xzc8oM,6D7fgzpPZXtDB6Zqg3xRwfbohzerbytB2U5pFchnVuzw,outbound,USDC,EPjFWdd5AufqSSqeM2qN1xzybapC8G4wEGGkZwyTDt1v,300.31,300.3
Transfered,2022-03-23 10:39:34.000,5F5KisLH8ks9yY7Jrw9oCTkjkrHQyNSYQSZXEA7kE9KA6JUsSDwbpBdmQE1pg9boN6HcQ7Nxwsbf1Bif3YjbeYkA,6D7fgzpPZXtDB6Zqg3xRwfbohzerbytB2U5pFchnVuzw,outbound,USDC,EPjFWdd5AufqSSqeM2qN1xzybapC8G4wEGGkZwyTDt1v,692.07,692.05
Transfered,2022-03-23 11:39:57.000,hk7qawtes2b8hu1b3KcHbPrSDvkNMffrKBduQP3wBcVAUpcxqRdxAbAdRjLD4GVPcyBGC9Gu4XARHsLeY6uEXhX,6D7fgzpPZXtDB6Zqg3xRwfbohzerbytB2U5pFchnVuzw,outbound,USDC,EPjFWdd5AufqSSqeM2qN1xzybapC8G4wEGGkZwyTDt1v,399.35,399.34
Transfered,2022-03-23 10:53:28.000,4zSsPMEewreH8CgCLk26q7PNDMzFvZv24YfJDAc3zEmPU9BSrsQxX14LsM3MrrVMFYbJ3uEBwTEgoSpCCkiFaJSF,6D7fgzpPZXtDB6Zqg3xRwfbohzerbytB2U5pFchnVuzw,outbound,USDC,EPjFWdd5AufqSSqeM2qN1xzybapC8G4wEGGkZwyTDt1v,124.1,124.1
Transfered,2022-03-23 09:53:10.000,4uwndR7KgSC2q6SyEExyjGWQur9oGd1yjMNGaijc38ueuMjQHprKJ7Bfsd4Vi3b7pcZ3ixDaX3mP5TWza5hm463h,6D7fgzpPZXtDB6Zqg3xRwfbohzerbytB2U5pFchnVuzw,outbound,USDC,EPjFWdd5AufqSSqeM2qN1xzybapC8G4wEGGkZwyTDt1v,61363.88,61362.17
Transfered,2022-03-23 09:41:36.000,52KuL9SZZcSnbgHvTYsQpPuF5DFHPYVjxuTKBXyTMUixPBpmDZSDF2GcM3spq26FkEBwnbuxDCNPtF4ww7oReE8Q,6D7fgzpPZXtDB6Zqg3xRwfbohzerbytB2U5pFchnVuzw,outbound,USDC,EPjFWdd5AufqSSqeM2qN1xzybapC8G4wEGGkZwyTDt1v,198.37,198.36
Transfered,2022-03-23 10:50:08.000,4CVZEP9GpvX2ykr7tkR2YXmGYnk4MdPnCpj4EyVUQ1yaAb4FBps3a1fUS6H1eCGomEpYZdYeUGrD2zQoPJQv43iL,6D7fgzpPZXtDB6Zqg3xRwfbohzerbytB2U5pFchnVuzw,outbound,USDC,EPjFWdd5AufqSSqeM2qN1xzybapC8G4wEGGkZwyTDt1v,175.08,175.07
Transfered,2022-03-23 09:09:35.000,5WyyexpJFEFPDwWhPjZe9DKRot3hmQpTPdD24ZvT83uzYSXiBmfecLUBZZ3WH9KLruVQzS6tYDjXnaLwxnFjeyFH,6D7fgzpPZXtDB6Zqg3xRwfbohzerbytB2U5pFchnVuzw,outbound,USDC,EPjFWdd5AufqSSqeM2qN1xzybapC8G4wEGGkZwyTDt1v,7621.34,7621.13
Transfered,2022-03-23 11:30:50.000,3b8xcwiHT4Y2Ar5ZRm13C5aDdopCtV9kfcqvJANWwJuNWEMTfRFe5sodu4JHFKv3iQZ3ssUvaG4K2PsRAqeJgcZJ,6D7fgzpPZXtDB6Zqg3xRwfbohzerbytB2U5pFchnVuzw,outbound,USDC,EPjFWdd5AufqSSqeM2qN1xzybapC8G4wEGGkZwyTDt1v,3118.14,3118.05
Transfered,2022-03-23 09:53:54.000,rrG6poxMQAzUbpbvx6imPSMLwFdmRWrWnHdj1HbcrnYbp4b6n6z8vQgUfN1RWcmA8iLwL3SZdhc9RVpgxgkgd7o,6D7fgzpPZXtDB6Zqg3xRwfbohzerbytB2U5pFchnVuzw,outbound,USDC,EPjFWdd5AufqSSqeM2qN1xzybapC8G4wEGGkZwyTDt1v,49499.77,49498.39
Transfered,2022-03-23 11:30:57.000,3UfNu6r9ZinPqfqJzezQeZuHbzazPUw4D85Ygbjoe4ZBFiB5EF6enj2tECZJ2VorXZ5NAcVArvB1SBDHeSkDQsP8,6D7fgzpPZXtDB6Zqg3xRwfbohzerbytB2U5pFchnVuzw,outbound,USDC,EPjFWdd5AufqSSqeM2qN1xzybapC8G4wEGGkZwyTDt1v,3114.41,3114.33
Transfered,2022-03-23 09:56:12.000,2TdD7h2rXLnYzjSYcQxdGSW5EoyrszkKwtGQK2MPBT3yUAPcHysksBG8Yx5fRwt3EXjwEtueweAfeT7EB9MAXUx6,6D7fgzpPZXtDB6Zqg3xRwfbohzerbytB2U5pFchnVuzw,outbound,USDC,EPjFWdd5AufqSSqeM2qN1xzybapC8G4wEGGkZwyTDt1v,30989.13,30988.27
Transfered,2022-03-23 11:06:25.000,2p1qWnhR5ouoVL1yG87JrgctKgrpgVcSeoqZbh6rScWw3d4QxNmNYtWMw2Ekkgs2noqKjs7SFATzJ5HPaiQkAvL7,6D7fgzpPZXtDB6Zqg3xRwfbohzerbytB2U5pFchnVuzw,outbound,USDC,EPjFWdd5AufqSSqeM2qN1xzybapC8G4wEGGkZwyTDt1v,117.46,117.46
Transfered,2022-03-23 10:00:51.000,4nFLcUTuSmamKMtq9A33CYKdTgtcLNo7r33VHvXC8VXpfsGC2UbQ8CZ2NroDBadKYYF7jui7S6XkTTFxZ7jMpnV7,6D7fgzpPZXtDB6Zqg3xRwfbohzerbytB2U5pFchnVuzw,outbound,USDC,EPjFWdd5AufqSSqeM2qN1xzybapC8G4wEGGkZwyTDt1v,12131.71,12131.38
Transfered,2022-03-23 10:46:30.000,dKeE25GCpqRhKcHhDza8th2nUFT8u53p6R6myoxE1eejtLXYgKvnFLwQR3FF9aKPX2s4jDvaieuxEU3Kb4deh5N,6D7fgzpPZXtDB6Zqg3xRwfbohzerbytB2U5pFchnVuzw,outbound,USDC,EPjFWdd5AufqSSqeM2qN1xzybapC8G4wEGGkZwyTDt1v,204.58,204.57
Transfered,2022-03-23 09:09:28.000,5eBavJnCMxLsL2RwJdMJGJRAyPuXhjKwZRWJrnX7tgYU2ecxo86ToAQsvTLjg5fewknV3cKVqcRFMNmWVWuLMdDm,6D7fgzpPZXtDB6Zqg3xRwfbohzerbytB2U5pFchnVuzw,outbound,USDC,EPjFWdd5AufqSSqeM2qN1xzybapC8G4wEGGkZwyTDt1v,8893.57,8893.32
Transfered,2022-03-23 09:42:28.000,2Nu2yjdWdJJPbQN9MxyZdfsVn1c6VwyQ2xjTHPmoEjCiB3GofhQsLKzGtM4TF5cGxBPnNTp417K5cbFsFtrHtKEz,6D7fgzpPZXtDB6Zqg3xRwfbohzerbytB2U5pFchnVuzw,outbound,USDC,EPjFWdd5AufqSSqeM2qN1xzybapC8G4wEGGkZwyTDt1v,161.69,161.68
Transfered,2022-03-23 11:33:55.000,idTWoxqyuujHocnA1eVQ23RxyedU8GWhCXJLUiP2ENdnChcRosotq55wqhj1M4SeueftH63bTs8cMQkRUdGmrPR,6D7fgzpPZXtDB6Zqg3xRwfbohzerbytB2U5pFchnVuzw,outbound,USDC,EPjFWdd5AufqSSqeM2qN1xzybapC8G4wEGGkZwyTDt1v,1626.36,1626.31
Transfered,2022-03-23 09:11:16.000,2cjaCiRj7JRNJtKhkDohBwEH262ndnyDvVBPUosAbxAr8fs3sDojpNbuFWqonWGQ6fZCUxLfioxKPZ9VbUA94V8d,6D7fgzpPZXtDB6Zqg3xRwfbohzerbytB2U5pFchnVuzw,outbound,USDC,EPjFWdd5AufqSSqeM2qN1xzybapC8G4wEGGkZwyTDt1v,3451.7,3451.6
Transfered,2022-03-23 11:17:09.000,PBY5aifDFg5NpCcsZCwvnhcuG26iXuGAMMcz5wDtrvufiRNTSGcjXrX57QDC9EQkyoKXnwgAwJM7tVN2cN9QsLx,6D7fgzpPZXtDB6Zqg3xRwfbohzerbytB2U5pFchnVuzw,outbound,USDC,EPjFWdd5AufqSSqeM2qN1xzybapC8G4wEGGkZwyTDt1v,100.88,100.88
Transfered,2022-03-23 11:43:24.000,2og5NqTdx7V2Tnm48QjQjBTvmsZmaqYvWhnKMX9KdWxwVVoJBQdUSdsUViCoi6qc3EywRFxkXXKVk1ufrtaMi2ZM,6D7fgzpPZXtDB6Zqg3xRwfbohzerbytB2U5pFchnVuzw,outbound,USDC,EPjFWdd5AufqSSqeM2qN1xzybapC8G4wEGGkZwyTDt1v,110.59,110.58
Transfered,2022-03-23 09:33:35.000,5eBWgdgsAiNNyqje1hJ6AJ8ZzXtg4CJoDaEv7yfPgMf9aiTvYZoi8AzBPkwf3JpdhGzvjuNDbs52mA7G6conVx5r,6D7fgzpPZXtDB6Zqg3xRwfbohzerbytB2U5pFchnVuzw,outbound,USDC,EPjFWdd5AufqSSqeM2qN1xzybapC8G4wEGGkZwyTDt1v,434.28,434.27
Transfered,2022-03-23 11:23:26.000,27sJfgG1AW1HsBZseWyM7jBvTttj773HsVHScaW5ULkpdmd31RM3XzVePYENZmaQPQ4ypcafaZBYQ5ExBowauYFE,6D7fgzpPZXtDB6Zqg3xRwfbohzerbytB2U5pFchnVuzw,outbound,USDC,EPjFWdd5AufqSSqeM2qN1xzybapC8G4wEGGkZwyTDt1v,26102.64,26101.91
Transfered,2022-03-23 09:49:47.000,5d8bSfToFHL8VTUVVUWXwa1FtmQ9bkNp2E9EtKZAJLK1ZT8ubZN1wXJddPKw8UvZXrJaET55M9qXYhMCfPQUWkgJ,6D7fgzpPZXtDB6Zqg3xRwfbohzerbytB2U5pFchnVuzw,outbound,USDC,EPjFWdd5AufqSSqeM2qN1xzybapC8G4wEGGkZwyTDt1v,103.02,103.02
Transfered,2022-03-23 11:06:49.000,4guKB3zRHJan8tFXxfnYiig3d8ZTxCkNMt2U8y63kKnG88eJuLanWdqCEcB7NVZmekgiT4Jb8pgGedXW9gXUyjUF,6D7fgzpPZXtDB6Zqg3xRwfbohzerbytB2U5pFchnVuzw,outbound,USDC,EPjFWdd5AufqSSqeM2qN1xzybapC8G4wEGGkZwyTDt1v,117.32,117.32
Transfered,2022-03-23 10:32:00.000,2HQfB1mY8FCpUq9Q1TP7Y1egCSBf4GtmqBjtkKBeUQscmHLf3BHQQtFB2r18xcGfAmkEwWpAnrgGruhaYXXLawiN,6D7fgzpPZXtDB6Zqg3xRwfbohzerbytB2U5pFchnVuzw,outbound,USDC,EPjFWdd5AufqSSqeM2qN1xzybapC8G4wEGGkZwyTDt1v,1849.9,1849.85
Transfered,2022-03-23 08:21:41.000,3qeUYN3sjxxhZFTEGoDYEe4YNwqqQH8tpaa4UGdAqfVNWautK9fQ5JRoo4W1YKZ6ouVkk3sC51WQiwmxbpuinXm3,6D7fgzpPZXtDB6Zqg3xRwfbohzerbytB2U5pFchnVuzw,inbound,USDC,EPjFWdd5AufqSSqeM2qN1xzybapC8G4wEGGkZwyTDt1v,17041006.5,17040531.98
Transfered,2022-03-23 09:59:44.000,4tZDwGnjsD3R1vnTFk4k8Li1FKKwvpki2ftTtdL7zHJUrhuPnsFe6LmACKemPJwG8XvMNkFvC41h7DfCwtmosQDV,6D7fgzpPZXtDB6Zqg3xRwfbohzerbytB2U5pFchnVuzw,outbound,USDC,EPjFWdd5AufqSSqeM2qN1xzybapC8G4wEGGkZwyTDt1v,15752.58,15752.14
Transfered,2022-03-23 10:39:08.000,497SANM33yufJZgxfgTpw2BAjENjXp7Ub1WjZZxDZddbMpcqXU6RShSQqoYD6hyfeHwLzWPVNh4mEkea2YFQXv36,6D7fgzpPZXtDB6Zqg3xRwfbohzerbytB2U5pFchnVuzw,outbound,USDC,EPjFWdd5AufqSSqeM2qN1xzybapC8G4wEGGkZwyTDt1v,849.52,849.5
Transfered,2022-03-23 11:08:36.000,5wPvSzUfguSg6fSno2aMf85tRMtM3BJ8b7cHVSg8HSYDC1e4FZ7Yanj73dC4wV8WisvV1JmZVM2ehXZeHoUHsMmH,6D7fgzpPZXtDB6Zqg3xRwfbohzerbytB2U5pFchnVuzw,outbound,USDC,EPjFWdd5AufqSSqeM2qN1xzybapC8G4wEGGkZwyTDt1v,109.36,109.35
Transfered,2022-03-23 10:18:08.000,3tca76Ajc5Sp3JzmeAKcJPH1L89dn7zvUko4BAQfEVtyz9eP5inD2mK4dSPVqqBW3pdsWLHQxUjVTJQVxtarRwMv,6D7fgzpPZXtDB6Zqg3xRwfbohzerbytB2U5pFchnVuzw,outbound,USDC,EPjFWdd5AufqSSqeM2qN1xzybapC8G4wEGGkZwyTDt1v,4288.74,4288.62
Transfered,2022-03-23 08:50:22.000,25BjMsxo2DazepN88z2nZofJEorkoHWcR63gVHEj8NFXoSRaEHfFh3ienh4jxGDMfuY5iTJxxARus5NaUbFv9dov,6D7fgzpPZXtDB6Zqg3xRwfbohzerbytB2U5pFchnVuzw,inbound,UST,9vMJfxuKxXBoEa7rM12mYLMwTacLMLDJqHozw96WQL8i,18500420.81,18558312.65
Transfered,2022-03-23 08:50:22.000,25BjMsxo2DazepN88z2nZofJEorkoHWcR63gVHEj8NFXoSRaEHfFh3ienh4jxGDMfuY5iTJxxARus5NaUbFv9dov,6D7fgzpPZXtDB6Zqg3xRwfbohzerbytB2U5pFchnVuzw,inbound,UST,9vMJfxuKxXBoEa7rM12mYLMwTacLMLDJqHozw96WQL8i,2049711.83,2056125.82
Transfered,2022-03-23 08:33:58.000,4YJCfHHKFu9wLhEoxrCu6DxZu1cZsrFVUK5w1Ns2DrMs8LTyWj7pBLciNMatE8X4cQopZNcehLt1pimkcLMWmqfu,6D7fgzpPZXtDB6Zqg3xRwfbohzerbytB2U5pFchnVuzw,inbound,UST,9vMJfxuKxXBoEa7rM12mYLMwTacLMLDJqHozw96WQL8i,199.33,199.95
Transfered,2022-03-23 08:33:58.000,4YJCfHHKFu9wLhEoxrCu6DxZu1cZsrFVUK5w1Ns2DrMs8LTyWj7pBLciNMatE8X4cQopZNcehLt1pimkcLMWmqfu,6D7fgzpPZXtDB6Zqg3xRwfbohzerbytB2U5pFchnVuzw,inbound,UST,9vMJfxuKxXBoEa7rM12mYLMwTacLMLDJqHozw96WQL8i,0.02,0.02
Transfered,2022-03-23 08:33:58.000,4YJCfHHKFu9wLhEoxrCu6DxZu1cZsrFVUK5w1Ns2DrMs8LTyWj7pBLciNMatE8X4cQopZNcehLt1pimkcLMWmqfu,6D7fgzpPZXtDB6Zqg3xRwfbohzerbytB2U5pFchnVuzw,outbound,UST,9vMJfxuKxXBoEa7rM12mYLMwTacLMLDJqHozw96WQL8i,199.33,199.95
Transfered,2022-03-23 08:21:41.000,3qeUYN3sjxxhZFTEGoDYEe4YNwqqQH8tpaa4UGdAqfVNWautK9fQ5JRoo4W1YKZ6ouVkk3sC51WQiwmxbpuinXm3,6D7fgzpPZXtDB6Zqg3xRwfbohzerbytB2U5pFchnVuzw,inbound,UST,9vMJfxuKxXBoEa7rM12mYLMwTacLMLDJqHozw96WQL8i,8646022.05,8673077.34
﻿