TIME_GAP,NARRATION,EVENT,BLOCK_TIMESTAMP,TX_ID,EXPLOITER,ROUTE,SYMBOL,AMOUNT,AMOUNT_USD
"null","null",Bridged,2022-03-18 10:45:45.000,CQfHQCK4CSvfiQUP4iMWxePgfHwC6KTpy9Cj9Y3RvPpkpVGejHWF2u8gBiCdskwuexxoH23MWRfHpFiU3VwHfUz,6D7fgzpPZXtDB6Zqg3xRwfbohzerbytB2U5pFchnVuzw,inbound,ETH,0.01,28.35
0,Exploiter Bridged 0.01ETH outbound worth 28.35USD 0 days later,Bridged,2022-03-18 10:50:08.000,5RVmCPfQoR8wNvtmVpoh8cfVn9Hp7FBNWiKscLQ3yWGvLCmaSWjawodXpvjnsTQrMjkQKaZyuipkjDhXHZNgyWtW,6D7fgzpPZXtDB6Zqg3xRwfbohzerbytB2U5pFchnVuzw,outbound,ETH,0.01,28.35
1,Exploiter Swapped 0.1SOL to 8.986511CASH worth 9.03USD 1 days later,Swapped,2022-03-19 05:55:34.000,54idhzDo66HSN1KcQu2JSLR8YCQ4r2m4YECpxXKqfLhHgJXeid5mCPoQHEKGyrB5T5tiC3k7SWwqYghvNPpnoXG3,6D7fgzpPZXtDB6Zqg3xRwfbohzerbytB2U5pFchnVuzw,to 8.986511CASH,SOL,0.1,9.03
0,Exploiter Transfered 8.95UST from 8ktsEvipmaW8y7PrWH3kGKTR4eBDgmUDUV8v2ginVvDS worth 8.98USD 0 days later,Transfered,2022-03-19 05:55:34.000,54idhzDo66HSN1KcQu2JSLR8YCQ4r2m4YECpxXKqfLhHgJXeid5mCPoQHEKGyrB5T5tiC3k7SWwqYghvNPpnoXG3,6D7fgzpPZXtDB6Zqg3xRwfbohzerbytB2U5pFchnVuzw,from 8ktsEvipmaW8y7PrWH3kGKTR4eBDgmUDUV8v2ginVvDS,UST,8.95,8.98
0,Exploiter Transfered 8.99CASH from 7K88AAbfSVHEZY87Ur3PrDhBYpwhKfTGxSWzMdh7XxUj worth 8.97USD 0 days later,Transfered,2022-03-19 05:55:34.000,54idhzDo66HSN1KcQu2JSLR8YCQ4r2m4YECpxXKqfLhHgJXeid5mCPoQHEKGyrB5T5tiC3k7SWwqYghvNPpnoXG3,6D7fgzpPZXtDB6Zqg3xRwfbohzerbytB2U5pFchnVuzw,from 7K88AAbfSVHEZY87Ur3PrDhBYpwhKfTGxSWzMdh7XxUj,CASH,8.99,8.97
0,Exploiter Transfered 8.95UST to 7K88AAbfSVHEZY87Ur3PrDhBYpwhKfTGxSWzMdh7XxUj worth 8.98USD 0 days later,Transfered,2022-03-19 05:55:34.000,54idhzDo66HSN1KcQu2JSLR8YCQ4r2m4YECpxXKqfLhHgJXeid5mCPoQHEKGyrB5T5tiC3k7SWwqYghvNPpnoXG3,6D7fgzpPZXtDB6Zqg3xRwfbohzerbytB2U5pFchnVuzw,to 7K88AAbfSVHEZY87Ur3PrDhBYpwhKfTGxSWzMdh7XxUj,UST,8.95,8.98
0,Exploiter Transfered 0.1SOL to 8ktsEvipmaW8y7PrWH3kGKTR4eBDgmUDUV8v2ginVvDS worth 9.12USD 0 days later,Transfered,2022-03-19 05:55:34.000,54idhzDo66HSN1KcQu2JSLR8YCQ4r2m4YECpxXKqfLhHgJXeid5mCPoQHEKGyrB5T5tiC3k7SWwqYghvNPpnoXG3,6D7fgzpPZXtDB6Zqg3xRwfbohzerbytB2U5pFchnVuzw,to 8ktsEvipmaW8y7PrWH3kGKTR4eBDgmUDUV8v2ginVvDS,SOL,0.1,9.12
0,Exploiter Transfered 8.99CASH to 4ofEvMGQ87LFQ9aNw6pCDocFytWBH8BYqL7MwDKfQt1U worth 3.37USD 0 minutes later,Transfered,2022-03-23 07:24:32.000,3MgDweAEAibnU3B34hvMw2bXWq8yJiN8QEaPLaCd45bfXb28kYMSoAb74HLPZdYznqx3nveFwZEAAV4AuqdcpbQ2,6D7fgzpPZXtDB6Zqg3xRwfbohzerbytB2U5pFchnVuzw,to 4ofEvMGQ87LFQ9aNw6pCDocFytWBH8BYqL7MwDKfQt1U,CASH,8.99,3.37
0,Exploiter Transfered 8.99USDC to HKJ6D9gssWAY8Zpkaf9MK3W8UEeuw4AHTMea9DFX68ip worth 8.99USD 0 minutes later,Transfered,2022-03-23 07:24:32.000,3MgDweAEAibnU3B34hvMw2bXWq8yJiN8QEaPLaCd45bfXb28kYMSoAb74HLPZdYznqx3nveFwZEAAV4AuqdcpbQ2,6D7fgzpPZXtDB6Zqg3xRwfbohzerbytB2U5pFchnVuzw,to HKJ6D9gssWAY8Zpkaf9MK3W8UEeuw4AHTMea9DFX68ip,USDC,8.99,8.99
5849,Exploiter Swapped 8.99CASH to 0.098338259SOL worth 8.98USD 5849 minutes later,Swapped,2022-03-23 07:24:32.000,3MgDweAEAibnU3B34hvMw2bXWq8yJiN8QEaPLaCd45bfXb28kYMSoAb74HLPZdYznqx3nveFwZEAAV4AuqdcpbQ2,6D7fgzpPZXtDB6Zqg3xRwfbohzerbytB2U5pFchnVuzw,to 0.098338259SOL,CASH,8.99,8.98
0,Exploiter Transfered 8.99USDC from 4ofEvMGQ87LFQ9aNw6pCDocFytWBH8BYqL7MwDKfQt1U worth 8.99USD 0 minutes later,Transfered,2022-03-23 07:24:32.000,3MgDweAEAibnU3B34hvMw2bXWq8yJiN8QEaPLaCd45bfXb28kYMSoAb74HLPZdYznqx3nveFwZEAAV4AuqdcpbQ2,6D7fgzpPZXtDB6Zqg3xRwfbohzerbytB2U5pFchnVuzw,from 4ofEvMGQ87LFQ9aNw6pCDocFytWBH8BYqL7MwDKfQt1U,USDC,8.99,8.99
57,Exploiter Transfered 10814118.36USDT from 5C1k9yV7y4CjMnKv8eGYDgWND8P89Pdfj79Trk2qmfGo worth 10817491.07USD 57 minutes later,Transfered,2022-03-23 08:21:25.000,pjUgAeUfWaSSJuw2Cq1cQ9gHNWs8jkxJMtHqVAMuwhg3Uk9LN9Y2obfwt6Qm8bztg56xidWBMytzmqyWzvbsrwH,6D7fgzpPZXtDB6Zqg3xRwfbohzerbytB2U5pFchnVuzw,from 5C1k9yV7y4CjMnKv8eGYDgWND8P89Pdfj79Trk2qmfGo,USDT,10814118.36,10817491.07
0,Exploiter Transfered 16405366.67USDC from 5C1k9yV7y4CjMnKv8eGYDgWND8P89Pdfj79Trk2qmfGo worth 16404909.84USD 0 minutes later,Transfered,2022-03-23 08:21:25.000,pjUgAeUfWaSSJuw2Cq1cQ9gHNWs8jkxJMtHqVAMuwhg3Uk9LN9Y2obfwt6Qm8bztg56xidWBMytzmqyWzvbsrwH,6D7fgzpPZXtDB6Zqg3xRwfbohzerbytB2U5pFchnVuzw,from 5C1k9yV7y4CjMnKv8eGYDgWND8P89Pdfj79Trk2qmfGo,USDC,16405366.67,16404909.84
0,Exploiter Transfered 986253434.96CASH to 4ofEvMGQ87LFQ9aNw6pCDocFytWBH8BYqL7MwDKfQt1U worth 369910478.49USD 0 minutes later,Transfered,2022-03-23 08:21:41.000,3qeUYN3sjxxhZFTEGoDYEe4YNwqqQH8tpaa4UGdAqfVNWautK9fQ5JRoo4W1YKZ6ouVkk3sC51WQiwmxbpuinXm3,6D7fgzpPZXtDB6Zqg3xRwfbohzerbytB2U5pFchnVuzw,to 4ofEvMGQ87LFQ9aNw6pCDocFytWBH8BYqL7MwDKfQt1U,CASH,986253434.96,369910478.49
0,Exploiter Swapped 986253434.96CASH to 17041006.502517USDC worth 985391449.46USD 0 minutes later,Swapped,2022-03-23 08:21:41.000,3qeUYN3sjxxhZFTEGoDYEe4YNwqqQH8tpaa4UGdAqfVNWautK9fQ5JRoo4W1YKZ6ouVkk3sC51WQiwmxbpuinXm3,6D7fgzpPZXtDB6Zqg3xRwfbohzerbytB2U5pFchnVuzw,to 17041006.502517USDC,CASH,986253434.96,985391449.46
0,Exploiter Transfered 8646022.05UST from 7K88AAbfSVHEZY87Ur3PrDhBYpwhKfTGxSWzMdh7XxUj worth 8673077.34USD 0 minutes later,Transfered,2022-03-23 08:21:41.000,3qeUYN3sjxxhZFTEGoDYEe4YNwqqQH8tpaa4UGdAqfVNWautK9fQ5JRoo4W1YKZ6ouVkk3sC51WQiwmxbpuinXm3,6D7fgzpPZXtDB6Zqg3xRwfbohzerbytB2U5pFchnVuzw,from 7K88AAbfSVHEZY87Ur3PrDhBYpwhKfTGxSWzMdh7XxUj,UST,8646022.05,8673077.34
0,Exploiter Transfered 17041006.5USDC from 4ofEvMGQ87LFQ9aNw6pCDocFytWBH8BYqL7MwDKfQt1U worth 17040531.98USD 0 minutes later,Transfered,2022-03-23 08:21:41.000,3qeUYN3sjxxhZFTEGoDYEe4YNwqqQH8tpaa4UGdAqfVNWautK9fQ5JRoo4W1YKZ6ouVkk3sC51WQiwmxbpuinXm3,6D7fgzpPZXtDB6Zqg3xRwfbohzerbytB2U5pFchnVuzw,from 4ofEvMGQ87LFQ9aNw6pCDocFytWBH8BYqL7MwDKfQt1U,USDC,17041006.5,17040531.98
0,Exploiter Transfered 986253434.96CASH to 7K88AAbfSVHEZY87Ur3PrDhBYpwhKfTGxSWzMdh7XxUj worth 369910478.49USD 0 minutes later,Transfered,2022-03-23 08:21:41.000,3qeUYN3sjxxhZFTEGoDYEe4YNwqqQH8tpaa4UGdAqfVNWautK9fQ5JRoo4W1YKZ6ouVkk3sC51WQiwmxbpuinXm3,6D7fgzpPZXtDB6Zqg3xRwfbohzerbytB2U5pFchnVuzw,to 7K88AAbfSVHEZY87Ur3PrDhBYpwhKfTGxSWzMdh7XxUj,CASH,986253434.96,369910478.49
0,Exploiter Transfered 199.33UST to 8ktsEvipmaW8y7PrWH3kGKTR4eBDgmUDUV8v2ginVvDS worth 199.95USD 0 minutes later,Transfered,2022-03-23 08:33:58.000,4YJCfHHKFu9wLhEoxrCu6DxZu1cZsrFVUK5w1Ns2DrMs8LTyWj7pBLciNMatE8X4cQopZNcehLt1pimkcLMWmqfu,6D7fgzpPZXtDB6Zqg3xRwfbohzerbytB2U5pFchnVuzw,to 8ktsEvipmaW8y7PrWH3kGKTR4eBDgmUDUV8v2ginVvDS,UST,199.33,199.95
0,Exploiter Transfered 0.02UST from 8ktsEvipmaW8y7PrWH3kGKTR4eBDgmUDUV8v2ginVvDS worth 0.02USD 0 minutes later,Transfered,2022-03-23 08:33:58.000,4YJCfHHKFu9wLhEoxrCu6DxZu1cZsrFVUK5w1Ns2DrMs8LTyWj7pBLciNMatE8X4cQopZNcehLt1pimkcLMWmqfu,6D7fgzpPZXtDB6Zqg3xRwfbohzerbytB2U5pFchnVuzw,from 8ktsEvipmaW8y7PrWH3kGKTR4eBDgmUDUV8v2ginVvDS,UST,0.02,0.02
0,Exploiter Transfered 200USDC to 44K7k9pjjKB6LcWZ1sJ7TvksR3sb4AXpBxwzF1pcEJ5n worth 199.99USD 0 minutes later,Transfered,2022-03-23 08:33:58.000,4YJCfHHKFu9wLhEoxrCu6DxZu1cZsrFVUK5w1Ns2DrMs8LTyWj7pBLciNMatE8X4cQopZNcehLt1pimkcLMWmqfu,6D7fgzpPZXtDB6Zqg3xRwfbohzerbytB2U5pFchnVuzw,to 44K7k9pjjKB6LcWZ1sJ7TvksR3sb4AXpBxwzF1pcEJ5n,USDC,200,199.99
12,Exploiter Swapped 200USDC to 2.188SOL worth 200.06USD 12 minutes later,Swapped,2022-03-23 08:33:58.000,4YJCfHHKFu9wLhEoxrCu6DxZu1cZsrFVUK5w1Ns2DrMs8LTyWj7pBLciNMatE8X4cQopZNcehLt1pimkcLMWmqfu,6D7fgzpPZXtDB6Zqg3xRwfbohzerbytB2U5pFchnVuzw,to 2.188SOL,USDC,200,200.06
0,Exploiter Transfered 199.33UST from 44K7k9pjjKB6LcWZ1sJ7TvksR3sb4AXpBxwzF1pcEJ5n worth 199.95USD 0 minutes later,Transfered,2022-03-23 08:33:58.000,4YJCfHHKFu9wLhEoxrCu6DxZu1cZsrFVUK5w1Ns2DrMs8LTyWj7pBLciNMatE8X4cQopZNcehLt1pimkcLMWmqfu,6D7fgzpPZXtDB6Zqg3xRwfbohzerbytB2U5pFchnVuzw,from 44K7k9pjjKB6LcWZ1sJ7TvksR3sb4AXpBxwzF1pcEJ5n,UST,199.33,199.95
3,Exploiter Transfered 5500000USDT to 5C1k9yV7y4CjMnKv8eGYDgWND8P89Pdfj79Trk2qmfGo worth 5501715.34USD 3 minutes later,Transfered,2022-03-23 08:36:25.000,WTrvHgxuaK3g9PZ6sF66dZmJ1PZMVfDFZ3XvrcBvgeppfSA5xJdDrd64WpaY4dk4PCxpZDmAirrUhEdbN61X1Nq,6D7fgzpPZXtDB6Zqg3xRwfbohzerbytB2U5pFchnVuzw,to 5C1k9yV7y4CjMnKv8eGYDgWND8P89Pdfj79Trk2qmfGo,USDT,5500000,5501715.34
0,Exploiter Transfered 1848.94ETH from FG3z1H2BBsf5ekEAxSc1K6DERuAuiXpSdUGkYecQrP5v worth 5502232.37USD 0 minutes later,Transfered,2022-03-23 08:36:25.000,WTrvHgxuaK3g9PZ6sF66dZmJ1PZMVfDFZ3XvrcBvgeppfSA5xJdDrd64WpaY4dk4PCxpZDmAirrUhEdbN61X1Nq,6D7fgzpPZXtDB6Zqg3xRwfbohzerbytB2U5pFchnVuzw,from FG3z1H2BBsf5ekEAxSc1K6DERuAuiXpSdUGkYecQrP5v,ETH,1848.94,5502232.37
0,Exploiter Transfered 5500299.79USDC from 5C1k9yV7y4CjMnKv8eGYDgWND8P89Pdfj79Trk2qmfGo worth 5500146.62USD 0 minutes later,Transfered,2022-03-23 08:36:25.000,WTrvHgxuaK3g9PZ6sF66dZmJ1PZMVfDFZ3XvrcBvgeppfSA5xJdDrd64WpaY4dk4PCxpZDmAirrUhEdbN61X1Nq,6D7fgzpPZXtDB6Zqg3xRwfbohzerbytB2U5pFchnVuzw,from 5C1k9yV7y4CjMnKv8eGYDgWND8P89Pdfj79Trk2qmfGo,USDC,5500299.79,5500146.62
0,Exploiter Transfered 0.06USDC from FG3z1H2BBsf5ekEAxSc1K6DERuAuiXpSdUGkYecQrP5v worth 0.06USD 0 minutes later,Transfered,2022-03-23 08:36:25.000,WTrvHgxuaK3g9PZ6sF66dZmJ1PZMVfDFZ3XvrcBvgeppfSA5xJdDrd64WpaY4dk4PCxpZDmAirrUhEdbN61X1Nq,6D7fgzpPZXtDB6Zqg3xRwfbohzerbytB2U5pFchnVuzw,from FG3z1H2BBsf5ekEAxSc1K6DERuAuiXpSdUGkYecQrP5v,USDC,0.06,0.06
0,Exploiter Swapped 5500000USDT to 1848.9425ETH worth 5503613.42USD 0 minutes later,Swapped,2022-03-23 08:36:25.000,WTrvHgxuaK3g9PZ6sF66dZmJ1PZMVfDFZ3XvrcBvgeppfSA5xJdDrd64WpaY4dk4PCxpZDmAirrUhEdbN61X1Nq,6D7fgzpPZXtDB6Zqg3xRwfbohzerbytB2U5pFchnVuzw,to 1848.9425ETH,USDT,5500000,5503613.42
0,Exploiter Transfered 5500299.79USDC to FG3z1H2BBsf5ekEAxSc1K6DERuAuiXpSdUGkYecQrP5v worth 5500146.62USD 0 minutes later,Transfered,2022-03-23 08:36:25.000,WTrvHgxuaK3g9PZ6sF66dZmJ1PZMVfDFZ3XvrcBvgeppfSA5xJdDrd64WpaY4dk4PCxpZDmAirrUhEdbN61X1Nq,6D7fgzpPZXtDB6Zqg3xRwfbohzerbytB2U5pFchnVuzw,to FG3z1H2BBsf5ekEAxSc1K6DERuAuiXpSdUGkYecQrP5v,USDC,5500299.79,5500146.62
0,Exploiter Transfered 5312131.63USDC to FG3z1H2BBsf5ekEAxSc1K6DERuAuiXpSdUGkYecQrP5v worth 5311983.7USD 0 minutes later,Transfered,2022-03-23 08:41:52.000,24jregEe2ZHvcrE8Urjrqh861ZaTCS3JAnkUBSNmdghu5BrDwUPuUJc6jxjy1YBaM4EKc1GJFqpbUbCQTFgRj7Q3,6D7fgzpPZXtDB6Zqg3xRwfbohzerbytB2U5pFchnVuzw,to FG3z1H2BBsf5ekEAxSc1K6DERuAuiXpSdUGkYecQrP5v,USDC,5312131.63,5311983.7
0,Exploiter Transfered 5314118.36USDT to 5C1k9yV7y4CjMnKv8eGYDgWND8P89Pdfj79Trk2qmfGo worth 5315775.73USD 0 minutes later,Transfered,2022-03-23 08:41:52.000,24jregEe2ZHvcrE8Urjrqh861ZaTCS3JAnkUBSNmdghu5BrDwUPuUJc6jxjy1YBaM4EKc1GJFqpbUbCQTFgRj7Q3,6D7fgzpPZXtDB6Zqg3xRwfbohzerbytB2U5pFchnVuzw,to 5C1k9yV7y4CjMnKv8eGYDgWND8P89Pdfj79Trk2qmfGo,USDT,5314118.36,5315775.73
5,Exploiter Swapped 5314118.36USDT to 1769.4317ETH worth 5317609.66USD 5 minutes later,Swapped,2022-03-23 08:41:52.000,24jregEe2ZHvcrE8Urjrqh861ZaTCS3JAnkUBSNmdghu5BrDwUPuUJc6jxjy1YBaM4EKc1GJFqpbUbCQTFgRj7Q3,6D7fgzpPZXtDB6Zqg3xRwfbohzerbytB2U5pFchnVuzw,to 1769.4317ETH,USDT,5314118.36,5317609.66
0,Exploiter Transfered 5312131.63USDC from 5C1k9yV7y4CjMnKv8eGYDgWND8P89Pdfj79Trk2qmfGo worth 5311983.7USD 0 minutes later,Transfered,2022-03-23 08:41:52.000,24jregEe2ZHvcrE8Urjrqh861ZaTCS3JAnkUBSNmdghu5BrDwUPuUJc6jxjy1YBaM4EKc1GJFqpbUbCQTFgRj7Q3,6D7fgzpPZXtDB6Zqg3xRwfbohzerbytB2U5pFchnVuzw,from 5C1k9yV7y4CjMnKv8eGYDgWND8P89Pdfj79Trk2qmfGo,USDC,5312131.63,5311983.7
0,Exploiter Transfered 0.08USDC from FG3z1H2BBsf5ekEAxSc1K6DERuAuiXpSdUGkYecQrP5v worth 0.08USD 0 minutes later,Transfered,2022-03-23 08:41:52.000,24jregEe2ZHvcrE8Urjrqh861ZaTCS3JAnkUBSNmdghu5BrDwUPuUJc6jxjy1YBaM4EKc1GJFqpbUbCQTFgRj7Q3,6D7fgzpPZXtDB6Zqg3xRwfbohzerbytB2U5pFchnVuzw,from FG3z1H2BBsf5ekEAxSc1K6DERuAuiXpSdUGkYecQrP5v,USDC,0.08,0.08
0,Exploiter Transfered 1769.43ETH from FG3z1H2BBsf5ekEAxSc1K6DERuAuiXpSdUGkYecQrP5v worth 5265617.71USD 0 minutes later,Transfered,2022-03-23 08:41:52.000,24jregEe2ZHvcrE8Urjrqh861ZaTCS3JAnkUBSNmdghu5BrDwUPuUJc6jxjy1YBaM4EKc1GJFqpbUbCQTFgRj7Q3,6D7fgzpPZXtDB6Zqg3xRwfbohzerbytB2U5pFchnVuzw,from FG3z1H2BBsf5ekEAxSc1K6DERuAuiXpSdUGkYecQrP5v,ETH,1769.43,5265617.71
2,Exploiter Bridged 1000ETH outbound worth 2975880.74USD 2 minutes later,Bridged,2022-03-23 08:43:29.000,2GzN7UubZ2ys8M8Ku3gikXiirzqUsSWxWTcVnCgE4HiNi5dS1jugizcR8UM8f4pCJ35nJ1ForuZqqhsb6jSQ7GgM,6D7fgzpPZXtDB6Zqg3xRwfbohzerbytB2U5pFchnVuzw,outbound,ETH,1000,2975880.74
2,Exploiter Bridged 2618.3742ETH outbound worth 7791969.35USD 2 minutes later,Bridged,2022-03-23 08:45:34.000,3Tayqm9Zi4GbdrsXpzoTjvm5E9yyUpnKgHCUSfxZFQ8npGLT56Lbr7vBE4i8m3CiqbkPEx5r6tpPFtcBrazqDB79,6D7fgzpPZXtDB6Zqg3xRwfbohzerbytB2U5pFchnVuzw,outbound,ETH,2618.3742,7791969.35
0,Exploiter Transfered 1600000USDC to 3m15qNJDM5zydsYNJzkFYXE7iGCVnkKz1mrmbawrDUAH worth 1599955.45USD 0 minutes later,Transfered,2022-03-23 08:48:22.000,5e5xdg9rf9upbq5yiYvNVVST1CpwuAcmVFCoTGJNcSUJSCjpH9ou9mtBzxM4FdBURxrTavBoNqKSnJsHrrq2fEoA,6D7fgzpPZXtDB6Zqg3xRwfbohzerbytB2U5pFchnVuzw,to 3m15qNJDM5zydsYNJzkFYXE7iGCVnkKz1mrmbawrDUAH,USDC,1600000,1599955.45
0,Exploiter Transfered 6379012.81USDCET from 7XFMgfxhDURuaPwhUkXAy6uQJCoC3HPpjiZBqcot57Ge worth 6382169.56USD 0 minutes later,Transfered,2022-03-23 08:48:22.000,5e5xdg9rf9upbq5yiYvNVVST1CpwuAcmVFCoTGJNcSUJSCjpH9ou9mtBzxM4FdBURxrTavBoNqKSnJsHrrq2fEoA,6D7fgzpPZXtDB6Zqg3xRwfbohzerbytB2U5pFchnVuzw,from 7XFMgfxhDURuaPwhUkXAy6uQJCoC3HPpjiZBqcot57Ge,USDCET,6379012.81,6382169.56
3,Exploiter Swapped 8000000USDC to 7970165.413595USDCET worth 8002222.82USD 3 minutes later,Swapped,2022-03-23 08:48:22.000,5e5xdg9rf9upbq5yiYvNVVST1CpwuAcmVFCoTGJNcSUJSCjpH9ou9mtBzxM4FdBURxrTavBoNqKSnJsHrrq2fEoA,6D7fgzpPZXtDB6Zqg3xRwfbohzerbytB2U5pFchnVuzw,to 7970165.413595USDCET,USDC,8000000,8002222.82
0,Exploiter Transfered 6400000USDC to 7XFMgfxhDURuaPwhUkXAy6uQJCoC3HPpjiZBqcot57Ge worth 6399821.78USD 0 minutes later,Transfered,2022-03-23 08:48:22.000,5e5xdg9rf9upbq5yiYvNVVST1CpwuAcmVFCoTGJNcSUJSCjpH9ou9mtBzxM4FdBURxrTavBoNqKSnJsHrrq2fEoA,6D7fgzpPZXtDB6Zqg3xRwfbohzerbytB2U5pFchnVuzw,to 7XFMgfxhDURuaPwhUkXAy6uQJCoC3HPpjiZBqcot57Ge,USDC,6400000,6399821.78
0,Exploiter Transfered 1591152.61USDCET from 3m15qNJDM5zydsYNJzkFYXE7iGCVnkKz1mrmbawrDUAH worth 1591940.02USD 0 minutes later,Transfered,2022-03-23 08:48:22.000,5e5xdg9rf9upbq5yiYvNVVST1CpwuAcmVFCoTGJNcSUJSCjpH9ou9mtBzxM4FdBURxrTavBoNqKSnJsHrrq2fEoA,6D7fgzpPZXtDB6Zqg3xRwfbohzerbytB2U5pFchnVuzw,from 3m15qNJDM5zydsYNJzkFYXE7iGCVnkKz1mrmbawrDUAH,USDCET,1591152.61,1591940.02
1,Exploiter Bridged 7970165.413595USDCET outbound worth 7974109.58USD 1 minutes later,Bridged,2022-03-23 08:49:05.000,4c2QikegVxSNxPLzYnzugcxk2FSsLrRgHKeRnWS1spNUG3Bwwnz9xUL8eAjgbn7bahYLGgnnqbFR4RFHeWst3DSv,6D7fgzpPZXtDB6Zqg3xRwfbohzerbytB2U5pFchnVuzw,outbound,USDCET,7970165.413595,7974109.58
0,Exploiter Swapped 21000000USDC to 20550132.633219UST worth 21005834.9USD 0 minutes later,Swapped,2022-03-23 08:50:22.000,25BjMsxo2DazepN88z2nZofJEorkoHWcR63gVHEj8NFXoSRaEHfFh3ienh4jxGDMfuY5iTJxxARus5NaUbFv9dov,6D7fgzpPZXtDB6Zqg3xRwfbohzerbytB2U5pFchnVuzw,to 20550132.633219UST,USDC,21000000,21005834.9
0,Exploiter Transfered 2049711.83UST from EtdLVaBnKzfKPqp8E2swCyQcjp8XjoT5FE72kqGxWCkq worth 2056125.82USD 0 minutes later,Transfered,2022-03-23 08:50:22.000,25BjMsxo2DazepN88z2nZofJEorkoHWcR63gVHEj8NFXoSRaEHfFh3ienh4jxGDMfuY5iTJxxARus5NaUbFv9dov,6D7fgzpPZXtDB6Zqg3xRwfbohzerbytB2U5pFchnVuzw,from EtdLVaBnKzfKPqp8E2swCyQcjp8XjoT5FE72kqGxWCkq,UST,2049711.83,2056125.82
1,Exploiter Transfered 18500420.81UST from 9osV5a7FXEjuMujxZJGBRXVAyQ5fJfBFNkyAf6fSz9kw worth 18558312.65USD 1 minutes later,Transfered,2022-03-23 08:50:22.000,25BjMsxo2DazepN88z2nZofJEorkoHWcR63gVHEj8NFXoSRaEHfFh3ienh4jxGDMfuY5iTJxxARus5NaUbFv9dov,6D7fgzpPZXtDB6Zqg3xRwfbohzerbytB2U5pFchnVuzw,from 9osV5a7FXEjuMujxZJGBRXVAyQ5fJfBFNkyAf6fSz9kw,UST,18500420.81,18558312.65
0,Exploiter Transfered 2100000USDC to EtdLVaBnKzfKPqp8E2swCyQcjp8XjoT5FE72kqGxWCkq worth 2099941.52USD 0 minutes later,Transfered,2022-03-23 08:50:22.000,25BjMsxo2DazepN88z2nZofJEorkoHWcR63gVHEj8NFXoSRaEHfFh3ienh4jxGDMfuY5iTJxxARus5NaUbFv9dov,6D7fgzpPZXtDB6Zqg3xRwfbohzerbytB2U5pFchnVuzw,to EtdLVaBnKzfKPqp8E2swCyQcjp8XjoT5FE72kqGxWCkq,USDC,2100000,2099941.52
0,Exploiter Transfered 18900000USDC to 9osV5a7FXEjuMujxZJGBRXVAyQ5fJfBFNkyAf6fSz9kw worth 18899473.71USD 0 minutes later,Transfered,2022-03-23 08:50:22.000,25BjMsxo2DazepN88z2nZofJEorkoHWcR63gVHEj8NFXoSRaEHfFh3ienh4jxGDMfuY5iTJxxARus5NaUbFv9dov,6D7fgzpPZXtDB6Zqg3xRwfbohzerbytB2U5pFchnVuzw,to 9osV5a7FXEjuMujxZJGBRXVAyQ5fJfBFNkyAf6fSz9kw,USDC,18900000,18899473.71
2,Exploiter Bridged 29196154.704281UST outbound worth 29287515.84USD 2 minutes later,Bridged,2022-03-23 08:52:02.000,ZVpRhpDPTZQjhM3qfnGrXjJouambNP4XCWWhcyXTzNzi8ZQMEwMNTGaV4A5PDCjaswz7qhZvprU49c3umx2zxTB,6D7fgzpPZXtDB6Zqg3xRwfbohzerbytB2U5pFchnVuzw,outbound,UST,29196154.704281,29287515.84
0,Exploiter Transfered 84020.51USDC to 551oYh1ChowZfq2PiU7uxJugM4ywqf1JCPuTk9qEjiU5 worth 84018.17USD 0 minutes later,Transfered,2022-03-23 08:52:36.000,5Wg6oTYUFR7KZ9WbrrRbDmrQbJCmQunCAmV8N939y8m2fKbAmHZzhNaN2M4HjnGGgbBr9gYfMxeW6tfJ9S8PA7yH,6D7fgzpPZXtDB6Zqg3xRwfbohzerbytB2U5pFchnVuzw,to 551oYh1ChowZfq2PiU7uxJugM4ywqf1JCPuTk9qEjiU5,USDC,84020.51,84018.17
0,Exploiter Transfered 68705.45USDC to 8YiVDTiEmVmPuehAFC6fsicjeJBv9sFoqxsQXqGCHS6N worth 68703.53USD 0 minutes later,Transfered,2022-03-23 08:52:43.000,5GNFSodeaQkWxRZ5Vfefmkk5vgAkA3prbnUQb8yPqsFAM9Xu8hjVUN7uDk6M4p1dvKKUrUUBHaSfvm2dBE29Nu19,6D7fgzpPZXtDB6Zqg3xRwfbohzerbytB2U5pFchnVuzw,to 8YiVDTiEmVmPuehAFC6fsicjeJBv9sFoqxsQXqGCHS6N,USDC,68705.45,68703.53
8,Exploiter Transfered 64935.09USDC to Cb5C5umtXQ7N2uPgjRSRbTZkirMt9SsTV9uParfhu8NY worth 64933.28USD 8 minutes later,Transfered,2022-03-23 09:00:50.000,5TY38dN9rvTGquxZhb9RYxMeqKwdSoo2j2hJ8hkpJ49DKVPDuRU7CvMj783uFcS8HHMAMHkkXRCZFMaQkskCqe4F,6D7fgzpPZXtDB6Zqg3xRwfbohzerbytB2U5pFchnVuzw,to Cb5C5umtXQ7N2uPgjRSRbTZkirMt9SsTV9uParfhu8NY,USDC,64935.09,64933.28
0,Exploiter Transfered 64377.57USDC to 94VUFxGrap2GfErbZkswkvr4zhi3G8vKJbno3TFVA1Fr worth 64375.78USD 0 minutes later,Transfered,2022-03-23 09:00:57.000,5KWN3n7LUkY1D9L3UD6WDE45AJZoEWXipZZppBRWLpdKLbwdCe3YqNEEopPRtuhReJoEyngbKCouEDu6eSTpqiNL,6D7fgzpPZXtDB6Zqg3xRwfbohzerbytB2U5pFchnVuzw,to 94VUFxGrap2GfErbZkswkvr4zhi3G8vKJbno3TFVA1Fr,USDC,64377.57,64375.78
8,Exploiter Transfered 59119.92USDC to Ffxi5TSpFV9NeV5KyNDCC7fWnFoFd2bDcL1eViSAE2M2 worth 59118.28USD 8 minutes later,Transfered,2022-03-23 09:08:27.000,5scAL6WiENGa1Bd8QTkfpSpLFvFQAFdT8zuPAxYtGJ4qTksnRkccP6pvnmfuCE9agYJtTX1R9PUmi6ZjfAm4Z95D,6D7fgzpPZXtDB6Zqg3xRwfbohzerbytB2U5pFchnVuzw,to Ffxi5TSpFV9NeV5KyNDCC7fWnFoFd2bDcL1eViSAE2M2,USDC,59119.92,59118.28
0,Exploiter Transfered 55980.05USDC to 8J8fqLWEMMSLgGFohRW5QC2Wv7Kkuw4TmHpiH4uqA43f worth 55978.49USD 0 minutes later,Transfered,2022-03-23 09:08:35.000,25pibFpSzJQ5ie5VyhZs88g31VmdwEFShLWfHUwMHrj5St62nKxnMMQmYYDUSLqPC9YQygyvP1JNBdBHM6FuNyMY,6D7fgzpPZXtDB6Zqg3xRwfbohzerbytB2U5pFchnVuzw,to 8J8fqLWEMMSLgGFohRW5QC2Wv7Kkuw4TmHpiH4uqA43f,USDC,55980.05,55978.49
0,Exploiter Transfered 46705.11USDC to GjnHn9kfi59DMJHyp1gKEwrYEeAu61Phe8BVpi9HV8n6 worth 46703.81USD 0 minutes later,Transfered,2022-03-23 09:08:42.000,UPQe7HnN1Yw5KYmiuQdwpte5q8T3mbtWEKsA7gpGRQ3ft78djvv1QVZmvXUS3bV2LSvxEVD2kpxh27px6hdqK18,6D7fgzpPZXtDB6Zqg3xRwfbohzerbytB2U5pFchnVuzw,to GjnHn9kfi59DMJHyp1gKEwrYEeAu61Phe8BVpi9HV8n6,USDC,46705.11,46703.81
0,Exploiter Transfered 30405.18USDC to DK1kbAuZcwSw8c5196Mi5iNy1izwk2QhREfHrbuu6ahL worth 30404.33USD 0 minutes later,Transfered,2022-03-23 09:08:50.000,yrZm2LQtUjCUP4pymhm5jCQ61rktHANKKG88HAprDhvBmXRQ4whNA9ManTgwQMDKU5PWwXXToVHhQwEuVk6w5kP,6D7fgzpPZXtDB6Zqg3xRwfbohzerbytB2U5pFchnVuzw,to DK1kbAuZcwSw8c5196Mi5iNy1izwk2QhREfHrbuu6ahL,USDC,30405.18,30404.33
0,Exploiter Transfered 27221.47USDC to FEeNFcbLZGSuU1qeUrg2exHiZeJUVd1jjMLff2NwXRNS worth 27220.71USD 0 minutes later,Transfered,2022-03-23 09:08:59.000,2rTxn8vws63CeXanQHx9rj7nEfdREMm771LbSawcuB6iog56wXgg4nSbSDrbHhNqSni7vXjpkmQXc7sSHVbHK9DT,6D7fgzpPZXtDB6Zqg3xRwfbohzerbytB2U5pFchnVuzw,to FEeNFcbLZGSuU1qeUrg2exHiZeJUVd1jjMLff2NwXRNS,USDC,27221.47,27220.71
1,Exploiter Transfered 21200.5USDC to AGXqKkdBX5KZRmSHYEzYg7MsJi4Q2LdqxCztVELvgUAS worth 21199.91USD 1 minutes later,Transfered,2022-03-23 09:09:07.000,4GekC3Te5vVQhAYkLyrC3Fh9gPSVkHJmCg4bHjw6oE5TqZ5kHHSbP9DyP8oPq4iifMpsjgv3Eh7u3JcGht4fbFST,6D7fgzpPZXtDB6Zqg3xRwfbohzerbytB2U5pFchnVuzw,to AGXqKkdBX5KZRmSHYEzYg7MsJi4Q2LdqxCztVELvgUAS,USDC,21200.5,21199.91
0,Exploiter Transfered 17465.64USDC to 4YG45t1f9KHGXY9usqhvHZgynJ7kVEMYzTmS8G25ShpQ worth 17465.15USD 0 minutes later,Transfered,2022-03-23 09:09:15.000,3sQr4udzsWmMNKoppo7hz6eyuAinHQ8RhjRjiXsUZ5r7YirGGZmfsQVqP9bSZySh5ZMmCuNK6bRm6CJrQ4fuua9o,6D7fgzpPZXtDB6Zqg3xRwfbohzerbytB2U5pFchnVuzw,to 4YG45t1f9KHGXY9usqhvHZgynJ7kVEMYzTmS8G25ShpQ,USDC,17465.64,17465.15
0,Exploiter Transfered 15677.93USDC to 8Cr3gSswXLUtnk1s5wCwdzndnUvbpcx2bk3rbb6hLuTd worth 15677.5USD 0 minutes later,Transfered,2022-03-23 09:09:21.000,46wV3TW5PUUMecdi7Y2pm9RFKcYcGEU142Tr8stFGTNV1v2BBU2Xfm7NkCsKi8HzGDGVHqGCCyosCFZVbapDgX2Y,6D7fgzpPZXtDB6Zqg3xRwfbohzerbytB2U5pFchnVuzw,to 8Cr3gSswXLUtnk1s5wCwdzndnUvbpcx2bk3rbb6hLuTd,USDC,15677.93,15677.5
0,Exploiter Transfered 8893.57USDC to 74GCRxpyZYqStAe2fv5iCBhV5VDFR3ZKyMXv83Eknoag worth 8893.32USD 0 minutes later,Transfered,2022-03-23 09:09:28.000,5eBavJnCMxLsL2RwJdMJGJRAyPuXhjKwZRWJrnX7tgYU2ecxo86ToAQsvTLjg5fewknV3cKVqcRFMNmWVWuLMdDm,6D7fgzpPZXtDB6Zqg3xRwfbohzerbytB2U5pFchnVuzw,to 74GCRxpyZYqStAe2fv5iCBhV5VDFR3ZKyMXv83Eknoag,USDC,8893.57,8893.32
0,Exploiter Transfered 7621.34USDC to H7UHGpqKTPZeNb2xZH74MPxMoAqNEj4iB8LzyNFFtht4 worth 7621.13USD 0 minutes later,Transfered,2022-03-23 09:09:35.000,5WyyexpJFEFPDwWhPjZe9DKRot3hmQpTPdD24ZvT83uzYSXiBmfecLUBZZ3WH9KLruVQzS6tYDjXnaLwxnFjeyFH,6D7fgzpPZXtDB6Zqg3xRwfbohzerbytB2U5pFchnVuzw,to H7UHGpqKTPZeNb2xZH74MPxMoAqNEj4iB8LzyNFFtht4,USDC,7621.34,7621.13
0,Exploiter Transfered 6630.03USDC to Dny7n3c7aaqEybZFrwaFagHKnLCSGmHXg44eHGr9hGh worth 6629.85USD 0 minutes later,Transfered,2022-03-23 09:09:42.000,4CgEPviZRua2faTAfJsgyJFfp4GAnjijLmww4bwJaQSVxENY5ZwLDCKZNhyoUkZAqyrxFDaQ38GVWzkYYdD5ZeGv,6D7fgzpPZXtDB6Zqg3xRwfbohzerbytB2U5pFchnVuzw,to Dny7n3c7aaqEybZFrwaFagHKnLCSGmHXg44eHGr9hGh,USDC,6630.03,6629.85
0,Exploiter Transfered 6305.19USDC to E7KASMQYEkLDr9U9F7brqF3LyWYvQ8ZuQK7Ma1UQyNFb worth 6305.01USD 0 minutes later,Transfered,2022-03-23 09:09:51.000,3Eagmp1wtFVaGWwtUQqgsLGuDEibM2YeyYHJ2rojqEzjUnv6T1N3isbq23N1CMTpWeVxWi7RAssE9uHTMAX7dkNw,6D7fgzpPZXtDB6Zqg3xRwfbohzerbytB2U5pFchnVuzw,to E7KASMQYEkLDr9U9F7brqF3LyWYvQ8ZuQK7Ma1UQyNFb,USDC,6305.19,6305.01
1,Exploiter Transfered 5214.22USDC to Gw1Hognd9BqAwHFvbcU5Qs3PE8t49Jt9Hn3Rfx8acrE1 worth 5214.08USD 1 minutes later,Transfered,2022-03-23 09:10:14.000,5erzzd9zM9t36cmYT7mDoQ7xuAPMdAKghUpWjiFed8Bc4Jg7NGmsH1jJWxcHZ8d3UPd1uJsAYQFeoT5uDjcvB9xq,6D7fgzpPZXtDB6Zqg3xRwfbohzerbytB2U5pFchnVuzw,to Gw1Hognd9BqAwHFvbcU5Qs3PE8t49Jt9Hn3Rfx8acrE1,USDC,5214.22,5214.08
0,Exploiter Transfered 5018.13USDC to 2pzqKJw199V5GuaYMpuNy3iFYsMvD9HZj92ZZi6JehuR worth 5017.99USD 0 minutes later,Transfered,2022-03-23 09:10:21.000,NHhDS3ZdzcwqWepua6fnfyujsR4rjJC76LeGiJPbN3kHtEGMdGq8mjoZaWu9PyGpArXKY9xcPGuv4T7cUmiJ7hn,6D7fgzpPZXtDB6Zqg3xRwfbohzerbytB2U5pFchnVuzw,to 2pzqKJw199V5GuaYMpuNy3iFYsMvD9HZj92ZZi6JehuR,USDC,5018.13,5017.99
0,Exploiter Transfered 4699.99USDC to E2YYXL2PC4nP8npiZHC3DuXPPUgtcStrNVs9zMKuZt1Q worth 4699.86USD 0 minutes later,Transfered,2022-03-23 09:10:28.000,4C6y5T72VHYtkLpCJnJUeMWD2tLnQvMv3X191Y3zkj5yGpe8ZGcCuhDwYfJmAQDCZbgEQVtVCsFR3asTu5SECWfv,6D7fgzpPZXtDB6Zqg3xRwfbohzerbytB2U5pFchnVuzw,to E2YYXL2PC4nP8npiZHC3DuXPPUgtcStrNVs9zMKuZt1Q,USDC,4699.99,4699.86
0,Exploiter Transfered 4335.08USDC to GxPu592qKseMVAssJSGgzgF4PoZ6P2EpndZYBC14srnm worth 4334.96USD 0 minutes later,Transfered,2022-03-23 09:10:36.000,46zFzSGFnDNKpdgiGygpDTu6MGECCtgY1np2iNdDRJ1rj6mxjVJ7Bm2akPPYATnXLG3C1x2tctJmJuhq4zMkQsVY,6D7fgzpPZXtDB6Zqg3xRwfbohzerbytB2U5pFchnVuzw,to GxPu592qKseMVAssJSGgzgF4PoZ6P2EpndZYBC14srnm,USDC,4335.08,4334.96
0,Exploiter Transfered 4088.59USDC to CFKVQR1JYaKWKbgDvhT1YKXjzB3G23HrjoGB4S5b5Skh worth 4088.47USD 0 minutes later,Transfered,2022-03-23 09:10:44.000,5bYS78kBwcNTWCo2FYFeuyqUTfL9K3gotVxi69Z1xB4ervy31SKcbo79w48z6ubzTmLVPghWmpngZKdeNpDjn8am,6D7fgzpPZXtDB6Zqg3xRwfbohzerbytB2U5pFchnVuzw,to CFKVQR1JYaKWKbgDvhT1YKXjzB3G23HrjoGB4S5b5Skh,USDC,4088.59,4088.47
0,Exploiter Transfered 3538.49USDC to 2KEtADJXkXZReaokRU9ARWex2sYCDhmVfN4KiHa9vhh1 worth 3538.4USD 0 minutes later,Transfered,2022-03-23 09:10:52.000,2uDZ1JE3pr4EF4D4ucUPPS178W8FZgmphjZmBHRJczmAWRnHcyrcYoSkFYFBH1warwneqBmHTxfBbF2QgKRhfLNb,6D7fgzpPZXtDB6Zqg3xRwfbohzerbytB2U5pFchnVuzw,to 2KEtADJXkXZReaokRU9ARWex2sYCDhmVfN4KiHa9vhh1,USDC,3538.49,3538.4
1,Exploiter Transfered 3480.69USDC to 9NnMR1FGd1N1M1PEY5kx6Uby5ZKjHb2tkmPSXxKh5aut worth 3480.59USD 1 minutes later,Transfered,2022-03-23 09:11:01.000,64KWNRoyJ8CUMaRMMKKUtYbt73koyhc7YLnKqc5KfsR3bnVSopuAt8rmTpfqPiKQhLU8Q4q8ShreSzDnzQPSi2uh,6D7fgzpPZXtDB6Zqg3xRwfbohzerbytB2U5pFchnVuzw,to 9NnMR1FGd1N1M1PEY5kx6Uby5ZKjHb2tkmPSXxKh5aut,USDC,3480.69,3480.59
0,Exploiter Transfered 3463.66USDC to FpyetJ7KiZ2hNhzqTKNxUPXw3rYbaSKSmscF39eopTcP worth 3463.57USD 0 minutes later,Transfered,2022-03-23 09:11:09.000,2L9aZgXbXUxtsUvfidKQ1m6HLamX5viAsgXKEFPU61rTQTf5MXfc4v3EbeCYU7jnXvzrFhNjFmJZhwAZ5Z5SgXxw,6D7fgzpPZXtDB6Zqg3xRwfbohzerbytB2U5pFchnVuzw,to FpyetJ7KiZ2hNhzqTKNxUPXw3rYbaSKSmscF39eopTcP,USDC,3463.66,3463.57
0,Exploiter Transfered 3451.7USDC to 3mrFdAXXbQnGZfZRU9iMjCEbegCynT1n28NhgwjDRCUH worth 3451.6USD 0 minutes later,Transfered,2022-03-23 09:11:16.000,2cjaCiRj7JRNJtKhkDohBwEH262ndnyDvVBPUosAbxAr8fs3sDojpNbuFWqonWGQ6fZCUxLfioxKPZ9VbUA94V8d,6D7fgzpPZXtDB6Zqg3xRwfbohzerbytB2U5pFchnVuzw,to 3mrFdAXXbQnGZfZRU9iMjCEbegCynT1n28NhgwjDRCUH,USDC,3451.7,3451.6
0,Exploiter Transfered 3435.09USDC to 4WTAZb2dgCwBaXZEmT86BhqnoJhV3hsMtf4D6QfvBfAf worth 3434.99USD 0 minutes later,Transfered,2022-03-23 09:11:24.000,39QbCL1onsZgBkUrmnX84HSNHpCjB5osH2pQuqJY5XiePuLwLtJDDs4rzQCtnw6Loa2scZXduj7bQiMDAMqUTqgv,6D7fgzpPZXtDB6Zqg3xRwfbohzerbytB2U5pFchnVuzw,to 4WTAZb2dgCwBaXZEmT86BhqnoJhV3hsMtf4D6QfvBfAf,USDC,3435.09,3434.99
0,Exploiter Transfered 3333.9USDC to 9PpxQLUtzkvJ4pMUm7oUiN78x9WgJSMCjrwm54xvnbeu worth 3333.81USD 0 minutes later,Transfered,2022-03-23 09:11:31.000,4cHB4pSa8jbXqFBjVpwK3NpMEe95CGVLsfitKTkSqKqgmdskBFLTeEnZa6Mou9nmMgguFybZVssMKGcza5hVnruH,6D7fgzpPZXtDB6Zqg3xRwfbohzerbytB2U5pFchnVuzw,to 9PpxQLUtzkvJ4pMUm7oUiN78x9WgJSMCjrwm54xvnbeu,USDC,3333.9,3333.81
0,Exploiter Transfered 2712.27USDC to DyLxAqL8beZUa1BJx122YGxWthJFc4d41dqEDc3b5qwL worth 2712.19USD 0 minutes later,Transfered,2022-03-23 09:11:40.000,5FXh84goKAeQPNkrcrGtjreoh49dZzATPrdr3AyRSnsEc4K769U7FhLFEeWAaJT5dL88RNK2J6nutxt4wgpwECcE,6D7fgzpPZXtDB6Zqg3xRwfbohzerbytB2U5pFchnVuzw,to DyLxAqL8beZUa1BJx122YGxWthJFc4d41dqEDc3b5qwL,USDC,2712.27,2712.19
0,Exploiter Transfered 2501.05USDC to F4q2bm6k4AW2rgQMBfvoNnfn1xFkoD98We6uJd6tV7tq worth 2500.98USD 0 minutes later,Transfered,2022-03-23 09:11:48.000,45CuxQ9UWccZJuncApYGFVfJC1X7jGNzFDFgU8mBy8TTzxLGw9CE36oUR9VYsDLvxfqiQxSCGvuTWjiB64mYnNBQ,6D7fgzpPZXtDB6Zqg3xRwfbohzerbytB2U5pFchnVuzw,to F4q2bm6k4AW2rgQMBfvoNnfn1xFkoD98We6uJd6tV7tq,USDC,2501.05,2500.98
0,Exploiter Transfered 2360.22USDC to 5ia65DjcQRD8pqD4uvPxXtikvcvcsYKYqGvB4sT54qwb worth 2360.16USD 0 minutes later,Transfered,2022-03-23 09:11:55.000,Pvn2FHeYmKhiXewg5zQ9WuadxuVsyysja9jzZ6Vuk9VevjwNspbibzsSBt5P3cv4S1zv7wJTbfSZiAvrBM6DNFu,6D7fgzpPZXtDB6Zqg3xRwfbohzerbytB2U5pFchnVuzw,to 5ia65DjcQRD8pqD4uvPxXtikvcvcsYKYqGvB4sT54qwb,USDC,2360.22,2360.16
1,Exploiter Transfered 1965.42USDC to 7kKGQiBevTKJ7o1codtF7aSQo57Ve79fKQr9SkjdcsR4 worth 1965.37USD 1 minutes later,Transfered,2022-03-23 09:12:06.000,5oeXj5Hjy2KETr6HzBhtEcYrnRuAcYYLd4eqKvZgMFCT9aWLTxKiagw9osCdZ8DbtCye6GTKtXPDtfpTxD19Gzjb,6D7fgzpPZXtDB6Zqg3xRwfbohzerbytB2U5pFchnVuzw,to 7kKGQiBevTKJ7o1codtF7aSQo57Ve79fKQr9SkjdcsR4,USDC,1965.42,1965.37
0,Exploiter Transfered 1963.5USDC to E4SFa3chM7ehRErNvqiR3dckfuPnNx57HbHiSSfd4em6 worth 1963.45USD 0 minutes later,Transfered,2022-03-23 09:12:14.000,23FRmaC4EAdFgt6MBusDiFXS5C1sTk4DwPg1QcW3KNAxhQVyRbkSk85xeV89T1peeWtCcsmYu2UtEhctS3Eh6kRg,6D7fgzpPZXtDB6Zqg3xRwfbohzerbytB2U5pFchnVuzw,to E4SFa3chM7ehRErNvqiR3dckfuPnNx57HbHiSSfd4em6,USDC,1963.5,1963.45
0,Exploiter Transfered 1827.6USDC to 4JrjPsuhMfMSCicsRXj5NJqJuFw8ggXAWqEJBQQwvtqw worth 1827.54USD 0 minutes later,Transfered,2022-03-23 09:12:21.000,5H9cyqeBjq6yTXTCRsc5U1qSbNhQNA5dzaq4Pxw2V2LwSXsE9paVSHfWX8x3cXLQW5rqvPcwyDDiCv1q99b5VTso,6D7fgzpPZXtDB6Zqg3xRwfbohzerbytB2U5pFchnVuzw,to 4JrjPsuhMfMSCicsRXj5NJqJuFw8ggXAWqEJBQQwvtqw,USDC,1827.6,1827.54
0,Exploiter Transfered 1688.19USDC to 6MPyZmURvG8UXetHVSk9FHRc3XTeeELnfk5nDEZkVCY4 worth 1688.14USD 0 minutes later,Transfered,2022-03-23 09:12:30.000,5jEzAhGnWBx5QPp6E1NPKbdRdE2J5k1C8sxPqPJ6agNa36VWgVbXBBkcuqfWfowf3auFDVKuoFLRt5uqTZU2MYRk,6D7fgzpPZXtDB6Zqg3xRwfbohzerbytB2U5pFchnVuzw,to 6MPyZmURvG8UXetHVSk9FHRc3XTeeELnfk5nDEZkVCY4,USDC,1688.19,1688.14
0,Exploiter Transfered 1662.24USDC to 7AzL4Wk7SARkcGBwg7596sS7zL3EJcaUw3qwi427GxhX worth 1662.2USD 0 minutes later,Transfered,2022-03-23 09:12:37.000,2jsXy7XK2awpebuENHeK4uyqjZQScZYuqTjY4fqLFkPTXL5DVXu21XPGT84n6N74y4EQdDBhamxuzuT6fUtA4C4i,6D7fgzpPZXtDB6Zqg3xRwfbohzerbytB2U5pFchnVuzw,to 7AzL4Wk7SARkcGBwg7596sS7zL3EJcaUw3qwi427GxhX,USDC,1662.24,1662.2
0,Exploiter Transfered 1421.72USDC to 7Lzu6DQfTRfYdPGSrSwoxKMQztQfc57q3pg9GG5KTtwv worth 1421.68USD 0 minutes later,Transfered,2022-03-23 09:12:50.000,5X8Lv9QhveJGafNGzp1sSD3bcFj6a1zJspUNhd4gvLgkN5SbzBsuzmW534AowL4kUuaph2wA6mAmKbq1KJMQeFEf,6D7fgzpPZXtDB6Zqg3xRwfbohzerbytB2U5pFchnVuzw,to 7Lzu6DQfTRfYdPGSrSwoxKMQztQfc57q3pg9GG5KTtwv,USDC,1421.72,1421.68
0,Exploiter Transfered 1382.81USDC to GAtsJFVLxpmBpDzYtoVLS9Go77W1uZgAum3NubqHNHo2 worth 1382.78USD 0 minutes later,Transfered,2022-03-23 09:12:57.000,3Bk7nfYrHt3XATgcF1v5VKMJ77einnwTkqzMajzXmLP75p6yiJwAFHBSFr1b2Tqbo6DJTumv6JkK91mrgSLJHQWJ,6D7fgzpPZXtDB6Zqg3xRwfbohzerbytB2U5pFchnVuzw,to GAtsJFVLxpmBpDzYtoVLS9Go77W1uZgAum3NubqHNHo2,USDC,1382.81,1382.78
1,Exploiter Transfered 1181.1USDC to 94VUFxGrap2GfErbZkswkvr4zhi3G8vKJbno3TFVA1Fr worth 1181.07USD 1 minutes later,Transfered,2022-03-23 09:13:05.000,63SZE85ds6A1pLVCK9C7qXrNRh5Cz9TgkUdhU8DF4SQEPGigtAmh6oPqQ9yKTkhbwM5vadoeiYChPayB3tDZt98M,6D7fgzpPZXtDB6Zqg3xRwfbohzerbytB2U5pFchnVuzw,to 94VUFxGrap2GfErbZkswkvr4zhi3G8vKJbno3TFVA1Fr,USDC,1181.1,1181.07
0,Exploiter Transfered 1172.22USDC to J93RQz68TiZSRbjHmKNSqunW42FFWRmYaNtPogZGNhVF worth 1172.19USD 0 minutes later,Transfered,2022-03-23 09:13:12.000,4czZcR9jGyavpHyUQBcigPemUUfjmjpmZR3nm5fWGHHZSUnEys2GtCYtRugCi6bf2zX5gwv9mdn6GjKzNMCFTK6M,6D7fgzpPZXtDB6Zqg3xRwfbohzerbytB2U5pFchnVuzw,to J93RQz68TiZSRbjHmKNSqunW42FFWRmYaNtPogZGNhVF,USDC,1172.22,1172.19
0,Exploiter Transfered 1060.67USDC to EZ9jjiad6yKCwAmoaQd8PQi7ZtDG43CUdTqddsBWJPz worth 1060.64USD 0 minutes later,Transfered,2022-03-23 09:13:19.000,4cbNri6DjZRpujRHQ8KZvCvByw3QYbhefH6gC53nqiMrcFWRDKAaV39zPowfjFB34NRBHprKVZJVwgoC22C3437q,6D7fgzpPZXtDB6Zqg3xRwfbohzerbytB2U5pFchnVuzw,to EZ9jjiad6yKCwAmoaQd8PQi7ZtDG43CUdTqddsBWJPz,USDC,1060.67,1060.64
0,Exploiter Transfered 1029.44USDC to 5EBGyQNSctVaZCik5ZzhjmBsVJXZySdy2kvc6p1YdYyD worth 1029.41USD 0 minutes later,Transfered,2022-03-23 09:13:29.000,3QRQe3Sxig86tnWsyuGkGctG3xrn3SvyvwD6VUxqbs3YaVcbxASkWEE8mhogXe24yv7jowE3x5HhsC7n5jgjURNi,6D7fgzpPZXtDB6Zqg3xRwfbohzerbytB2U5pFchnVuzw,to 5EBGyQNSctVaZCik5ZzhjmBsVJXZySdy2kvc6p1YdYyD,USDC,1029.44,1029.41
0,Exploiter Transfered 1017.35USDC to 3vr1XaTtxFm4J5sNhwZGVvUNx5V6MuvxwiynLJz8jiSH worth 1017.32USD 0 minutes later,Transfered,2022-03-23 09:13:52.000,uMEc1eiFaXpZ3jGqdqZ6TjPkNvnD6276kDY9sWiAub61gpzqQh2YGQJB7pXjcFfmdtYf7LkACisjDCVaFDaVU6i,6D7fgzpPZXtDB6Zqg3xRwfbohzerbytB2U5pFchnVuzw,to 3vr1XaTtxFm4J5sNhwZGVvUNx5V6MuvxwiynLJz8jiSH,USDC,1017.35,1017.32
1,Exploiter Transfered 1001USDC to 12QuvPGbzNQsHCdTyX3u7UVMXmWH3BWnDx8FTB1Gk9LG worth 1000.97USD 1 minutes later,Transfered,2022-03-23 09:14:00.000,UGAaqC3UNU4geJFnqP1b6K3D7v3YvYX7ikuyuQXiJu9QgkYfVqwmVEp9t8CngwjZEdDhReu2vh1pkfVRXPYNcag,6D7fgzpPZXtDB6Zqg3xRwfbohzerbytB2U5pFchnVuzw,to 12QuvPGbzNQsHCdTyX3u7UVMXmWH3BWnDx8FTB1Gk9LG,USDC,1001,1000.97
0,Exploiter Transfered 995.84USDC to F8fbcrgJg92whYqLZAnyzDunWw4zuWS3PRdk2hMp3h6 worth 995.82USD 0 minutes later,Transfered,2022-03-23 09:14:07.000,3puxPpyseYUrcXBojBHaVCemcoaJAzHUVEG6Yd2UEh8PGrGjXmkS1vagvvEXbLbyMBC5cFRPSZxsdNbspc87QXw3,6D7fgzpPZXtDB6Zqg3xRwfbohzerbytB2U5pFchnVuzw,to F8fbcrgJg92whYqLZAnyzDunWw4zuWS3PRdk2hMp3h6,USDC,995.84,995.82
0,Exploiter Transfered 991.69USDC to H6SLhbPfcMidZrTDwMXfv2VM37yY3Via1YmKjJHpNLv1 worth 991.67USD 0 minutes later,Transfered,2022-03-23 09:14:15.000,5LMgRosNm8FNBEW6rSCB8pQaPtjb3wjVrDJuqbV9Di3tW4M1RkGYZNX5aDta8gHsMkaVa3PAsvCm4w3RTKuADAs4,6D7fgzpPZXtDB6Zqg3xRwfbohzerbytB2U5pFchnVuzw,to H6SLhbPfcMidZrTDwMXfv2VM37yY3Via1YmKjJHpNLv1,USDC,991.69,991.67
0,Exploiter Transfered 946.71USDC to 9hVkNbZQX1dMhJ32DvS7XHPLwawV2VAf6WCHXC5jKXUY worth 946.69USD 0 minutes later,Transfered,2022-03-23 09:14:21.000,64xiEKBRPx2tjnXWYmeUh4KGcKEUnVfiyQCWtmW6CzANhsK3TFRzq7odNm9k8JM8xcVEuEfJP3b2iEb9wFStxGP3,6D7fgzpPZXtDB6Zqg3xRwfbohzerbytB2U5pFchnVuzw,to 9hVkNbZQX1dMhJ32DvS7XHPLwawV2VAf6WCHXC5jKXUY,USDC,946.71,946.69
0,Exploiter Transfered 933.02USDC to Gsw7RHydGj5cBP79cv1a7dPFb9hvRSPAodWyzoNhCaze worth 932.99USD 0 minutes later,Transfered,2022-03-23 09:14:30.000,5kPFVJY8G9hQ2sudBjZVE2PWCbPou19kxo1oW73pdjywjV8qVqi9RwZFxVFVBPUWw1Mdfj6rBiTfJGZu5Lc37kZB,6D7fgzpPZXtDB6Zqg3xRwfbohzerbytB2U5pFchnVuzw,to Gsw7RHydGj5cBP79cv1a7dPFb9hvRSPAodWyzoNhCaze,USDC,933.02,932.99
0,Exploiter Transfered 883.2USDC to 3e6yzDwVZXof5QrtMMDicMgjmagoDVpckbHBHCKCYmZS worth 883.17USD 0 minutes later,Transfered,2022-03-23 09:14:38.000,5jRvCck9KkYRmG8XJC15MSMQUtifmUDxujDGgWsXnnj1DVoJ6ukFc9acefXESaJHgSSdUKEz1giwco8SgGuEP8zX,6D7fgzpPZXtDB6Zqg3xRwfbohzerbytB2U5pFchnVuzw,to 3e6yzDwVZXof5QrtMMDicMgjmagoDVpckbHBHCKCYmZS,USDC,883.2,883.17
0,Exploiter Transfered 882.8USDC to GFYaWQWDH4UMMDA7nwdQEEfhwbvTU3ye8XVA9JgvXeL9 worth 882.78USD 0 minutes later,Transfered,2022-03-23 09:14:47.000,2M8AovXr95YxjnvSNtqeHSGqvWG4r2A1JuEq1nJaWRBPziDom27VzCw22GHseHpttNdefuTFASGcSrBX3CVchzZP,6D7fgzpPZXtDB6Zqg3xRwfbohzerbytB2U5pFchnVuzw,to GFYaWQWDH4UMMDA7nwdQEEfhwbvTU3ye8XVA9JgvXeL9,USDC,882.8,882.78
0,Exploiter Transfered 788.23USDC to A6coDPmnjMJL2PtFZBFSSXLbAH7p6q9jcW1euGgCJth5 worth 788.21USD 0 minutes later,Transfered,2022-03-23 09:14:54.000,447PTy5cjJub2ohNexPAXUmBPcswonZfjinFb9JQMEKUydRQWxkBrWL9d2YFDrNgm9KckssiBnT5RGnMmJp711Y5,6D7fgzpPZXtDB6Zqg3xRwfbohzerbytB2U5pFchnVuzw,to A6coDPmnjMJL2PtFZBFSSXLbAH7p6q9jcW1euGgCJth5,USDC,788.23,788.21
1,Exploiter Transfered 784.65USDC to 6xZgtUcduJ8kPhvRw2Q2eHok3TXvr8zqdsGNF1FRZVW9 worth 784.63USD 1 minutes later,Transfered,2022-03-23 09:15:01.000,CD2MpL8kNTEjGYGYugKcGSc83jqorXejgX2MzYLqrSSDz4fVwTY6DiN4ApskNriDKAdJeajNqSRHu4tAheUg8xt,6D7fgzpPZXtDB6Zqg3xRwfbohzerbytB2U5pFchnVuzw,to 6xZgtUcduJ8kPhvRw2Q2eHok3TXvr8zqdsGNF1FRZVW9,USDC,784.65,784.63
0,Exploiter Transfered 755.44USDC to CYQda78eQk1GCeXnJ6cBZEcUuQKEM3EkAArWofpBonJK worth 755.42USD 0 minutes later,Transfered,2022-03-23 09:15:24.000,4PtT4apePxgp85RwygM9xZQxuFFM3Az83sB5RfSPUQNB1XgoPi5KWMsdRspD4v9uqwkSpYM72RmFVr9Ar9EWYLmN,6D7fgzpPZXtDB6Zqg3xRwfbohzerbytB2U5pFchnVuzw,to CYQda78eQk1GCeXnJ6cBZEcUuQKEM3EkAArWofpBonJK,USDC,755.44,755.42
0,Exploiter Transfered 744.72USDC to G7yCSB4fF7emXUAprTqDFVoYpsWXYcSG9VqR7jbGXvds worth 744.7USD 0 minutes later,Transfered,2022-03-23 09:15:31.000,2DoSTPf8bjEsyrKnnVTwLi99Cmp72b84989nKd1H7sS9gHSiQyANFxn9tLQz75af714nw2FG9zSKnPK2Cv9Vwxdq,6D7fgzpPZXtDB6Zqg3xRwfbohzerbytB2U5pFchnVuzw,to G7yCSB4fF7emXUAprTqDFVoYpsWXYcSG9VqR7jbGXvds,USDC,744.72,744.7
0,Exploiter Transfered 595.82USDC to 8gzWV6NtEKW99BrLCaLQmSD1YK3k75sG7bABXwsPknNj worth 595.81USD 0 minutes later,Transfered,2022-03-23 09:15:37.000,2jWrGYNrtEkTsotsfWvTBgmeqGoJwsL56N7eekm4VShMXQVH1ZicVp9HqenJzGSs2G5YK6a5GLuCHTfr3N8Q4z7V,6D7fgzpPZXtDB6Zqg3xRwfbohzerbytB2U5pFchnVuzw,to 8gzWV6NtEKW99BrLCaLQmSD1YK3k75sG7bABXwsPknNj,USDC,595.82,595.81
17,Exploiter Transfered 591.37USDC to J2yTnAAF1Fw6PqxRkWRvDdooCgJA9w6xcnk9WNkwj83w worth 591.35USD 17 minutes later,Transfered,2022-03-23 09:32:13.000,3UhWVgN5F2zWbaE53avNyU4Rb2ju977m919eqdY71BomHc8ZtY7jyddvHKBvpovRWe3QUCvmyQYn7w7j1Lp4CSit,6D7fgzpPZXtDB6Zqg3xRwfbohzerbytB2U5pFchnVuzw,to J2yTnAAF1Fw6PqxRkWRvDdooCgJA9w6xcnk9WNkwj83w,USDC,591.37,591.35
0,Exploiter Transfered 583.41USDC to sgrU2Zbzhiho64nK8NpS3jbnFMj6LdWYjHLA39dqfk5 worth 583.39USD 0 minutes later,Transfered,2022-03-23 09:32:22.000,5MqqJBvZMTgMtFfimc7bWMkn7H1U4c8k65kTSFqUDi6uNuet9s4PucbtC3yn4MuK9c1WQuu5amKjbNn1hT8c3LEB,6D7fgzpPZXtDB6Zqg3xRwfbohzerbytB2U5pFchnVuzw,to sgrU2Zbzhiho64nK8NpS3jbnFMj6LdWYjHLA39dqfk5,USDC,583.41,583.39
0,Exploiter Transfered 526.05USDC to 7EnSFFeLc2mEa4dTpoLqohFzbc2qh61uxsSzoNAQ7Lug worth 526.04USD 0 minutes later,Transfered,2022-03-23 09:32:29.000,4iZtYF85zPSDtzhtYvvcZUipEScQwYYuHrncaZ8UA8c1ouW1MsjVSb9LpE3uFb8i4iboTZiz8knT2f5acm2ei8Q2,6D7fgzpPZXtDB6Zqg3xRwfbohzerbytB2U5pFchnVuzw,to 7EnSFFeLc2mEa4dTpoLqohFzbc2qh61uxsSzoNAQ7Lug,USDC,526.05,526.04
0,Exploiter Transfered 503.16USDC to Gw1Hognd9BqAwHFvbcU5Qs3PE8t49Jt9Hn3Rfx8acrE1 worth 503.15USD 0 minutes later,Transfered,2022-03-23 09:32:45.000,2J7oSejKBJkgQKsuBQkbATNvkQ4SDgdiDKH8nRzomjuD9WSFBWa6UFY3SbpphHcZP3T2hw4DYvMJV6BrubymiCNC,6D7fgzpPZXtDB6Zqg3xRwfbohzerbytB2U5pFchnVuzw,to Gw1Hognd9BqAwHFvbcU5Qs3PE8t49Jt9Hn3Rfx8acrE1,USDC,503.16,503.15
1,Exploiter Transfered 480.63USDC to FdAHV3fKp9bq432xEzV5sZXUA6R8sYbGa3HZED7D6fH7 worth 480.62USD 1 minutes later,Transfered,2022-03-23 09:33:01.000,3YFuasduBDEVbGRmCMYKUZUjCzWCg1ukdqm8NrH1mPnpiF35HrcRcY7wwU5xUdVdkzcft73zUsb8oYeN76fAmB6J,6D7fgzpPZXtDB6Zqg3xRwfbohzerbytB2U5pFchnVuzw,to FdAHV3fKp9bq432xEzV5sZXUA6R8sYbGa3HZED7D6fH7,USDC,480.63,480.62
0,Exploiter Transfered 472.63USDC to 9nzGr9jhvFBEJDxMdMN5mhwKJtZbutaPkKb1MccVnL7u worth 472.61USD 0 minutes later,Transfered,2022-03-23 09:33:10.000,2SsiFtoxoid7jUrAYTJRdbHziqapKbamW1GXRZNgyqVfZx2dGy61VJXPDaxANLJz9PWZJNB2ndXmXaUeKRUyNkFa,6D7fgzpPZXtDB6Zqg3xRwfbohzerbytB2U5pFchnVuzw,to 9nzGr9jhvFBEJDxMdMN5mhwKJtZbutaPkKb1MccVnL7u,USDC,472.63,472.61
0,Exploiter Transfered 461.32USDC to 5TsH4sF7U77HAGXSsEsSmVrfnV9UVYfKFeGjqgv1r4SZ worth 461.3USD 0 minutes later,Transfered,2022-03-23 09:33:20.000,5F857LW8BZLVGLUpJicqCXwXDShDzPuBrCyt8imzSpsomPS9Ypdb1iWcAJnvbGDwBstMuMD16WRHGvG8MJVLizp4,6D7fgzpPZXtDB6Zqg3xRwfbohzerbytB2U5pFchnVuzw,to 5TsH4sF7U77HAGXSsEsSmVrfnV9UVYfKFeGjqgv1r4SZ,USDC,461.32,461.3
0,Exploiter Transfered 458.12USDC to 4eps6zidYsdcQ6mw52MTpcKCVXXpCGj4AhK3kBkCMSSa worth 458.11USD 0 minutes later,Transfered,2022-03-23 09:33:27.000,4m8oRev5ZdmkwK6A9TRsVnT2m9rKdAu4i1om2SSkioPySnNd58ryj4jheYYbT84FmqQtYp46N5N4PJuuEXndKAxX,6D7fgzpPZXtDB6Zqg3xRwfbohzerbytB2U5pFchnVuzw,to 4eps6zidYsdcQ6mw52MTpcKCVXXpCGj4AhK3kBkCMSSa,USDC,458.12,458.11
0,Exploiter Transfered 434.28USDC to 5APMwDKh2FUVEjEQmaKocJVfVSA6X6j98YaA6BMeUJVM worth 434.27USD 0 minutes later,Transfered,2022-03-23 09:33:35.000,5eBWgdgsAiNNyqje1hJ6AJ8ZzXtg4CJoDaEv7yfPgMf9aiTvYZoi8AzBPkwf3JpdhGzvjuNDbs52mA7G6conVx5r,6D7fgzpPZXtDB6Zqg3xRwfbohzerbytB2U5pFchnVuzw,to 5APMwDKh2FUVEjEQmaKocJVfVSA6X6j98YaA6BMeUJVM,USDC,434.28,434.27
0,Exploiter Transfered 424.1USDC to De7WGktZeq9h6yM2NFVQxfby62Xjc7fTY6yAerFh6DcK worth 424.09USD 0 minutes later,Transfered,2022-03-23 09:33:43.000,LtLAbRY4aHqTUT5Pausdx23iMUFiiEsrBm4xnmJg87Ntg2ZrfDqPuri1JSHWHUfhKh6a4aXBP25LyyKx6Qna6Q4,6D7fgzpPZXtDB6Zqg3xRwfbohzerbytB2U5pFchnVuzw,to De7WGktZeq9h6yM2NFVQxfby62Xjc7fTY6yAerFh6DcK,USDC,424.1,424.09
0,Exploiter Transfered 414.17USDC to GqLAF3AviGW5qaCM3vasBSb9HvqXJbshoA55bqWYuQ2Z worth 414.16USD 0 minutes later,Transfered,2022-03-23 09:33:52.000,4Wu4bD9cpxv58Kei5EKeLrJ54BkzYfisy31xzaaiM99nA32FzXrHr8MfnS3Wzaqce7dEpvxvZ4TfMXthNS5Pj37x,6D7fgzpPZXtDB6Zqg3xRwfbohzerbytB2U5pFchnVuzw,to GqLAF3AviGW5qaCM3vasBSb9HvqXJbshoA55bqWYuQ2Z,USDC,414.17,414.16
1,Exploiter Transfered 398.84USDC to EHRtMnnTkFg1szXQwDtLXbubuYhBt6GF6n8bHtZbxHLe worth 398.83USD 1 minutes later,Transfered,2022-03-23 09:34:03.000,57e9695Q5EDTD6Hr2L4rtH3Xp2nus8mPEMkvTG5iJui2F4efFVgYazRjTnStAxrXyf1SZZCWsnFnQtVa5p6Hex3o,6D7fgzpPZXtDB6Zqg3xRwfbohzerbytB2U5pFchnVuzw,to EHRtMnnTkFg1szXQwDtLXbubuYhBt6GF6n8bHtZbxHLe,USDC,398.84,398.83
0,Exploiter Transfered 383.83USDC to Bk6J2iYNVNPx8BBbc5ZKLBLb4xRWoVgkJNtMvMsnhQB1 worth 383.82USD 0 minutes later,Transfered,2022-03-23 09:34:10.000,V1Z15ZyzYV8fyr2h84JiLGuKeVNSZY9EmSK3nBhQ5DfSSNG11eW8Vi1PCHQhgptG4r9JngSBeTGbEcGVHTSUosx,6D7fgzpPZXtDB6Zqg3xRwfbohzerbytB2U5pFchnVuzw,to Bk6J2iYNVNPx8BBbc5ZKLBLb4xRWoVgkJNtMvMsnhQB1,USDC,383.83,383.82
3,Exploiter Transfered 381.06USDC to 2XxQq2jvDSpK27QTZfmrsURzd4XLuTuEqVG7kiTNntt4 worth 381.05USD 3 minutes later,Transfered,2022-03-23 09:37:29.000,4o4SG1r4icPyiW7vAM7cdcMH3oQuXZnJGrGbrh3Dy3d6Qxcy4SJnX2hzmZhEgnPNHHY9QPmqUM2Aak7gTFLLGEQN,6D7fgzpPZXtDB6Zqg3xRwfbohzerbytB2U5pFchnVuzw,to 2XxQq2jvDSpK27QTZfmrsURzd4XLuTuEqVG7kiTNntt4,USDC,381.06,381.05
0,Exploiter Transfered 368.81USDC to ApQdTRvimCVC1PZAXdLnWPPzYWb1tjU864Y5gyvV628i worth 368.8USD 0 minutes later,Transfered,2022-03-23 09:37:40.000,3HAn3Li3wKss4zLkVvgpoJvCNSEGAMmfe94ZzoR4AJ1WndDA41E9UTRv28jyVW3YhY9tNNqqrEEtSyuwh1wCp6t3,6D7fgzpPZXtDB6Zqg3xRwfbohzerbytB2U5pFchnVuzw,to ApQdTRvimCVC1PZAXdLnWPPzYWb1tjU864Y5gyvV628i,USDC,368.81,368.8
0,Exploiter Transfered 357.67USDC to 8ZmEX7BEeouLiEEeckjLPkK2KjEPf2kCgiRrBr4qx4cL worth 357.66USD 0 minutes later,Transfered,2022-03-23 09:37:48.000,5esZYeWYpjJx2DNr65LMZtnrSucnEVGVTfDthqicgbUNCV7kVH5Sc79LcHQHVhsWd64zjrRpattA1bnn4vPemyZr,6D7fgzpPZXtDB6Zqg3xRwfbohzerbytB2U5pFchnVuzw,to 8ZmEX7BEeouLiEEeckjLPkK2KjEPf2kCgiRrBr4qx4cL,USDC,357.67,357.66
0,Exploiter Transfered 347.77USDC to D6LQ6iUUU5eWD5PX626G3GHBYp6GYwSPszNi2RhNVtR4 worth 347.76USD 0 minutes later,Transfered,2022-03-23 09:37:57.000,3iqwgsVSU9VBkb9zNLFyPwXQkguRCmqJaMetTUwi6XvLJco3xTohEMmUkC1uxX5XZCS9VSWqqiFJQysKDdUbVJUd,6D7fgzpPZXtDB6Zqg3xRwfbohzerbytB2U5pFchnVuzw,to D6LQ6iUUU5eWD5PX626G3GHBYp6GYwSPszNi2RhNVtR4,USDC,347.77,347.76
1,Exploiter Transfered 336.08USDC to E7KASMQYEkLDr9U9F7brqF3LyWYvQ8ZuQK7Ma1UQyNFb worth 336.07USD 1 minutes later,Transfered,2022-03-23 09:38:04.000,23atnhcQPwGUQ7A3cCZy2xmc6PH4dbZzAyAVwP9sGkySb9qw2mKrrXFh9GzsCxTr9DJmRXzpp8PtDZjjDKfdPgjJ,6D7fgzpPZXtDB6Zqg3xRwfbohzerbytB2U5pFchnVuzw,to E7KASMQYEkLDr9U9F7brqF3LyWYvQ8ZuQK7Ma1UQyNFb,USDC,336.08,336.07
0,Exploiter Transfered 327.94USDC to CiG3Cpz7Z8NsMVgMLGmB4KyghuKouZpaZdtB2fkeeXuk worth 327.93USD 0 minutes later,Transfered,2022-03-23 09:38:12.000,6238ACTrG1iG3fPCNbQAFmwLhhvYPLCkSmNdLP3mxNRy8wYWqfjEKEzFwjAw96ePmGVqpsgJLxXK418attJee6du,6D7fgzpPZXtDB6Zqg3xRwfbohzerbytB2U5pFchnVuzw,to CiG3Cpz7Z8NsMVgMLGmB4KyghuKouZpaZdtB2fkeeXuk,USDC,327.94,327.93
0,Exploiter Transfered 320.8USDC to BrScx4CXG4m5YNJfvDckTP32SQyjS8NsMjga7okRbGof worth 320.79USD 0 minutes later,Transfered,2022-03-23 09:38:19.000,54J5uhxfFxrwWDiZDooPMpyFrmLuyUvZxSgLDxSd63xbC8rXKo1GJVKvaAgFS5JMUaeCtFhCYEXmBy6TbFiZpEfg,6D7fgzpPZXtDB6Zqg3xRwfbohzerbytB2U5pFchnVuzw,to BrScx4CXG4m5YNJfvDckTP32SQyjS8NsMjga7okRbGof,USDC,320.8,320.79
0,Exploiter Transfered 320.18USDC to 5PjZoJaaZUJZcewBWz8KRD5mZDozUg8xjBPMws9mNbnW worth 320.17USD 0 minutes later,Transfered,2022-03-23 09:38:39.000,4aqfk62aZp623iLRdxLzxePcaTgfKzotg2tDrMxekqKoVRCU97WzUMic4ne8s2p8YvfzPinmMGKvfU3ozQxXTArR,6D7fgzpPZXtDB6Zqg3xRwfbohzerbytB2U5pFchnVuzw,to 5PjZoJaaZUJZcewBWz8KRD5mZDozUg8xjBPMws9mNbnW,USDC,320.18,320.17
0,Exploiter Transfered 304.36USDC to 9ffqSpUcxGmWcPsG5jGswgdQSfu25dcDAXqrWhj8uSD7 worth 304.35USD 0 minutes later,Transfered,2022-03-23 09:38:50.000,25HAdMeo81w2naweH9MqkMxaqRhjV7aLDifSKbe4DwSHAqWo5c95Q5kbYi3vdZkHuyiwTcaCnXo2Euf1Vcmh5Ady,6D7fgzpPZXtDB6Zqg3xRwfbohzerbytB2U5pFchnVuzw,to 9ffqSpUcxGmWcPsG5jGswgdQSfu25dcDAXqrWhj8uSD7,USDC,304.36,304.35
0,Exploiter Transfered 283.84USDC to 2CbiU6ihQvwfaPtAQa1b5bo4NZJ2hfn6km76e1Kqwzvy worth 283.84USD 0 minutes later,Transfered,2022-03-23 09:38:57.000,2APUMmhUKodqDixJHegddSCQedjf3Ai9sQgD7aKQY3RrK3J13vu3pTeV2Upv93Gc6GkZQa6PA6wDF3z8bH1kVpsD,6D7fgzpPZXtDB6Zqg3xRwfbohzerbytB2U5pFchnVuzw,to 2CbiU6ihQvwfaPtAQa1b5bo4NZJ2hfn6km76e1Kqwzvy,USDC,283.84,283.84
1,Exploiter Transfered 272.33USDC to DAtSH83VATRB2j59ysvaAox1zbnJK9LXxjooZjhSHPHy worth 272.32USD 1 minutes later,Transfered,2022-03-23 09:39:04.000,5cmvqhxA68bQ5yy7x1JZuJgN9RgzdutWjBc8MxdjWUtxS7DrDCZ9bpvjm9cRLLsNzB6gfnsysAcBpbZ2DdmsP5LY,6D7fgzpPZXtDB6Zqg3xRwfbohzerbytB2U5pFchnVuzw,to DAtSH83VATRB2j59ysvaAox1zbnJK9LXxjooZjhSHPHy,USDC,272.33,272.32
0,Exploiter Transfered 271.33USDC to HFTxnaz98n8xffpNktsVheLAi36C17ygmcHgHVKXJtKK worth 271.32USD 0 minutes later,Transfered,2022-03-23 09:39:12.000,kza1SLocALqFvBtSHZLc4wBbo2K369uqSprGDY7Q5CrpUDfXyucEUd9BQ4mSqvTkxwBHthCF3BKJgdQ61Ns7j2y,6D7fgzpPZXtDB6Zqg3xRwfbohzerbytB2U5pFchnVuzw,to HFTxnaz98n8xffpNktsVheLAi36C17ygmcHgHVKXJtKK,USDC,271.33,271.32
0,Exploiter Transfered 268.03USDC to 4L8nSDgJaUaubzX8LYPGCZaX9ZEUBsGdYwhDJuD3yFJe worth 268.02USD 0 minutes later,Transfered,2022-03-23 09:39:19.000,64LwErAz1QwLKemBgS2y53Buk3L2RXUN8ZFdgDt5xaN8podKAR5LWcFHFZdb3PUkjb34A2sRzmdWxomf534SKoXB,6D7fgzpPZXtDB6Zqg3xRwfbohzerbytB2U5pFchnVuzw,to 4L8nSDgJaUaubzX8LYPGCZaX9ZEUBsGdYwhDJuD3yFJe,USDC,268.03,268.02
0,Exploiter Transfered 263.16USDC to E5ht2wCAVM5JBnRRzwAcGPnDvSnPhcBBGKGC7ZSvKc5G worth 263.16USD 0 minutes later,Transfered,2022-03-23 09:39:28.000,5WHNacNqmG1MH2wjVgLfAb23WhjYXWYPyYkNEVDW6v3traVTwFJ5voWdViWx7s5d3Cn8JLK2QBBUrc13D34KZbpT,6D7fgzpPZXtDB6Zqg3xRwfbohzerbytB2U5pFchnVuzw,to E5ht2wCAVM5JBnRRzwAcGPnDvSnPhcBBGKGC7ZSvKc5G,USDC,263.16,263.16
0,Exploiter Transfered 255.87USDC to 4Jw6VKSezrYTnArRucM5Z6jLbGLQeECGETp94viy8EmR worth 255.87USD 0 minutes later,Transfered,2022-03-23 09:39:39.000,4A4eTvW44WuBrhUJeQAyxqQr1WiShAgjXr3t4E7eYD5goh8E1vgpDnjQ5LfXsYTHpEbDAE7q4ZLMw9wa2svTWNbM,6D7fgzpPZXtDB6Zqg3xRwfbohzerbytB2U5pFchnVuzw,to 4Jw6VKSezrYTnArRucM5Z6jLbGLQeECGETp94viy8EmR,USDC,255.87,255.87
0,Exploiter Transfered 253.85USDC to 7k7aYg4QcaWvKjVSH1NKwiCfYqkgdNZmHgNxxB3L5WZ5 worth 253.85USD 0 minutes later,Transfered,2022-03-23 09:39:48.000,3pBsyobE8FhfJsv1y9aQm8Bxs281Bp39wbECELHDsUFcNxBsiYg9bkWdoLq7mDHm1TBdwQhkmA1d3k2i2yUUQ9QD,6D7fgzpPZXtDB6Zqg3xRwfbohzerbytB2U5pFchnVuzw,to 7k7aYg4QcaWvKjVSH1NKwiCfYqkgdNZmHgNxxB3L5WZ5,USDC,253.85,253.85
0,Exploiter Transfered 253.7USDC to 7Qe4KK2GXWVjfd1tMUzWwfLypcqmL78RiuTncooziRXm worth 253.69USD 0 minutes later,Transfered,2022-03-23 09:39:56.000,4aa5PAupg8G6otwqbR5kznPn1yLzxUepeRXd1krrFtMds5Ug7UUwjQF5pEJmLK6s8444XUVPDbquJcq9ZkJ1P9K5,6D7fgzpPZXtDB6Zqg3xRwfbohzerbytB2U5pFchnVuzw,to 7Qe4KK2GXWVjfd1tMUzWwfLypcqmL78RiuTncooziRXm,USDC,253.7,253.69
1,Exploiter Transfered 251.57USDC to AEso5CwPBEuwX9pxFMsdGqDNpePbncaeJ2MBsL2uu67r worth 251.56USD 1 minutes later,Transfered,2022-03-23 09:40:04.000,4xgakFaAW8bt9THq9VbSZcWvQX785AZzJnSWxHRJN8pLvuPqfgHCSw9RXoerGhZX4oi2WWxar68jqZq1Z8bAzkGP,6D7fgzpPZXtDB6Zqg3xRwfbohzerbytB2U5pFchnVuzw,to AEso5CwPBEuwX9pxFMsdGqDNpePbncaeJ2MBsL2uu67r,USDC,251.57,251.56
0,Exploiter Transfered 245.64USDC to 8Vhsfik9FuTzP4DdXgo11q4nJuxaHRZET5Q92SYF2HWG worth 245.63USD 0 minutes later,Transfered,2022-03-23 09:40:13.000,4pPhgKCYn1traYy1Zsanc8xMAV4kaVWqSxeREs1XuTVHyqGYyH89cCpDHwTuT624HCwcJ8UG9pQPZgmdQs3Ze1cG,6D7fgzpPZXtDB6Zqg3xRwfbohzerbytB2U5pFchnVuzw,to 8Vhsfik9FuTzP4DdXgo11q4nJuxaHRZET5Q92SYF2HWG,USDC,245.64,245.63
0,Exploiter Transfered 206.73USDC to 4YG45t1f9KHGXY9usqhvHZgynJ7kVEMYzTmS8G25ShpQ worth 206.73USD 0 minutes later,Transfered,2022-03-23 09:40:30.000,2S2k7pRXLgsA1F7s9ctAABdC46UWU7hq8bGeFKgT4gNocGuDg7rz4PWhsSTsNfyvHfKAkGWcUjcygkj1AEY9yT14,6D7fgzpPZXtDB6Zqg3xRwfbohzerbytB2U5pFchnVuzw,to 4YG45t1f9KHGXY9usqhvHZgynJ7kVEMYzTmS8G25ShpQ,USDC,206.73,206.73
0,Exploiter Transfered 206.47USDC to FZCXxz3Txbzav7ZgLRXoVg7BH3h9KCoXqTSpBtKMukHg worth 206.47USD 0 minutes later,Transfered,2022-03-23 09:40:37.000,bjkS36L7PNyrjibczJHEFQNqfh6jELQkUtBEN1hp7eSjGkFQ4muscdVpcTpvyVuSSYE245M9qLTR1bxWG5v3BKj,6D7fgzpPZXtDB6Zqg3xRwfbohzerbytB2U5pFchnVuzw,to FZCXxz3Txbzav7ZgLRXoVg7BH3h9KCoXqTSpBtKMukHg,USDC,206.47,206.47
0,Exploiter Transfered 200.93USDC to Vqpc5ZpCuQnbjHuVio5PjN26pK3tuvKrbaxfzpnnPDs worth 200.93USD 0 minutes later,Transfered,2022-03-23 09:40:46.000,naA4bwKTR12HFT5R2tRzcQ4ufnXUSqxykhmUiVo7NXwNjKAkVcpWmx4Toz2uAEczLXCwmcaYLzKaDr4vsh534zW,6D7fgzpPZXtDB6Zqg3xRwfbohzerbytB2U5pFchnVuzw,to Vqpc5ZpCuQnbjHuVio5PjN26pK3tuvKrbaxfzpnnPDs,USDC,200.93,200.93
0,Exploiter Transfered 200.07USDC to 4ZidgLqqdFDhRYJsiETkVvNwzDvMG5i8gpmAWtSmeLEA worth 200.06USD 0 minutes later,Transfered,2022-03-23 09:40:56.000,4FXHpg4bHZDX1tmRGZvSQLXPx1H3Hwukz94SGEmKeMk3Ay6SWEbpJ5MUWQKwPDAbXfKTSkUmsr8pkRUvkYNDmot7,6D7fgzpPZXtDB6Zqg3xRwfbohzerbytB2U5pFchnVuzw,to 4ZidgLqqdFDhRYJsiETkVvNwzDvMG5i8gpmAWtSmeLEA,USDC,200.07,200.06
1,Exploiter Transfered 199.99USDC to 5nfeLmw79KQShpeBHQjJHa5Z1zf3K9ZiRjkyyqw7Zeez worth 199.98USD 1 minutes later,Transfered,2022-03-23 09:41:03.000,5Key1YYLd3EzLjMSUPtESSmD9hUNgqYCv8uv4wKEmJYckhi6egWgUNXP6tQhV26Aff9nKAsiZiTqusBVzxtTuuuA,6D7fgzpPZXtDB6Zqg3xRwfbohzerbytB2U5pFchnVuzw,to 5nfeLmw79KQShpeBHQjJHa5Z1zf3K9ZiRjkyyqw7Zeez,USDC,199.99,199.98
0,Exploiter Transfered 199.99USDC to BJwqsbg8F9YoERu6dYwLGSCx2hZVHcwxqMFewFMNXVZw worth 199.98USD 0 minutes later,Transfered,2022-03-23 09:41:12.000,2AwBRXxanaqqj1kopb67gWDLAuThWsazM8apqGWwBvFQFcmaxPFh99ApP7GQrmx4KUsHUitjWD7HYYjw6ZUQ9pFi,6D7fgzpPZXtDB6Zqg3xRwfbohzerbytB2U5pFchnVuzw,to BJwqsbg8F9YoERu6dYwLGSCx2hZVHcwxqMFewFMNXVZw,USDC,199.99,199.98
0,Exploiter Transfered 199.92USDC to 5s3sLxXAkeEDbNyGgVSiZCcccuCwpxYGBAX1FbRGVyf5 worth 199.91USD 0 minutes later,Transfered,2022-03-23 09:41:20.000,5xNernJuGEKN8miCy99HczzZt9vQdd2eLiSB7kUQTeeSpqZQRcKSDzXMtx8nRwj5YeNyd924k5nLHtjWiFLNugn4,6D7fgzpPZXtDB6Zqg3xRwfbohzerbytB2U5pFchnVuzw,to 5s3sLxXAkeEDbNyGgVSiZCcccuCwpxYGBAX1FbRGVyf5,USDC,199.92,199.91
0,Exploiter Transfered 199.9USDC to 255apzzrqqngAJeGgdXARwXnNcgKZweGLyRByH5j7qo9 worth 199.89USD 0 minutes later,Transfered,2022-03-23 09:41:29.000,5PS1ao3CHeRpMSwfbU1B6PJJFV43MnS1P78ReRZ3YwpYGgqwuCbuTeaJWtPwgTr9wnwZtgEfpAv2PDwDWGeN9Rk2,6D7fgzpPZXtDB6Zqg3xRwfbohzerbytB2U5pFchnVuzw,to 255apzzrqqngAJeGgdXARwXnNcgKZweGLyRByH5j7qo9,USDC,199.9,199.89
0,Exploiter Transfered 198.37USDC to rCvTArXNvxzCnxUMajMEe1rSvA8pfJcUakHDpzJkHuL worth 198.36USD 0 minutes later,Transfered,2022-03-23 09:41:36.000,52KuL9SZZcSnbgHvTYsQpPuF5DFHPYVjxuTKBXyTMUixPBpmDZSDF2GcM3spq26FkEBwnbuxDCNPtF4ww7oReE8Q,6D7fgzpPZXtDB6Zqg3xRwfbohzerbytB2U5pFchnVuzw,to rCvTArXNvxzCnxUMajMEe1rSvA8pfJcUakHDpzJkHuL,USDC,198.37,198.36
0,Exploiter Transfered 189.02USDC to FmNiy4zTKcTGS41NffrybA7zxy7absBXgZ2hYqTPW2ur worth 189.01USD 0 minutes later,Transfered,2022-03-23 09:41:45.000,WTdxgMAiJQh7eLkjWnU1NHR3MiBBzDbKPYsvFz4rrLUAR4uTmUwE1V8uW5zKvbKWbPQxu2XeWPMVLYCL1pW82vP,6D7fgzpPZXtDB6Zqg3xRwfbohzerbytB2U5pFchnVuzw,to FmNiy4zTKcTGS41NffrybA7zxy7absBXgZ2hYqTPW2ur,USDC,189.02,189.01
0,Exploiter Transfered 185.51USDC to E28vfcXPjjbGGmaQgLy5U8oYsQEscYi9byGaDd2F8eCR worth 185.51USD 0 minutes later,Transfered,2022-03-23 09:41:53.000,273dZK84pUDgSDznyoEJuTXdvS18jNay49WkcMzQnsMX5KP4cPvPEV9XPWxz3MNxqphCEgurCGYAJxtQDKHGwotV,6D7fgzpPZXtDB6Zqg3xRwfbohzerbytB2U5pFchnVuzw,to E28vfcXPjjbGGmaQgLy5U8oYsQEscYi9byGaDd2F8eCR,USDC,185.51,185.51
1,Exploiter Transfered 165USDC to 8o7j1dStt8rbqgEPk9QMfQrJfvi75549LHuZEGmHjV2s worth 165USD 1 minutes later,Transfered,2022-03-23 09:42:02.000,2YZ5MMAQ8MFLeS1bkjpjPAMBMkWTD4EfjDa4EB9nasdozHPKEmzNeRQmSXn5rK4p94hZuBkLZYzemDWKhoqdfhHX,6D7fgzpPZXtDB6Zqg3xRwfbohzerbytB2U5pFchnVuzw,to 8o7j1dStt8rbqgEPk9QMfQrJfvi75549LHuZEGmHjV2s,USDC,165,165
0,Exploiter Transfered 162.39USDC to BsE9eW5XguKXHmxvzAzR9vf5DBh393N5827bRWUSzKo8 worth 162.39USD 0 minutes later,Transfered,2022-03-23 09:42:09.000,4vBanDNa9M1PY7DNdZvuBw8d2zsFzx6TUcuozxhekzF6xc1Hq1yfBrMy5qXNybcuksYXym7ZJzbxrc3Ze9McoENF,6D7fgzpPZXtDB6Zqg3xRwfbohzerbytB2U5pFchnVuzw,to BsE9eW5XguKXHmxvzAzR9vf5DBh393N5827bRWUSzKo8,USDC,162.39,162.39
0,Exploiter Transfered 161.92USDC to 3WicVQfuMx2FgQe41cUZEYUHVW58BCc9uMkh9fpLqCbZ worth 161.91USD 0 minutes later,Transfered,2022-03-23 09:42:18.000,2WkhCWg7gySjLNvDBnXbGqqx8Ezsy9diRP1Lhmw4yMAziK96JPDa8Rx2NZq9FuzAK2vadQmmB579wdhdzoqt73WA,6D7fgzpPZXtDB6Zqg3xRwfbohzerbytB2U5pFchnVuzw,to 3WicVQfuMx2FgQe41cUZEYUHVW58BCc9uMkh9fpLqCbZ,USDC,161.92,161.91
0,Exploiter Transfered 161.69USDC to HerqZK8zbhECEkJt39jQQrMGCmMYozAqN7Fjedo23LnK worth 161.68USD 0 minutes later,Transfered,2022-03-23 09:42:28.000,2Nu2yjdWdJJPbQN9MxyZdfsVn1c6VwyQ2xjTHPmoEjCiB3GofhQsLKzGtM4TF5cGxBPnNTp417K5cbFsFtrHtKEz,6D7fgzpPZXtDB6Zqg3xRwfbohzerbytB2U5pFchnVuzw,to HerqZK8zbhECEkJt39jQQrMGCmMYozAqN7Fjedo23LnK,USDC,161.69,161.68
0,Exploiter Transfered 156.83USDC to EHi1UBG8wMUFZECktsFUZkGjJPaBNEedswS62hyYn6jC worth 156.83USD 0 minutes later,Transfered,2022-03-23 09:42:37.000,HbdHVjq7HttA3KKZyCGQmvZZAoD7iapFBGvm3db8ibJP6GLHbboVQyxorRmiRHjHRk92bMoi6c7BkLwcQS3wUSi,6D7fgzpPZXtDB6Zqg3xRwfbohzerbytB2U5pFchnVuzw,to EHi1UBG8wMUFZECktsFUZkGjJPaBNEedswS62hyYn6jC,USDC,156.83,156.83
0,Exploiter Transfered 152.09USDC to 3PKhzE9wuEkGPHHu2sNCvG86xNtDJduAcyBPXpE6cSNt worth 152.09USD 0 minutes later,Transfered,2022-03-23 09:42:53.000,Lwik6dcrLQydnvtkhkrEcFHEPdsHvc44aR8NuP1jy99yKb1Ask6yQr9pthQ7Q1u4P9NspHiHjxH75ogqcUNVfFq,6D7fgzpPZXtDB6Zqg3xRwfbohzerbytB2U5pFchnVuzw,to 3PKhzE9wuEkGPHHu2sNCvG86xNtDJduAcyBPXpE6cSNt,USDC,152.09,152.09
1,Exploiter Transfered 149.99USDC to EkAksjdsqKexXaMJzftb9UqvUTi6uhQdwAZafWc8iY8P worth 149.99USD 1 minutes later,Transfered,2022-03-23 09:43:00.000,4bSdFPvzE7PyADjgLaCbzWndhTguohTK6iziQ9StvYJkjArcQWVzozRpofUccfnCRhzBo3MxMnApucPwTYo2a3ze,6D7fgzpPZXtDB6Zqg3xRwfbohzerbytB2U5pFchnVuzw,to EkAksjdsqKexXaMJzftb9UqvUTi6uhQdwAZafWc8iY8P,USDC,149.99,149.99
0,Exploiter Transfered 148.87USDC to 9sFqcJN3skREwr7FrfXchuaHrr5gMeFTxybvdvQFaVHD worth 148.87USD 0 minutes later,Transfered,2022-03-23 09:43:09.000,WMAMUn22LG3Zipj4BC8sdc6jiYrxVsMM4csDidPNkwYUbshVvNxYa447HTrQVkHP8zy3VwfnX5d8pxS7vCddnHH,6D7fgzpPZXtDB6Zqg3xRwfbohzerbytB2U5pFchnVuzw,to 9sFqcJN3skREwr7FrfXchuaHrr5gMeFTxybvdvQFaVHD,USDC,148.87,148.87
0,Exploiter Transfered 145.8USDC to HoEsB8xsBzGR4Ghpqwf26JzDdxErvr18MjLQUM2sh8Ur worth 145.8USD 0 minutes later,Transfered,2022-03-23 09:43:18.000,AuLL77H7JZMriZns34mnZKzswhCKc73wBHFpPJ8bahfKhQQQcNPJLsM8gMABq7jW9aJU4BwzsH4q2ScSW6ArMmk,6D7fgzpPZXtDB6Zqg3xRwfbohzerbytB2U5pFchnVuzw,to HoEsB8xsBzGR4Ghpqwf26JzDdxErvr18MjLQUM2sh8Ur,USDC,145.8,145.8
0,Exploiter Transfered 127.41USDC to 8HsJTrmqqHJcRDJXRTJdkPMxMRYzVsFJiAuRryJ6xchs worth 127.41USD 0 minutes later,Transfered,2022-03-23 09:43:28.000,5NVi2qLAFgwfFFVLVfFZzff1sLWeWSGfjA8DTDWPMkogGtFUKrTQMfrH3PLweKZkxj1pNDo5qW2aheQKpybYBDqu,6D7fgzpPZXtDB6Zqg3xRwfbohzerbytB2U5pFchnVuzw,to 8HsJTrmqqHJcRDJXRTJdkPMxMRYzVsFJiAuRryJ6xchs,USDC,127.41,127.41
0,Exploiter Transfered 122.94USDC to 7KVLb7zzAsNAV35QjgtCGi5XBJo83QV46KosYkVRBXAJ worth 122.94USD 0 minutes later,Transfered,2022-03-23 09:43:36.000,DETqBaWLwde8tSVVBFz3M5rTfdNUiQNbpHPGBf8NzcLySgvCdcDwJRdzTv8r6P1u8ocTx5Djgx2hnCzYmevEhLT,6D7fgzpPZXtDB6Zqg3xRwfbohzerbytB2U5pFchnVuzw,to 7KVLb7zzAsNAV35QjgtCGi5XBJo83QV46KosYkVRBXAJ,USDC,122.94,122.94
0,Exploiter Transfered 122.71USDC to 8CkKFSqsExvYKxSiWsYvRF1GCKW5THC9uSNvCg3Ezykj worth 122.71USD 0 minutes later,Transfered,2022-03-23 09:43:43.000,HaT3ofD4JcCbeGvF7YwUzMyUFTbU8j3LWmzmR41P1fKvdjgwK7pFn1wH5ATvRueYTruf2g3Mkco2N4bvxQUapJK,6D7fgzpPZXtDB6Zqg3xRwfbohzerbytB2U5pFchnVuzw,to 8CkKFSqsExvYKxSiWsYvRF1GCKW5THC9uSNvCg3Ezykj,USDC,122.71,122.71
0,Exploiter Transfered 121.01USDC to 3VK466JnamfmiSTshXSkrS7HiZtAsH6D3Bjkr5rHmFuK worth 121USD 0 minutes later,Transfered,2022-03-23 09:43:50.000,2riPjDmqSSyfCRgmsMuYa8BC4TohSUmA9qiFHzqCxZQdny1yLKiJLtp4uiCd3NGfF38yCST6RbGZUWj6BJNLhUVQ,6D7fgzpPZXtDB6Zqg3xRwfbohzerbytB2U5pFchnVuzw,to 3VK466JnamfmiSTshXSkrS7HiZtAsH6D3Bjkr5rHmFuK,USDC,121.01,121
1,Exploiter Transfered 117.46USDC to QGb8jmR6xnMtmuisKuJtTRV8eU6n2kAn1BjAVyjYHea worth 117.46USD 1 minutes later,Transfered,2022-03-23 09:44:00.000,5ULS8YGGH4cKxgjkJWTvD4YsRKSNuHHuFmtpMRDSK6pVcmaoBNpMaYNUb1sWXSbwVEF47S7GHS6qfDXyNVgvTFyg,6D7fgzpPZXtDB6Zqg3xRwfbohzerbytB2U5pFchnVuzw,to QGb8jmR6xnMtmuisKuJtTRV8eU6n2kAn1BjAVyjYHea,USDC,117.46,117.46
0,Exploiter Transfered 114.98USDC to 4m5wvLH13Z3X5zcjC3QXemzakeAnqv2QoD8oxHs7XY7W worth 114.98USD 0 minutes later,Transfered,2022-03-23 09:44:08.000,ZcpEwh5qR7YMQRLUgjmZ7TdfHxs5FDp69sPHSnRHcr112hfkiw5EPAHmsd7SCouPHKKmJ9bKZcbJmAAZFbjG9hV,6D7fgzpPZXtDB6Zqg3xRwfbohzerbytB2U5pFchnVuzw,to 4m5wvLH13Z3X5zcjC3QXemzakeAnqv2QoD8oxHs7XY7W,USDC,114.98,114.98
0,Exploiter Transfered 112USDC to 4jEKVLDjEBYbYgwY4QHCRYfLEHmZqQWxNfaGxGvC6nRR worth 112USD 0 minutes later,Transfered,2022-03-23 09:44:17.000,4tva4utu6jZ57DkbEqEx4TxbeiKWphaQhPGz4FZuVdxtubZhZq9U4ZvPN1A31C3J8VLhzmTLvzYKuQ8TZsN8wGnw,6D7fgzpPZXtDB6Zqg3xRwfbohzerbytB2U5pFchnVuzw,to 4jEKVLDjEBYbYgwY4QHCRYfLEHmZqQWxNfaGxGvC6nRR,USDC,112,112
0,Exploiter Transfered 111.38USDC to 38u35g5SQWuZzn3rSN4tPbqij57Q1BNTZVmLAcskbg8F worth 111.38USD 0 minutes later,Transfered,2022-03-23 09:44:26.000,3H6RQTYTYqCpWpDCxjExfXRPMpfmV2S3r1M8UjrZs32XYgTKYuctp6NnJQYykiwUhKr3YZXBBYEEkiguqH15XgGt,6D7fgzpPZXtDB6Zqg3xRwfbohzerbytB2U5pFchnVuzw,to 38u35g5SQWuZzn3rSN4tPbqij57Q1BNTZVmLAcskbg8F,USDC,111.38,111.38
0,Exploiter Transfered 111.04USDC to 8dE8PJp7BEYbmSrpMhvxh2Ro9KUiKoEFs3Mi7Xh18Cgz worth 111.04USD 0 minutes later,Transfered,2022-03-23 09:44:34.000,tcNDtBavQwm3CbUJTGyBvGCZ8E2V3ZG49SxJ7gb6CrcgZSvHsZ1cHGQLE3wVnCjcRPuzdXxgRss5vVLsFsgW9Ps,6D7fgzpPZXtDB6Zqg3xRwfbohzerbytB2U5pFchnVuzw,to 8dE8PJp7BEYbmSrpMhvxh2Ro9KUiKoEFs3Mi7Xh18Cgz,USDC,111.04,111.04
0,Exploiter Transfered 109.99USDC to GGMtiFtLFV5SnkY63peFhQji3uE4RBV2X3vzLRSzzw4v worth 109.99USD 0 minutes later,Transfered,2022-03-23 09:44:42.000,2Z5MZP2gQiR3tbMkMHScoxRWqzJoMH4YZinzo2qhbgdhSRwUW9sMpB4qNfuB9s2Gjeip6qhNaqbuGj8tgvc7Bg12,6D7fgzpPZXtDB6Zqg3xRwfbohzerbytB2U5pFchnVuzw,to GGMtiFtLFV5SnkY63peFhQji3uE4RBV2X3vzLRSzzw4v,USDC,109.99,109.99
0,Exploiter Transfered 109.76USDC to 8tGtC5zarPz73aCN6yR52Lz2cbPEZ6YjQAEKmQCbrED8 worth 109.76USD 0 minutes later,Transfered,2022-03-23 09:44:51.000,fixYmMxHA9Rufqn9541ozPvfTGTAzg4dNCeGDc372D7BWrmxW6ZkQ9Q69DNi2FNn4jHMvJ142eJ1smkzuiGsiia,6D7fgzpPZXtDB6Zqg3xRwfbohzerbytB2U5pFchnVuzw,to 8tGtC5zarPz73aCN6yR52Lz2cbPEZ6YjQAEKmQCbrED8,USDC,109.76,109.76
1,Exploiter Transfered 108USDC to 8ymvtqjxfYhcsPvFgp9qeYD9w4vcPQ6AqzbEaxDvQhk5 worth 108USD 1 minutes later,Transfered,2022-03-23 09:45:01.000,Edyc2yg5J7UTp9cptFkwB1Ucov5b2isqWnv9dTTHzKrm9x4DVBNf3DZ52PQWHAmDNfi5JmqtZRf7bPhWTHF9W8z,6D7fgzpPZXtDB6Zqg3xRwfbohzerbytB2U5pFchnVuzw,to 8ymvtqjxfYhcsPvFgp9qeYD9w4vcPQ6AqzbEaxDvQhk5,USDC,108,108
0,Exploiter Transfered 107USDC to ByoC6gHWCcqZAH6zzLoborfAJG7p8E64uHizALhzjWhh worth 107USD 0 minutes later,Transfered,2022-03-23 09:45:11.000,3tPHNMV8h6v9VKstWXaVNzhV1Y4zRXoxJAwGUC6hXCJ6KFL9q2xugeUuTcBbKSeYAr2FGatygtTzmb56A4DQxJNa,6D7fgzpPZXtDB6Zqg3xRwfbohzerbytB2U5pFchnVuzw,to ByoC6gHWCcqZAH6zzLoborfAJG7p8E64uHizALhzjWhh,USDC,107,107
0,Exploiter Transfered 106.81USDC to 9PKnXDzhLhUEoXcE2mjFW1EyHeijPuHxxoANBLnRDEZi worth 106.81USD 0 minutes later,Transfered,2022-03-23 09:45:21.000,48kEEtvyYsA5QhkK1sJDBA1Mc1keFEtSdMB2MvRZ51nrr61EGSpbo68tTjLVyuq5w4fna6QUc27Dh84EcmyQ3yXa,6D7fgzpPZXtDB6Zqg3xRwfbohzerbytB2U5pFchnVuzw,to 9PKnXDzhLhUEoXcE2mjFW1EyHeijPuHxxoANBLnRDEZi,USDC,106.81,106.81
0,Exploiter Transfered 106.67USDC to 3F67sW7ea4ekJcknWiWucFEfziHW2YWU6YPLwnViNUqZ worth 106.66USD 0 minutes later,Transfered,2022-03-23 09:45:28.000,3UwkQPeEDQjEaKEF9x7AVuZa9iLFyW4vcKd71wZN7onVzDxmBFc2eSod6c9f4dBMdAHyQMBkigQ3m1W5tCfd9Gwu,6D7fgzpPZXtDB6Zqg3xRwfbohzerbytB2U5pFchnVuzw,to 3F67sW7ea4ekJcknWiWucFEfziHW2YWU6YPLwnViNUqZ,USDC,106.67,106.66
0,Exploiter Transfered 106.22USDC to 3tduBPiUYTUGxyxD4xbSDn5GkQ8UgLYKsPzRrxZj9Tf5 worth 106.22USD 0 minutes later,Transfered,2022-03-23 09:45:59.000,4fiMkYh1QqtgPqz8mnmKGbnSvAQPaMKPmbA1wQqKJLmaWPnpHKxebySugbumagHkMz9oUxyyUrVqvJb124Lv3UD,6D7fgzpPZXtDB6Zqg3xRwfbohzerbytB2U5pFchnVuzw,to 3tduBPiUYTUGxyxD4xbSDn5GkQ8UgLYKsPzRrxZj9Tf5,USDC,106.22,106.22
1,Exploiter Transfered 106USDC to DRzYW2A9hRPPCiuqfSxxWnCMyczKPELspqvXATXP1P6N worth 106USD 1 minutes later,Transfered,2022-03-23 09:46:06.000,2oKCmXx1H7LhCWsbL45V3MLhipmhvYj2pT28cP1Yshf8tLi6vvJ53dDTtkRJJuU2wxWXeVSt4wTrSjbjUpE9yNBj,6D7fgzpPZXtDB6Zqg3xRwfbohzerbytB2U5pFchnVuzw,to DRzYW2A9hRPPCiuqfSxxWnCMyczKPELspqvXATXP1P6N,USDC,106,106
0,Exploiter Transfered 106USDC to BH4uzfo5PM8LGxVAQP5Jtkddw5oxQ8PynTyXcejjVqsJ worth 106USD 0 minutes later,Transfered,2022-03-23 09:46:15.000,39gjUPGyAtbQ2XU4ytBmHwjJ7hVrdnTtL89Fvtkh1gPLUiD46zScM7TFWf5udW7FW6EZzkzvPVZNkPePW1Ymhgte,6D7fgzpPZXtDB6Zqg3xRwfbohzerbytB2U5pFchnVuzw,to BH4uzfo5PM8LGxVAQP5Jtkddw5oxQ8PynTyXcejjVqsJ,USDC,106,106
0,Exploiter Transfered 106USDC to BGfxHDFBbq9Jw1Qa5jDoCYnJiMDCEGF53592EEQQgBgg worth 106USD 0 minutes later,Transfered,2022-03-23 09:46:23.000,4RURTfN5y7aWBxgFxxgngt5yV48a5FCyZEkg9DrcW7jYn9KWkiCJoYZhn8iKRiFGeUGBdwsXuykGzrgQz5a6Pvas,6D7fgzpPZXtDB6Zqg3xRwfbohzerbytB2U5pFchnVuzw,to BGfxHDFBbq9Jw1Qa5jDoCYnJiMDCEGF53592EEQQgBgg,USDC,106,106
0,Exploiter Transfered 106USDC to BeraNoTe4ppAJykcZW2ZrHxUe62y7X4hqh6GmM6bu1hM worth 106USD 0 minutes later,Transfered,2022-03-23 09:46:31.000,2otLSRF4YCQkCGuhZULD8DmJSXgQ7V4TyCWiKq8aEJWXb7W3ezER6wBhiG2RVckzYorCzGzYxWHf6io3o467pite,6D7fgzpPZXtDB6Zqg3xRwfbohzerbytB2U5pFchnVuzw,to BeraNoTe4ppAJykcZW2ZrHxUe62y7X4hqh6GmM6bu1hM,USDC,106,106
0,Exploiter Transfered 106USDC to 86przMWNGDjjfXKSi3gmw7d3MMrno3oz2SVjqh1pxifU worth 106USD 0 minutes later,Transfered,2022-03-23 09:46:38.000,zDQseTbtwoQkvgzSwskwHuTQB43hsay1LH2bfRLpHT7zuwewk7XQ7QLtuQH1M5dLN2jS3bYBRPwzW2mPE9pPnmV,6D7fgzpPZXtDB6Zqg3xRwfbohzerbytB2U5pFchnVuzw,to 86przMWNGDjjfXKSi3gmw7d3MMrno3oz2SVjqh1pxifU,USDC,106,106
0,Exploiter Transfered 106USDC to Gnc96gdvJ4QawoTbntQfswtx6vUiCR1VmZFoBVFQHeeT worth 106USD 0 minutes later,Transfered,2022-03-23 09:46:50.000,utCboUDk6J1si2v3G2trspFD76RztX2mH637bSAPNiJh71ksMrhwadzVQsQkfHUyS2NeYK46TcaytHAgbhQeMEL,6D7fgzpPZXtDB6Zqg3xRwfbohzerbytB2U5pFchnVuzw,to Gnc96gdvJ4QawoTbntQfswtx6vUiCR1VmZFoBVFQHeeT,USDC,106,106
0,Exploiter Transfered 106USDC to 2QhqNTmBC3Jchxmx57mAFZYzYkJexB66oFgQFR6Yzzvd worth 106USD 0 minutes later,Transfered,2022-03-23 09:46:59.000,4jgiDUSHHPJ6qZA1W6H325p9BvD9bth4ad71cs9NjjUDAXPknoCq6ws9G7BNNQzwuS6KGLMp6e9tUfCEyYwSEfaY,6D7fgzpPZXtDB6Zqg3xRwfbohzerbytB2U5pFchnVuzw,to 2QhqNTmBC3Jchxmx57mAFZYzYkJexB66oFgQFR6Yzzvd,USDC,106,106
1,Exploiter Transfered 106USDC to FaYRj7J65WnU598Eobmc4ksyaeBdrwvXLFBEZsQs8zQ2 worth 106USD 1 minutes later,Transfered,2022-03-23 09:47:08.000,5YRWEm9jfhGaVigAMZJc8RaYxXMZ328intSQ8V8hbdzbggVE4bDxm1YMqDz55h2GgrR8anP1NjAXpX2YTSstohoa,6D7fgzpPZXtDB6Zqg3xRwfbohzerbytB2U5pFchnVuzw,to FaYRj7J65WnU598Eobmc4ksyaeBdrwvXLFBEZsQs8zQ2,USDC,106,106
0,Exploiter Transfered 106USDC to AGy19C8DViv6YpvUCHyV3T91VFJe5LuAMLwq4P6orPhS worth 106USD 0 minutes later,Transfered,2022-03-23 09:47:16.000,HZk1JZ793vKUhxk6z8rX3Epa8JKZrgXVeupC9LGGLPXVV6GbcdvCPf9kRKhrNsLTbpgcn4phTfggeH3AZ5RyUzB,6D7fgzpPZXtDB6Zqg3xRwfbohzerbytB2U5pFchnVuzw,to AGy19C8DViv6YpvUCHyV3T91VFJe5LuAMLwq4P6orPhS,USDC,106,106
0,Exploiter Transfered 106USDC to CieifEZm3NYs68hjdf3dbKBABMCjnKVf9V9VuUXrwkCy worth 106USD 0 minutes later,Transfered,2022-03-23 09:47:22.000,2eEZca7cz5oGyUkUbABQdTBv9iRNsJEUVfew9f2fToqoUUgGBqGwMqenzrpTwEncuAnqWsTGWC7ko26ESdHCSmSS,6D7fgzpPZXtDB6Zqg3xRwfbohzerbytB2U5pFchnVuzw,to CieifEZm3NYs68hjdf3dbKBABMCjnKVf9V9VuUXrwkCy,USDC,106,106
0,Exploiter Transfered 105.83USDC to G8coqSDJWmcxbDc1GAX6SGv8PCoxDNfcfp2wY99CGPzt worth 105.83USD 0 minutes later,Transfered,2022-03-23 09:47:56.000,3tT6TvkNpfLuV8Gdw46QAFqprbu3WuKRiqk4YRTZ1yLPtqCRMRZQZPugJJXJwyi8LTUAkbcFVgJnxWrJnnWQdTLY,6D7fgzpPZXtDB6Zqg3xRwfbohzerbytB2U5pFchnVuzw,to G8coqSDJWmcxbDc1GAX6SGv8PCoxDNfcfp2wY99CGPzt,USDC,105.83,105.83
1,Exploiter Transfered 105.74USDC to F1B8CnpyBdNZNq1WvVjTmtYApH9VoNDmHLDj5qm1i4AB worth 105.74USD 1 minutes later,Transfered,2022-03-23 09:48:04.000,2uecTQwj1JUzzgLkEjSS8bFXJwS4vfC893fYKWtLNxLUxNT4rt6r262icEYhJc8Bg4i6svoyxeijA78x8QqMTtFZ,6D7fgzpPZXtDB6Zqg3xRwfbohzerbytB2U5pFchnVuzw,to F1B8CnpyBdNZNq1WvVjTmtYApH9VoNDmHLDj5qm1i4AB,USDC,105.74,105.74
0,Exploiter Transfered 105.19USDC to Dx4KfUETjHBCWzzZKXVnEWXJSiP8JUkcb2ndaF1pas6t worth 105.18USD 0 minutes later,Transfered,2022-03-23 09:48:13.000,3wmcqHzakqpk1NpLFBmnTkYu2fu2xqnBr1BrTV8VHccS8EgmXHSnvPDN1FqjgTbriFeRVTd14ZkKEKoNHFgRKiTr,6D7fgzpPZXtDB6Zqg3xRwfbohzerbytB2U5pFchnVuzw,to Dx4KfUETjHBCWzzZKXVnEWXJSiP8JUkcb2ndaF1pas6t,USDC,105.19,105.18
0,Exploiter Transfered 105.09USDC to BLtnM3ELZcveJ1YEBzttFjE68whBg3AVoVUetQnwdkoV worth 105.08USD 0 minutes later,Transfered,2022-03-23 09:48:21.000,3BsdbCHm8RnMrgjBR41vQyoQRPqD1ZTBCvJP8F43EQA3ybrrht2TFomM6RixDCmrBoBP5vEUwCNUjKjVc1vEwQXV,6D7fgzpPZXtDB6Zqg3xRwfbohzerbytB2U5pFchnVuzw,to BLtnM3ELZcveJ1YEBzttFjE68whBg3AVoVUetQnwdkoV,USDC,105.09,105.08
0,Exploiter Transfered 105USDC to 4HDhYNhWBEm9RvtqiuGkYSeNNM25oNfD3AVmfjWzEaKg worth 105USD 0 minutes later,Transfered,2022-03-23 09:48:28.000,3r26reJGo8PLt3duwwsdxwEFk6fP1FySGJXPHfhLN6JMziynR9bot6fJCwjKeipdq744nSoUHAGmVpVipZEUN6Wj,6D7fgzpPZXtDB6Zqg3xRwfbohzerbytB2U5pFchnVuzw,to 4HDhYNhWBEm9RvtqiuGkYSeNNM25oNfD3AVmfjWzEaKg,USDC,105,105
0,Exploiter Transfered 105USDC to BuocTZzUH6rk6Ag6SjyLgak9vGxxChsiaSuGHMCCPowY worth 105USD 0 minutes later,Transfered,2022-03-23 09:48:38.000,25MzUswLD9fntW9hxmF14Y2t5678H6n46BSPps3s1HnzN8cMGZdN1pvsLjXobjzTfzTA6aabJLnB4Hamh76KAaUb,6D7fgzpPZXtDB6Zqg3xRwfbohzerbytB2U5pFchnVuzw,to BuocTZzUH6rk6Ag6SjyLgak9vGxxChsiaSuGHMCCPowY,USDC,105,105
0,Exploiter Transfered 104.8USDC to 7NgBVUhMrbFhm2o7mGXrJejZsCGRqmJ18PLEJCPCpZoD worth 104.79USD 0 minutes later,Transfered,2022-03-23 09:48:48.000,2ewKP3mXVi7aGo7PxifuG6uzCQF9ywWdhmHo8SpF2PpTV6ULCmGTcXN5VgKBdrCBUeZSyypwcrU4e3m3ZZbXPqfR,6D7fgzpPZXtDB6Zqg3xRwfbohzerbytB2U5pFchnVuzw,to 7NgBVUhMrbFhm2o7mGXrJejZsCGRqmJ18PLEJCPCpZoD,USDC,104.8,104.79
0,Exploiter Transfered 104USDC to m1zh8igAY5PxG88X1xH4TLD7qxMSE7LiKujjuGDB3pJ worth 104USD 0 minutes later,Transfered,2022-03-23 09:48:56.000,3WtVAifqJ2SEfuq6HpyaUALTT22xPqedfFkbKFfYBYp33uTZDfSspZp7pJnUE17hNmzjjT9ccyE1XnXyKZUpBUSs,6D7fgzpPZXtDB6Zqg3xRwfbohzerbytB2U5pFchnVuzw,to m1zh8igAY5PxG88X1xH4TLD7qxMSE7LiKujjuGDB3pJ,USDC,104,104
1,Exploiter Transfered 103.41USDC to BWZubRZKKxUrV2rawBGRJoCVdFEQpaaBPQXxdiCinccz worth 103.41USD 1 minutes later,Transfered,2022-03-23 09:49:03.000,4AVkhMHR2zYD5KmYT27Sn7VhfXPhzX6TWZX6uVnRv3ZP6kawwYXLuN2mfefDRUaUucHRpjqmvoWayKKe3pYoR6t3,6D7fgzpPZXtDB6Zqg3xRwfbohzerbytB2U5pFchnVuzw,to BWZubRZKKxUrV2rawBGRJoCVdFEQpaaBPQXxdiCinccz,USDC,103.41,103.41
0,Exploiter Transfered 103.02USDC to CkJn1a53c1ZXe5XLZ38ZgsPa1WX28PUiMWHqtJayjfWE worth 103.02USD 0 minutes later,Transfered,2022-03-23 09:49:47.000,5d8bSfToFHL8VTUVVUWXwa1FtmQ9bkNp2E9EtKZAJLK1ZT8ubZN1wXJddPKw8UvZXrJaET55M9qXYhMCfPQUWkgJ,6D7fgzpPZXtDB6Zqg3xRwfbohzerbytB2U5pFchnVuzw,to CkJn1a53c1ZXe5XLZ38ZgsPa1WX28PUiMWHqtJayjfWE,USDC,103.02,103.02
1,Exploiter Transfered 102.8USDC to 8Mz2QT2Ro1s9Qhk3gkoJxFnyGaapycFVmhhoM86nSqni worth 102.8USD 1 minutes later,Transfered,2022-03-23 09:50:12.000,b1avhwGBrW3AjMDJXHFeUFrL7V7zbKnHW1XpTSQ3fVYTpgdvGVBub4NNE5FdXM8XVk3VDf4LH7zS6uNKREBGczN,6D7fgzpPZXtDB6Zqg3xRwfbohzerbytB2U5pFchnVuzw,to 8Mz2QT2Ro1s9Qhk3gkoJxFnyGaapycFVmhhoM86nSqni,USDC,102.8,102.8
0,Exploiter Transfered 102USDC to 3jRJBaX1XgnrwxSnTHNYrhw1teg1J5n6Cb9Y9t6Gvr3p worth 102USD 0 minutes later,Transfered,2022-03-23 09:50:19.000,5mrXveZnTNawFyXG4YLM5mMhJHEm6jK2kDbeWB4fKbetGyZtYALQ4nJyfV7ph8VKMDMpKQeoxkH4s13tZZgiRy7U,6D7fgzpPZXtDB6Zqg3xRwfbohzerbytB2U5pFchnVuzw,to 3jRJBaX1XgnrwxSnTHNYrhw1teg1J5n6Cb9Y9t6Gvr3p,USDC,102,102
0,Exploiter Transfered 101.96USDC to 9tejkd9g5U6b833kugiP3P2tgtaqfoqnHQrBtzRnSZe6 worth 101.96USD 0 minutes later,Transfered,2022-03-23 09:50:27.000,5eEbbrDk9sXDFnQWaSPGaZsgmPtXo1xcywDyYA7yjnBYXHsc2NvXJ2ytfmPsyT2qNCEiiJx72E9q8QKWqFjRgsS4,6D7fgzpPZXtDB6Zqg3xRwfbohzerbytB2U5pFchnVuzw,to 9tejkd9g5U6b833kugiP3P2tgtaqfoqnHQrBtzRnSZe6,USDC,101.96,101.96
0,Exploiter Transfered 101.61USDC to 8w6CkZjw2egvAy9CykZfqz7mdRMxcSyzU4mT5WNLHs5Q worth 101.61USD 0 minutes later,Transfered,2022-03-23 09:50:35.000,3QPjn1uz1coMy8HrJZNSkLEdPrbR3vo4aREXGxXU95WnUP7qbL9kvFAjS9AjgYDkhmBQ96texW4PmSfArvbZohhf,6D7fgzpPZXtDB6Zqg3xRwfbohzerbytB2U5pFchnVuzw,to 8w6CkZjw2egvAy9CykZfqz7mdRMxcSyzU4mT5WNLHs5Q,USDC,101.61,101.61
0,Exploiter Transfered 100.61USDC to DUmN6ncLA7zY5Vd64CuSgNZLY4r6aSWwfB2AWN5tg7Hf worth 100.61USD 0 minutes later,Transfered,2022-03-23 09:50:47.000,2ottkKAmURcT9bT6fPknWyppHsuh9r7MJaLX7Z5BPzjc8D3NZ8vDiMUeD8vcQEqMP6vgA7ELQsAFaCW4ZtVX6EL3,6D7fgzpPZXtDB6Zqg3xRwfbohzerbytB2U5pFchnVuzw,to DUmN6ncLA7zY5Vd64CuSgNZLY4r6aSWwfB2AWN5tg7Hf,USDC,100.61,100.61
0,Exploiter Transfered 100.51USDC to GNNk6bLek9rmDfdVXMUuHp9LVfuX4CxhiBGLuC2CvEgA worth 100.51USD 0 minutes later,Transfered,2022-03-23 09:50:56.000,3wT9DmXgXpF39suTxjg9tdHvjpocPx9UJyAuRwAe8Perg33HBXR5wzQFWAZqChhQR3EpaqsAuuRbfBkt8qWRHZuf,6D7fgzpPZXtDB6Zqg3xRwfbohzerbytB2U5pFchnVuzw,to GNNk6bLek9rmDfdVXMUuHp9LVfuX4CxhiBGLuC2CvEgA,USDC,100.51,100.51
1,Exploiter Transfered 100.13USDC to CCbGAAeRvEArXvrmkSZYoHKyXHBa15AY43gZVZYuBaDn worth 100.13USD 1 minutes later,Transfered,2022-03-23 09:51:06.000,G2HFcMh9J7F1VhwsYdk6Yk83TofiSZPfGaoEVZcmNm9Ag2WNA9aftTHvJ7DC8XeamUZSZq8HcwvBVi4Ve3qsd8C,6D7fgzpPZXtDB6Zqg3xRwfbohzerbytB2U5pFchnVuzw,to CCbGAAeRvEArXvrmkSZYoHKyXHBa15AY43gZVZYuBaDn,USDC,100.13,100.13
0,Exploiter Transfered 100USDC to 9ERmKWMco84tQbFkYodAhvhCWXtEnGKkMwfos3h1psJE worth 100USD 0 minutes later,Transfered,2022-03-23 09:51:20.000,3miTwXtbpDQf1c7CmLAZ6XyNrLXdozbxJ6YU6vy5Lt2GJLneXQ9s1NRDhHu97cDyNF3KRE1ujjaUzzhc4WQV15on,6D7fgzpPZXtDB6Zqg3xRwfbohzerbytB2U5pFchnVuzw,to 9ERmKWMco84tQbFkYodAhvhCWXtEnGKkMwfos3h1psJE,USDC,100,100
0,Exploiter Transfered 99765.34USDC to FECXx4vHcB8HkZ7p2xdMg5vyG3WtwbCjGQWHPB1QUPFT worth 99762.56USD 0 minutes later,Transfered,2022-03-23 09:51:27.000,3kCNFhiwLagm1VsaqWCxkzNyxEdwW77nwtBbvq7ryiBvVZRLRw4vMTB6GaiJVf2cgYeZtJUZJM2M2o6Rw6bGGiVX,6D7fgzpPZXtDB6Zqg3xRwfbohzerbytB2U5pFchnVuzw,to FECXx4vHcB8HkZ7p2xdMg5vyG3WtwbCjGQWHPB1QUPFT,USDC,99765.34,99762.56
0,Exploiter Transfered 98963.02USDC to 3zZqhNLSBfiSFzr2m3G2sBYkxQwviCoLWpdjk6hp9CwM worth 98960.26USD 0 minutes later,Transfered,2022-03-23 09:51:35.000,WHMXiQzcTCnzwWrvJ84M9f9buiSePxbgRftzYHkKdJ5S371YJo6HLASpMuQKw51vZeCjuZUrqAaE8UNvLbmuaJc,6D7fgzpPZXtDB6Zqg3xRwfbohzerbytB2U5pFchnVuzw,to 3zZqhNLSBfiSFzr2m3G2sBYkxQwviCoLWpdjk6hp9CwM,USDC,98963.02,98960.26
0,Exploiter Transfered 98953.11USDC to BB8UWpKBWsTFSz8xAAQXs3xYVngrdgaKVP9rfRH8RTH9 worth 98950.35USD 0 minutes later,Transfered,2022-03-23 09:51:43.000,4nTdbjPuGMkCT3DP8CxvnKVa9jp5hxAaGMK8kCkzgrU9CL5A1Zz7xu9kB4suUWbusMT8h75yuN3Ufi7GCc5QE61P,6D7fgzpPZXtDB6Zqg3xRwfbohzerbytB2U5pFchnVuzw,to BB8UWpKBWsTFSz8xAAQXs3xYVngrdgaKVP9rfRH8RTH9,USDC,98953.11,98950.35
0,Exploiter Transfered 98944.13USDC to FhdcTuuUrhNfx9MeehaFn5kCAY7rswhsR1ZMNqFz3qrM worth 98941.37USD 0 minutes later,Transfered,2022-03-23 09:51:52.000,4gJ9S1P5vBygYXfrfDtMw1iYgxkYvMsPPmHqAp6PRkceMfFQXpzCG5BbPgRKaY9135VRABUBT9Afz2kE41PQyFoo,6D7fgzpPZXtDB6Zqg3xRwfbohzerbytB2U5pFchnVuzw,to FhdcTuuUrhNfx9MeehaFn5kCAY7rswhsR1ZMNqFz3qrM,USDC,98944.13,98941.37
1,Exploiter Transfered 98912.5USDC to 2prVAha5r1kKW4XeRdVw3Nqh1RJrD26xopypb2kxy5Zw worth 98909.74USD 1 minutes later,Transfered,2022-03-23 09:52:03.000,HGE7WinaWxsuLaaEUUGZ2jmNt7rNqMrEgtxSpsUni9ksR8Pf9sqriQiPypNTXxi4FAf7EsJeNgxuxXPKiuAWT7f,6D7fgzpPZXtDB6Zqg3xRwfbohzerbytB2U5pFchnVuzw,to 2prVAha5r1kKW4XeRdVw3Nqh1RJrD26xopypb2kxy5Zw,USDC,98912.5,98909.74
0,Exploiter Transfered 93459.95USDC to 7GkRFapYSEpbckBzGDbjEnvKqo2ZMab8mU96EBeKvBTm worth 93457.35USD 0 minutes later,Transfered,2022-03-23 09:52:11.000,3ZCPBhVgr3PJtZEFiwyMQm6p8rx1WsXC4cerqr88G6e61nJvQ98j6cGLU6dxn2Y5yacm9qhRJfEjmXvTeKaULC1u,6D7fgzpPZXtDB6Zqg3xRwfbohzerbytB2U5pFchnVuzw,to 7GkRFapYSEpbckBzGDbjEnvKqo2ZMab8mU96EBeKvBTm,USDC,93459.95,93457.35
0,Exploiter Transfered 92940.91USDC to DWGvit64q1E4TJjjrXoE6v87bG9S7hzJdCv1EzCARQCF worth 92938.32USD 0 minutes later,Transfered,2022-03-23 09:52:18.000,2poggj7x91qGZcQV9RHJgHWwaaTohj2zd53CYXM9j4j6F46rLYaAY2zmrH95g9qQFJMmi1BvaqAn6qUmnSzi1WcJ,6D7fgzpPZXtDB6Zqg3xRwfbohzerbytB2U5pFchnVuzw,to DWGvit64q1E4TJjjrXoE6v87bG9S7hzJdCv1EzCARQCF,USDC,92940.91,92938.32
0,Exploiter Transfered 86183.76USDC to G6VdMD5t472NgibFmqxwrw7gY379qMye5Q1RmVvi3sKT worth 86181.36USD 0 minutes later,Transfered,2022-03-23 09:52:28.000,5UywEzYPKMHsPaTrKtnw6vvQjrmfNT1xxZFWFvTK5NXo5xL4JEsJnotccKx6RtFd8jkk7w2J7XKfPWbNaHzoBFeZ,6D7fgzpPZXtDB6Zqg3xRwfbohzerbytB2U5pFchnVuzw,to G6VdMD5t472NgibFmqxwrw7gY379qMye5Q1RmVvi3sKT,USDC,86183.76,86181.36
0,Exploiter Transfered 73392.96USDC to AWdtdMmUbkE1Fc1nrceSfLyBgFuGUG7i4BYpnVrdQXVv worth 73390.91USD 0 minutes later,Transfered,2022-03-23 09:52:37.000,3JgeA559GJiGRJZVZeCfRtTiLpXB3MduhvXdez2ZDANRbNNGRQ3u1ehiADbYrASYQVT1NLs2u7Wyc33DuC5j2yzt,6D7fgzpPZXtDB6Zqg3xRwfbohzerbytB2U5pFchnVuzw,to AWdtdMmUbkE1Fc1nrceSfLyBgFuGUG7i4BYpnVrdQXVv,USDC,73392.96,73390.91
0,Exploiter Transfered 67334.44USDC to 5JA7bGXPRNib4SAKiW4hWcSMhFG5bi2WiqbZNCXeqgi8 worth 67332.57USD 0 minutes later,Transfered,2022-03-23 09:52:54.000,4ygTNmYA7QzHpdtPi5D4QET6Gq5YiuS8iTXfACmbxKogPnVbyUTZFm9SqPpN3vWdiSvRDB1UnRUTuH5hDPGQAfTP,6D7fgzpPZXtDB6Zqg3xRwfbohzerbytB2U5pFchnVuzw,to 5JA7bGXPRNib4SAKiW4hWcSMhFG5bi2WiqbZNCXeqgi8,USDC,67334.44,67332.57
1,Exploiter Transfered 66372.79USDC to XMyBxjd1HEiJZ2nDRPyzmp4udrN55hxxdDDjYQLtDyw worth 66370.94USD 1 minutes later,Transfered,2022-03-23 09:53:01.000,rqKScN7ThE4vTZFVeBDRu9pfVDTHrpDvojZfWCz67h7JHUXJiL2vEt7jm6kHTfWfbW7RAua9UcWjJhVNvEfP21w,6D7fgzpPZXtDB6Zqg3xRwfbohzerbytB2U5pFchnVuzw,to XMyBxjd1HEiJZ2nDRPyzmp4udrN55hxxdDDjYQLtDyw,USDC,66372.79,66370.94
0,Exploiter Transfered 61363.88USDC to H2FhCgmAkwrMyvpYmbjzawbKQmxQ4ftFes4bLLLpJc8k worth 61362.17USD 0 minutes later,Transfered,2022-03-23 09:53:10.000,4uwndR7KgSC2q6SyEExyjGWQur9oGd1yjMNGaijc38ueuMjQHprKJ7Bfsd4Vi3b7pcZ3ixDaX3mP5TWza5hm463h,6D7fgzpPZXtDB6Zqg3xRwfbohzerbytB2U5pFchnVuzw,to H2FhCgmAkwrMyvpYmbjzawbKQmxQ4ftFes4bLLLpJc8k,USDC,61363.88,61362.17
0,Exploiter Transfered 57500USDC to 67y4gbhayEZAvGSzxqWxPrnf7PEa8cY9qDiEvSAUTtU8 worth 57498.4USD 0 minutes later,Transfered,2022-03-23 09:53:19.000,5DGXHrU5n8YXpgc9txJk5FiQYDyD91cdh1T4puAyVTJ3Ts8cmcgGuixecBpREA6bfdeZn6nZGa5AN6p7dv6WXWYN,6D7fgzpPZXtDB6Zqg3xRwfbohzerbytB2U5pFchnVuzw,to 67y4gbhayEZAvGSzxqWxPrnf7PEa8cY9qDiEvSAUTtU8,USDC,57500,57498.4
0,Exploiter Transfered 54128.47USDC to 2HSUnUU85VEauU68mZAYjTbgB97bep92bJ9mbs8JLoGw worth 54126.96USD 0 minutes later,Transfered,2022-03-23 09:53:28.000,XWeX3ve6AhF5Ehcu6Fy9JES24WtYcKKWsHWLJe2FAK383ZSgUEiKpi4HBCGnkNkgVKjN7KP1t498Q9yagMoWMTp,6D7fgzpPZXtDB6Zqg3xRwfbohzerbytB2U5pFchnVuzw,to 2HSUnUU85VEauU68mZAYjTbgB97bep92bJ9mbs8JLoGw,USDC,54128.47,54126.96
0,Exploiter Transfered 51658.97USDC to EfhtN1gcx1KcgowdtrUEZUtWPp8exc1XdRAKrNFiiixB worth 51657.53USD 0 minutes later,Transfered,2022-03-23 09:53:39.000,5LEZYQXgCRLZcPPjh7jbmFyA5mVEvwaTiJJ363epN25KRUAzvDPNi4ciwDaUkDYD643ZBqGCpbbZvF1zvmJeyimP,6D7fgzpPZXtDB6Zqg3xRwfbohzerbytB2U5pFchnVuzw,to EfhtN1gcx1KcgowdtrUEZUtWPp8exc1XdRAKrNFiiixB,USDC,51658.97,51657.53
0,Exploiter Transfered 50165.96USDC to J34A4bgu9yJ8mJVdbDc8Gz9ip9RG7NJYZ9SaPWiyxWDC worth 50164.57USD 0 minutes later,Transfered,2022-03-23 09:53:47.000,ERYw2r2VpMR61qHvHGgLJEDFZsCK2iD8J9PzpprnfE9yy7qDDVNRhcyhjBQKtsVNvGvCr26FbyL5zBvTNSvjnzG,6D7fgzpPZXtDB6Zqg3xRwfbohzerbytB2U5pFchnVuzw,to J34A4bgu9yJ8mJVdbDc8Gz9ip9RG7NJYZ9SaPWiyxWDC,USDC,50165.96,50164.57
0,Exploiter Transfered 49499.77USDC to 5Qpf5CHwtkFpdFAurUvobU6XqbQq6YSfp4SyqAPgeqVW worth 49498.39USD 0 minutes later,Transfered,2022-03-23 09:53:54.000,rrG6poxMQAzUbpbvx6imPSMLwFdmRWrWnHdj1HbcrnYbp4b6n6z8vQgUfN1RWcmA8iLwL3SZdhc9RVpgxgkgd7o,6D7fgzpPZXtDB6Zqg3xRwfbohzerbytB2U5pFchnVuzw,to 5Qpf5CHwtkFpdFAurUvobU6XqbQq6YSfp4SyqAPgeqVW,USDC,49499.77,49498.39
1,Exploiter Transfered 49445.98USDC to 2W9NNaYqdnCoM9LbrUqiUQLS324jEKSEPz2bATahhPLq worth 49444.6USD 1 minutes later,Transfered,2022-03-23 09:54:02.000,4ohVyoRphgr3rx3ZbvMcLPgpvk9JioEVrgcN1eesLi1qcXPHZrZm3rd41pUh34WA7w7MBSmQjiYKXgrU6Ptqfaof,6D7fgzpPZXtDB6Zqg3xRwfbohzerbytB2U5pFchnVuzw,to 2W9NNaYqdnCoM9LbrUqiUQLS324jEKSEPz2bATahhPLq,USDC,49445.98,49444.6
0,Exploiter Transfered 49406.33USDC to 9K9CmAPw2sJRSYcsvEbwJTb7qiZcn1k3udQxiXUdG2iR worth 49404.96USD 0 minutes later,Transfered,2022-03-23 09:54:19.000,2o3ADduCS3TEMdQfcFu69wse81V2JZV2mvqNQDGvbjJxoyU5LNG6oVMMHocDsdyMPWzKyLGqG5YX7k3GDBrXvwPi,6D7fgzpPZXtDB6Zqg3xRwfbohzerbytB2U5pFchnVuzw,to 9K9CmAPw2sJRSYcsvEbwJTb7qiZcn1k3udQxiXUdG2iR,USDC,49406.33,49404.96
0,Exploiter Transfered 49130.68USDC to BvSZFGiTRrQ1iUqHPzYtEGvSH5xmw6841FSpG7H5oYhk worth 49129.31USD 0 minutes later,Transfered,2022-03-23 09:54:26.000,2mBmdaDjHsmJeDMt3XxnHfHa7qos1hi43xudbJWopHw7Uj2xwGENUNWb9o4X7nGdJXmHVEV9hZz4NYWmLWL3qYeC,6D7fgzpPZXtDB6Zqg3xRwfbohzerbytB2U5pFchnVuzw,to BvSZFGiTRrQ1iUqHPzYtEGvSH5xmw6841FSpG7H5oYhk,USDC,49130.68,49129.31
0,Exploiter Transfered 44646.74USDC to 72JMY7L5hVpH2437uiMRJ2TCUuQ4a67Wc2CZDAFVY1UQ worth 44645.49USD 0 minutes later,Transfered,2022-03-23 09:54:37.000,5XXk8oTfYxPjWrnNdCu6jLcDjM5RozZzaiMZSrRgyGvksr7c3fF69HtRu2cpi1bZs2nFwfMym3fRszbNaYr6D4CN,6D7fgzpPZXtDB6Zqg3xRwfbohzerbytB2U5pFchnVuzw,to 72JMY7L5hVpH2437uiMRJ2TCUuQ4a67Wc2CZDAFVY1UQ,USDC,44646.74,44645.49
0,Exploiter Transfered 44092.19USDC to BaZz6T7b18EbzvSovEwGkitAFmhj4KdgZyPehCQ9roR2 worth 44090.96USD 0 minutes later,Transfered,2022-03-23 09:54:47.000,5F2nZ5am1dNH6UjiC4t6VcQZrMNdzP64ytBhz4c9KVYPfNYwJY5AHaeUS8sw2aSpDjhyazTgPAZM1iFPCJNZiuQv,6D7fgzpPZXtDB6Zqg3xRwfbohzerbytB2U5pFchnVuzw,to BaZz6T7b18EbzvSovEwGkitAFmhj4KdgZyPehCQ9roR2,USDC,44092.19,44090.96
0,Exploiter Transfered 43682.17USDC to 7BuNv2ZJD5CkSjinEgQt2XVerGKMDX7MEYrMKN2Po66Z worth 43680.96USD 0 minutes later,Transfered,2022-03-23 09:54:53.000,E35vBLrhb5taKjVfg7JSK7EHLadtAiFP46GR4fXpL6gfyhkSVgbePe6avGAZR5bVnaswwtuEJ7dtazykWLVL7De,6D7fgzpPZXtDB6Zqg3xRwfbohzerbytB2U5pFchnVuzw,to 7BuNv2ZJD5CkSjinEgQt2XVerGKMDX7MEYrMKN2Po66Z,USDC,43682.17,43680.96
1,Exploiter Transfered 43654.46USDC to C3RLicxuuVAma9JLZMU5ewAfUmtCESwZwh5WByVULcJp worth 43653.24USD 1 minutes later,Transfered,2022-03-23 09:55:01.000,2ZuKrwB73wbrvCE9e2QXS7NYGxXFfCGtKHGSdDqmTTEZQNkJmqjgRykvWZWM9H5wxeYgPTiBKZD6nnHmxqbiiJbr,6D7fgzpPZXtDB6Zqg3xRwfbohzerbytB2U5pFchnVuzw,to C3RLicxuuVAma9JLZMU5ewAfUmtCESwZwh5WByVULcJp,USDC,43654.46,43653.24
0,Exploiter Transfered 40096.11USDC to BcJkfRiTvcXPaBEgbHYVpy7TquBxQZrHae2h7EdaWp3C worth 40095USD 0 minutes later,Transfered,2022-03-23 09:55:07.000,3Dmg5Evj5Cue15KGotgXNsavRoxHz1vwt5FJ1VG1WLZTquGXYXRTPUa3LqAn25vS4Sste8hu4sdTqeVg6VokYg8j,6D7fgzpPZXtDB6Zqg3xRwfbohzerbytB2U5pFchnVuzw,to BcJkfRiTvcXPaBEgbHYVpy7TquBxQZrHae2h7EdaWp3C,USDC,40096.11,40095
0,Exploiter Transfered 39601.56USDC to 8gqgKu7An4ftR53UQDTef7sGS3QD7K44d8ra2W2dirNs worth 39600.45USD 0 minutes later,Transfered,2022-03-23 09:55:50.000,62tdH4PSmoBsHjDT2ShpNrrrMb8V9xLnNDPaBmrFeHGBXTrwS4brTAjeNYS11GB7nu8pKvSZo6ya8JC7XMYEKASZ,6D7fgzpPZXtDB6Zqg3xRwfbohzerbytB2U5pFchnVuzw,to 8gqgKu7An4ftR53UQDTef7sGS3QD7K44d8ra2W2dirNs,USDC,39601.56,39600.45
0,Exploiter Transfered 34693.86USDC to HvhJMTKr5PYUjT4BpTpYEd3aBgKoJNac6drbYuEVfcAA worth 34692.9USD 0 minutes later,Transfered,2022-03-23 09:55:58.000,5J1UvtjfhMgzDQVJmcyfmpobfVxk5HbxCFeVpmRK7JpkHgFfQYcMkeNm65Yxg4Eeyut73kH4NxxdJfH9B5xQ3U5o,6D7fgzpPZXtDB6Zqg3xRwfbohzerbytB2U5pFchnVuzw,to HvhJMTKr5PYUjT4BpTpYEd3aBgKoJNac6drbYuEVfcAA,USDC,34693.86,34692.9
1,Exploiter Transfered 34525.23USDC to 6H28RahiqmHg98V896STd6MSee5WvX2WL2NmECuphFVU worth 34524.27USD 1 minutes later,Transfered,2022-03-23 09:56:06.000,5N3WB24eg12uScvB3Zz2Ku1L7dEZ2nH2iEaqLJ8cvJKbEJ3EwjXyXo3AWhBp8pphvXvQjM7xKet9PniXLDLJAiLe,6D7fgzpPZXtDB6Zqg3xRwfbohzerbytB2U5pFchnVuzw,to 6H28RahiqmHg98V896STd6MSee5WvX2WL2NmECuphFVU,USDC,34525.23,34524.27
0,Exploiter Transfered 30989.13USDC to 8BENtcDQfUTcbz8XnnG5ZYuceTXNHjY1mEisCvM7unh worth 30988.27USD 0 minutes later,Transfered,2022-03-23 09:56:12.000,2TdD7h2rXLnYzjSYcQxdGSW5EoyrszkKwtGQK2MPBT3yUAPcHysksBG8Yx5fRwt3EXjwEtueweAfeT7EB9MAXUx6,6D7fgzpPZXtDB6Zqg3xRwfbohzerbytB2U5pFchnVuzw,to 8BENtcDQfUTcbz8XnnG5ZYuceTXNHjY1mEisCvM7unh,USDC,30989.13,30988.27
0,Exploiter Transfered 29843.6USDC to X2WA3cRwpFjn62nrvSA2bkLmZnUsFEqF12cHwZ3Qsg3 worth 29842.77USD 0 minutes later,Transfered,2022-03-23 09:56:48.000,5k411GTA7Ryvh9dyPWSk9E9RpWT6X3BvMj2fH3ihGXGwrbgXLZRgCmGw3PmZNFjMHkc5NnqvP6yuXjNbqejRGL13,6D7fgzpPZXtDB6Zqg3xRwfbohzerbytB2U5pFchnVuzw,to X2WA3cRwpFjn62nrvSA2bkLmZnUsFEqF12cHwZ3Qsg3,USDC,29843.6,29842.77
1,Exploiter Transfered 29183.29USDC to 7ctyiNg2z8QurFX1SL5ZyTtDykFy7sFf7qxLS5Q176jg worth 29182.47USD 1 minutes later,Transfered,2022-03-23 09:57:11.000,2si6t1YPLjiHU2uSAiQnugH4Ldttr6f1DXzhrbNqv3pdjp7jq9JTRsrnyVbz6YCqBoQ7prqbi7bA27vUMhv3aDgW,6D7fgzpPZXtDB6Zqg3xRwfbohzerbytB2U5pFchnVuzw,to 7ctyiNg2z8QurFX1SL5ZyTtDykFy7sFf7qxLS5Q176jg,USDC,29183.29,29182.47
0,Exploiter Transfered 28905.72USDC to 6QCSi6UUP5CmEU3GBsHYrTA5CHzLFyXA58KuJBA5T2fT worth 28904.92USD 0 minutes later,Transfered,2022-03-23 09:57:31.000,39qT2zbyVfk7deeZe6tAMQALvpSG7pgnbk6gkztEwSKrGYtAEvyUTmdAEhhvzNnGhrwhsVGG9UhZMNb4BgAeFW5i,6D7fgzpPZXtDB6Zqg3xRwfbohzerbytB2U5pFchnVuzw,to 6QCSi6UUP5CmEU3GBsHYrTA5CHzLFyXA58KuJBA5T2fT,USDC,28905.72,28904.92
0,Exploiter Transfered 26027.57USDC to E5ZCSgdvULosu9iJhScSQiFQebMLiYj9yszAvJxsDdqx worth 26026.85USD 0 minutes later,Transfered,2022-03-23 09:57:40.000,3M86DboKRKHMdnz79Myj9oLYgAgxC4S4yGZs9ZgBMJZ1PNP7FYh6nzUGR8b4qrqrabAB2MbFV4CPqjrT6pWuZJmH,6D7fgzpPZXtDB6Zqg3xRwfbohzerbytB2U5pFchnVuzw,to E5ZCSgdvULosu9iJhScSQiFQebMLiYj9yszAvJxsDdqx,USDC,26027.57,26026.85
0,Exploiter Transfered 24885USDC to 6wT3yARSidCy1ZWGuxRjPQYUvQiTYqkk89AKRRkTZGT4 worth 24884.31USD 0 minutes later,Transfered,2022-03-23 09:57:50.000,3fZ77VSjWJieLuHJXJbLRfAiuLuCPAHBBoWecuuEUCyeqGerMxtgjF6pd2pRCtat7nrUuASiHdqWEUR4ovafeQHj,6D7fgzpPZXtDB6Zqg3xRwfbohzerbytB2U5pFchnVuzw,to 6wT3yARSidCy1ZWGuxRjPQYUvQiTYqkk89AKRRkTZGT4,USDC,24885,24884.31
0,Exploiter Transfered 24682.73USDC to HEuYezxdKgfWVvwupknD2HpLPhodpEgbg1Ljb1M12i1b worth 24682.04USD 0 minutes later,Transfered,2022-03-23 09:57:59.000,5RdTncbZ76jKwAxt1AFcGTMmazrcrCajcskwSjJkm9XsxdyFPtUT5sf9NstA3FZHyoFwzmQSqDcVgH12ns2cqABh,6D7fgzpPZXtDB6Zqg3xRwfbohzerbytB2U5pFchnVuzw,to HEuYezxdKgfWVvwupknD2HpLPhodpEgbg1Ljb1M12i1b,USDC,24682.73,24682.04
1,Exploiter Transfered 24671.53USDC to 7VP9kQvHyu9rkgkJvuCerjtRsyXABZFGwu8PdC8SVHzX worth 24670.84USD 1 minutes later,Transfered,2022-03-23 09:58:09.000,44jEd5f5xGa1Z8VySsLqsSJAX7Vdcc3J37myR9bypBZhL2rbyZEs3SGkjjvXFAMbt7h2LbCaYUuH7tHfS1VzSgvP,6D7fgzpPZXtDB6Zqg3xRwfbohzerbytB2U5pFchnVuzw,to 7VP9kQvHyu9rkgkJvuCerjtRsyXABZFGwu8PdC8SVHzX,USDC,24671.53,24670.84
0,Exploiter Transfered 19870.23USDC to 2q2gX7jAnbrWchTimLyCKx9XkiqRDsMQ75aC9BKmrcGx worth 19869.68USD 0 minutes later,Transfered,2022-03-23 09:58:16.000,jmfsZT8mPRQqqD7ifzmwfUrRZeJik9pVkbHKrx5njaJiFX3RJzA3Q4GgcR3u5KkKCwzsxBU2UWRBMcVwgcoLFM9,6D7fgzpPZXtDB6Zqg3xRwfbohzerbytB2U5pFchnVuzw,to 2q2gX7jAnbrWchTimLyCKx9XkiqRDsMQ75aC9BKmrcGx,USDC,19870.23,19869.68
0,Exploiter Transfered 19765.9USDC to XhW4WMXvgbuMuzkbZ4NsnHnb9qFxu6FeKB6uUtcSSZ2 worth 19765.35USD 0 minutes later,Transfered,2022-03-23 09:58:25.000,ydLZRSbZFxcAJted5fBQT4JRzEWc7a7Yr3Vu3i7N5HWodqi6v8ooYob9ZPmjpNnYCvSF9C3yPmduVY2vwVXQaVF,6D7fgzpPZXtDB6Zqg3xRwfbohzerbytB2U5pFchnVuzw,to XhW4WMXvgbuMuzkbZ4NsnHnb9qFxu6FeKB6uUtcSSZ2,USDC,19765.9,19765.35
0,Exploiter Transfered 19759.99USDC to D1o1Yu7pjAXkY3sWiGgQQWUkK7BQfzg8uCJfBpLC9VEm worth 19759.44USD 0 minutes later,Transfered,2022-03-23 09:58:35.000,5zUCiVREehXFQeoWsVBzZHbqyQzr29EDfgYGNa7jYksCeGzZKp413y2hj5fvLWe5cK7heffW78xVE5ntDuUstAfu,6D7fgzpPZXtDB6Zqg3xRwfbohzerbytB2U5pFchnVuzw,to D1o1Yu7pjAXkY3sWiGgQQWUkK7BQfzg8uCJfBpLC9VEm,USDC,19759.99,19759.44
0,Exploiter Transfered 19495.99USDC to 8kVy9fU6megLn1XXe3QtnSUFEuo5dmrTHmg6NVzmcoXx worth 19495.45USD 0 minutes later,Transfered,2022-03-23 09:58:44.000,1vhUJR1ZR8KWcxvHGC2G8pa7Pq6mGx19cCUmzQGr8VSXfPqMzmpRZoDNEXRM8LUTeusZ8UtDfTjJXHQ3EwGaWbd,6D7fgzpPZXtDB6Zqg3xRwfbohzerbytB2U5pFchnVuzw,to 8kVy9fU6megLn1XXe3QtnSUFEuo5dmrTHmg6NVzmcoXx,USDC,19495.99,19495.45
0,Exploiter Transfered 19300.44USDC to 3wHknJE9uZdX9rVNSGpZgjPqYDYv2HABYmHcfgaBM13D worth 19299.91USD 0 minutes later,Transfered,2022-03-23 09:58:55.000,2qNRLueGoHRmDkhDNDgJsxdjhTV4oVUhRm1bdaUEAnHj6LUJG3Bo5Bxi5W35AsyBiqK4BZwsrUSaFno82gb5hcr9,6D7fgzpPZXtDB6Zqg3xRwfbohzerbytB2U5pFchnVuzw,to 3wHknJE9uZdX9rVNSGpZgjPqYDYv2HABYmHcfgaBM13D,USDC,19300.44,19299.91
1,Exploiter Transfered 17777.77USDC to 2Z6yLmxcdudWnMfFNsZtFrWNswm6pWMTa1nSA7FtsYJd worth 17777.27USD 1 minutes later,Transfered,2022-03-23 09:59:02.000,5szRNQDwDun6Tmv63UpAH8qSDxB5voDopwPheyG7bZQvh5w41b5NS43847jRnsZzyTABGQ1GayRwPtibgHcgAPjq,6D7fgzpPZXtDB6Zqg3xRwfbohzerbytB2U5pFchnVuzw,to 2Z6yLmxcdudWnMfFNsZtFrWNswm6pWMTa1nSA7FtsYJd,USDC,17777.77,17777.27
0,Exploiter Transfered 17284.34USDC to FZ8gZqLSFnbeZENX7NrK8dWxGYhHsEgBNY6tqFXjBGhb worth 17283.86USD 0 minutes later,Transfered,2022-03-23 09:59:11.000,5U9hhP9mbUJLH97H1EtH5fpQjxQoThGkqzzLwAmUNgY4SpDfgEmqUvAiR6hanwJrC9E8naZDJUXPfCGKPnUEAt7m,6D7fgzpPZXtDB6Zqg3xRwfbohzerbytB2U5pFchnVuzw,to FZ8gZqLSFnbeZENX7NrK8dWxGYhHsEgBNY6tqFXjBGhb,USDC,17284.34,17283.86
0,Exploiter Transfered 16112.33USDC to DgvZoGsEw3oJBj1JsCAKLfxh1MB5YDDiy9AYGLKJe5XG worth 16111.88USD 0 minutes later,Transfered,2022-03-23 09:59:36.000,ysPB3t87MV9TVbQ1G55AKLodQgSqUmLEg2NM52iGucFMEgij3YUErAYUe5fT4sXXSDMFRBnzqp3jYy2JshApaLq,6D7fgzpPZXtDB6Zqg3xRwfbohzerbytB2U5pFchnVuzw,to DgvZoGsEw3oJBj1JsCAKLfxh1MB5YDDiy9AYGLKJe5XG,USDC,16112.33,16111.88
0,Exploiter Transfered 15752.58USDC to HydujDyg6rLiaRHqMdygg97xFB8ZjEJtFz4jH1wuNZvD worth 15752.14USD 0 minutes later,Transfered,2022-03-23 09:59:44.000,4tZDwGnjsD3R1vnTFk4k8Li1FKKwvpki2ftTtdL7zHJUrhuPnsFe6LmACKemPJwG8XvMNkFvC41h7DfCwtmosQDV,6D7fgzpPZXtDB6Zqg3xRwfbohzerbytB2U5pFchnVuzw,to HydujDyg6rLiaRHqMdygg97xFB8ZjEJtFz4jH1wuNZvD,USDC,15752.58,15752.14
0,Exploiter Transfered 14998.1USDC to DRyGxM4XEkrEybS6TpTFVSrUQzrMkGKNBmgpqFmDxtMj worth 14997.68USD 0 minutes later,Transfered,2022-03-23 09:59:52.000,3NGSiet5tKEZsjrMAd6ohioC1EeDRJugbzE9RtGoTbhhSPj3ktihu9x3P3rdcxdjXXJ4yGZuxVC5U77oLiSmYAHk,6D7fgzpPZXtDB6Zqg3xRwfbohzerbytB2U5pFchnVuzw,to DRyGxM4XEkrEybS6TpTFVSrUQzrMkGKNBmgpqFmDxtMj,USDC,14998.1,14997.68
0,Exploiter Transfered 14832.13USDC to BcfmHMVBegvcqonYt8nx5VzB33iqVGjaLrsqfkwzUTeo worth 14831.72USD 0 minutes later,Transfered,2022-03-23 09:59:58.000,zsUbgaVZEYUr5kqivxE3FBDKNRbqnYF68ZDnRFnPijta2HV4jMUZsjDXJNWao5q7dscYqzPZzCY7WZ9dwQyxSjC,6D7fgzpPZXtDB6Zqg3xRwfbohzerbytB2U5pFchnVuzw,to BcfmHMVBegvcqonYt8nx5VzB33iqVGjaLrsqfkwzUTeo,USDC,14832.13,14831.72
1,Exploiter Transfered 14062.83USDC to FsPVp6tH14pp7PaxUTgv6U27SQjUDtPhqJXjrGvC5EX5 worth 14062.44USD 1 minutes later,Transfered,2022-03-23 10:00:07.000,3F6EMmquT3SzM4by7eJada5y3y3dirqfqj8WX5D7NKf6xRrmbBLuFBKkrWzTQsxQ5nhf5Hdt6e79UVkDYSvuE28d,6D7fgzpPZXtDB6Zqg3xRwfbohzerbytB2U5pFchnVuzw,to FsPVp6tH14pp7PaxUTgv6U27SQjUDtPhqJXjrGvC5EX5,USDC,14062.83,14062.44
0,Exploiter Transfered 13750.71USDC to BZTJjfAfvL527LVfvBbxHimyqA7Zv27AJp8HAzRitrbx worth 13750.33USD 0 minutes later,Transfered,2022-03-23 10:00:16.000,31XqKLXKCbxijfLBgp1XmguH6UBS6c4nT7KZiE53roawhthRfUGkxcWR1CZeTjfDaUXFtp5AmBxC76t9TUMv6G3a,6D7fgzpPZXtDB6Zqg3xRwfbohzerbytB2U5pFchnVuzw,to BZTJjfAfvL527LVfvBbxHimyqA7Zv27AJp8HAzRitrbx,USDC,13750.71,13750.33
0,Exploiter Transfered 13040.3USDC to 7z6g44u3yKLsWtromfMUpbpUBXksoXKaG3rWfnZ5AguG worth 13039.94USD 0 minutes later,Transfered,2022-03-23 10:00:26.000,4QtZ53C9gqcoSLegC6LLkHjia11x6nM9VK5SniFn7wYDwZ4hGwhFeLEojXfJxfY8CTN5DqHQoSDV9nJ9VwjXtzBm,6D7fgzpPZXtDB6Zqg3xRwfbohzerbytB2U5pFchnVuzw,to 7z6g44u3yKLsWtromfMUpbpUBXksoXKaG3rWfnZ5AguG,USDC,13040.3,13039.94
0,Exploiter Transfered 12839.99USDC to HWDVzKfFtWE6mBQPZJRUAqZFY7AiLbXpzzijWsyEy2W9 worth 12839.64USD 0 minutes later,Transfered,2022-03-23 10:00:35.000,55pN58vY6nMQMsxRcPwDNj15grVHMGv1fFceRyFsTrxuCHPq5WtVJfByyezzBdpsFaeRoR18xVkfHVne5FCmZxhR,6D7fgzpPZXtDB6Zqg3xRwfbohzerbytB2U5pFchnVuzw,to HWDVzKfFtWE6mBQPZJRUAqZFY7AiLbXpzzijWsyEy2W9,USDC,12839.99,12839.64
0,Exploiter Transfered 12805.68USDC to GAnJUvZoUr3wFodG5taqRajFh5cBwutT9xRiZUH73DFW worth 12805.33USD 0 minutes later,Transfered,2022-03-23 10:00:43.000,2yewN8yo4aMCi8UwLzYTFwHQbn6xLs1XkoGATA5N5QsnAzwXpMaXfUQNCD25tZdQ56a7bXQh538CCscnwnz4VCJx,6D7fgzpPZXtDB6Zqg3xRwfbohzerbytB2U5pFchnVuzw,to GAnJUvZoUr3wFodG5taqRajFh5cBwutT9xRiZUH73DFW,USDC,12805.68,12805.33
0,Exploiter Transfered 12131.71USDC to 9fowZnrNbnnmBCTQX5g6wJpyPu4xARFodoW3mfqYHe2K worth 12131.38USD 0 minutes later,Transfered,2022-03-23 10:00:51.000,4nFLcUTuSmamKMtq9A33CYKdTgtcLNo7r33VHvXC8VXpfsGC2UbQ8CZ2NroDBadKYYF7jui7S6XkTTFxZ7jMpnV7,6D7fgzpPZXtDB6Zqg3xRwfbohzerbytB2U5pFchnVuzw,to 9fowZnrNbnnmBCTQX5g6wJpyPu4xARFodoW3mfqYHe2K,USDC,12131.71,12131.38
0,Exploiter Transfered 11003.1USDC to J8fB6VqgrSWoUSJVLiqvAeyoEmv7C4SQxYU6shx3BxHy worth 11002.79USD 0 minutes later,Transfered,2022-03-23 10:00:59.000,3esMj5ED6cKS7Mk6Xre5ZqJFQGTP3MTGJVZSjpKtfKirpZuqw5AuaHcuYvz4DaD6G3Wnq8S4X8tuXQUYfSBQD3kp,6D7fgzpPZXtDB6Zqg3xRwfbohzerbytB2U5pFchnVuzw,to J8fB6VqgrSWoUSJVLiqvAeyoEmv7C4SQxYU6shx3BxHy,USDC,11003.1,11002.79
1,Exploiter Transfered 10969.52USDC to DbYWfLqd8Sxw9iHaGy26PoiiGXbmxGX5TVTSHYpVzaGT worth 10969.22USD 1 minutes later,Transfered,2022-03-23 10:01:07.000,2EJNzfZ62S1UxDRfYkYyseEwG6xNurX4HMwHhy96h722G2kcMxiZm5TJdR4XP5U68xL7fTbHXKWZnmiE3QymEo9s,6D7fgzpPZXtDB6Zqg3xRwfbohzerbytB2U5pFchnVuzw,to DbYWfLqd8Sxw9iHaGy26PoiiGXbmxGX5TVTSHYpVzaGT,USDC,10969.52,10969.22
0,Exploiter Transfered 10335.68USDC to 8mQJ2mpk2UTa6ciPU4Ft3hqBTFPgeQszoLa6DumbUexx worth 10335.39USD 0 minutes later,Transfered,2022-03-23 10:01:17.000,5SKigwn1SHvSHjfppRAuLyJVne4qk6uisNAq5EV8EQZjhRmooh6Ueg67rbjYqPtBpJ6xMbZ3kCBif7Qu1vZuUeEi,6D7fgzpPZXtDB6Zqg3xRwfbohzerbytB2U5pFchnVuzw,to 8mQJ2mpk2UTa6ciPU4Ft3hqBTFPgeQszoLa6DumbUexx,USDC,10335.68,10335.39
12,Exploiter Transfered 10335.68USDC to 8mQJ2mpk2UTa6ciPU4Ft3hqBTFPgeQszoLa6DumbUexx worth 10335.39USD 12 minutes later,Transfered,2022-03-23 10:13:47.000,4oB8yiYjDuNF5ETvZVumVuNZwXtJcptSRMwdpR52ETsuoxGEn5CVhyELHbTSrvsATqHxxFFdpFUcenrMpd7U25Ft,6D7fgzpPZXtDB6Zqg3xRwfbohzerbytB2U5pFchnVuzw,to 8mQJ2mpk2UTa6ciPU4Ft3hqBTFPgeQszoLa6DumbUexx,USDC,10335.68,10335.39
0,Exploiter Transfered 10054.75USDC to 98ro7rLLuvBxX2UvyXRtVXwDFM98MqH8kvgAgGctiFkP worth 10054.47USD 0 minutes later,Transfered,2022-03-23 10:13:54.000,4C3QLpA1S3rNTBFfnPYgeRZojcMWAkgxPes1a7N8mTSwvhjQLKxMrnNU5PYdaUP5vXRvnPJvbDDBp296UqR4XLXp,6D7fgzpPZXtDB6Zqg3xRwfbohzerbytB2U5pFchnVuzw,to 98ro7rLLuvBxX2UvyXRtVXwDFM98MqH8kvgAgGctiFkP,USDC,10054.75,10054.47
1,Exploiter Transfered 10000USDC to 4kSdQGamCkR1gkMch9CdarZ6gaa8vg2FncGikQnst4qw worth 9999.72USD 1 minutes later,Transfered,2022-03-23 10:14:01.000,5WpDrZvU83R7AHTSvmpEhG6pQzo1cbSJh7B2uG6JVQgrcmZ85FLsEtWCmFTRY9N3SWNB4tpTauzs57WE4BDxdNeh,6D7fgzpPZXtDB6Zqg3xRwfbohzerbytB2U5pFchnVuzw,to 4kSdQGamCkR1gkMch9CdarZ6gaa8vg2FncGikQnst4qw,USDC,10000,9999.72
0,Exploiter Transfered 9958.33USDC to 6Aifw7e8XinxRN7J1nLFYH9AEsX3oWeyt9v8kcieXtKA worth 9958.05USD 0 minutes later,Transfered,2022-03-23 10:14:08.000,2hzE4k4nmmrSS4rCVMwRQYftZ9eWQCnXdafKg5mANQ7B9swfamMALb17bBbvJoJ6kwwDDEdDgKhQbQB8t3VgyHi,6D7fgzpPZXtDB6Zqg3xRwfbohzerbytB2U5pFchnVuzw,to 6Aifw7e8XinxRN7J1nLFYH9AEsX3oWeyt9v8kcieXtKA,USDC,9958.33,9958.05
0,Exploiter Transfered 9930.3USDC to 9MYGzgkkKYoyECyXXmWSqDzy8MgdWYjX7kDvYq65CERf worth 9930.02USD 0 minutes later,Transfered,2022-03-23 10:14:15.000,4B7KugqqVebrcCDD869jei3BP2i7tcAJaftmuo24rumzHgLnertVNTjBm5LDmppX1DcdqSj9BoeVSFzHj8qT5fxy,6D7fgzpPZXtDB6Zqg3xRwfbohzerbytB2U5pFchnVuzw,to 9MYGzgkkKYoyECyXXmWSqDzy8MgdWYjX7kDvYq65CERf,USDC,9930.3,9930.02
0,Exploiter Transfered 9919.38USDC to BkvnoDBNoXbMjTaMq53Xa8Yf9wRNH7h5qxpEBiguLFSc worth 9919.1USD 0 minutes later,Transfered,2022-03-23 10:14:23.000,37wjPoaagGwVGzLcHPjQpMCM4UzcBiy3VdRvatznkkQdyXV8vQYfS9eW4k4Pz2b1yA6s6G3SX5LK2vxW4ueSyUFY,6D7fgzpPZXtDB6Zqg3xRwfbohzerbytB2U5pFchnVuzw,to BkvnoDBNoXbMjTaMq53Xa8Yf9wRNH7h5qxpEBiguLFSc,USDC,9919.38,9919.1
0,Exploiter Transfered 9913.28USDC to FtKMhW213P4epwePuY8NwthBFG7GvYXocRSu4QT1VwCX worth 9913USD 0 minutes later,Transfered,2022-03-23 10:14:33.000,2nrph31aw91J3oLpBiWMaxfzhDGBw3Xh6d7xKcC6q8zfpjeh5uKDRaqSGCyuT4habEiWWjUQH9v4B4Ne9fYiroVU,6D7fgzpPZXtDB6Zqg3xRwfbohzerbytB2U5pFchnVuzw,to FtKMhW213P4epwePuY8NwthBFG7GvYXocRSu4QT1VwCX,USDC,9913.28,9913
0,Exploiter Transfered 9789.47USDC to Ct2mdxVKnewyiwpiqNUDzFDa6DT2TESUsKY6by5VXcwy worth 9789.2USD 0 minutes later,Transfered,2022-03-23 10:14:40.000,2DXSBPcDZQty4Y5QPx1bSAJL9y8E1Mkfaet3UfNmz5Gsxjz9vd29MYwaHXLYKKJ6idbEu6WxCpW6JH3qkKo1QrHk,6D7fgzpPZXtDB6Zqg3xRwfbohzerbytB2U5pFchnVuzw,to Ct2mdxVKnewyiwpiqNUDzFDa6DT2TESUsKY6by5VXcwy,USDC,9789.47,9789.2
0,Exploiter Transfered 9610.59USDC to BLkpjdR6tsGY6qtVaYgguUPqxohEXrN8H4bbchXS4fMh worth 9610.32USD 0 minutes later,Transfered,2022-03-23 10:14:48.000,8Avz6g78yCChkaPdvS4mc6oYcs5tu1RkzEfLhqjT3MTUXhGspeHJy8q7GFVCbPsLEnExtx1rPhTd6L1VjADcMg3,6D7fgzpPZXtDB6Zqg3xRwfbohzerbytB2U5pFchnVuzw,to BLkpjdR6tsGY6qtVaYgguUPqxohEXrN8H4bbchXS4fMh,USDC,9610.59,9610.32
0,Exploiter Transfered 9023.04USDC to EL2r6H5dwFqeZWBCj3MstjtPSAeCmeB7JrPaV8ggX4KD worth 9022.79USD 0 minutes later,Transfered,2022-03-23 10:14:56.000,2WQiu1iacgHc2dhyL4ep8c4dGjW9gkCpfRz39jFuB65qXNNNoezMMdfNP5cMN6eR9RLYxmXGdcgAEr298Ro9wexg,6D7fgzpPZXtDB6Zqg3xRwfbohzerbytB2U5pFchnVuzw,to EL2r6H5dwFqeZWBCj3MstjtPSAeCmeB7JrPaV8ggX4KD,USDC,9023.04,9022.79
1,Exploiter Transfered 9008.9USDC to F4qQ77Pr5dMM7szfogCUUg5hfdzosA551yAkqTSsbP7o worth 9008.65USD 1 minutes later,Transfered,2022-03-23 10:15:02.000,47nLNQZzvZDjjufZw5SQR9d9pskAansZvsWQoGdHkeVJ3akdcU4gYQTWHRfMrstM14iQMjutDovh1aFQETVw6ab4,6D7fgzpPZXtDB6Zqg3xRwfbohzerbytB2U5pFchnVuzw,to F4qQ77Pr5dMM7szfogCUUg5hfdzosA551yAkqTSsbP7o,USDC,9008.9,9008.65
0,Exploiter Transfered 8952.4USDC to 6rFXqPz3aRbqEZbdFGYFfzwMh6DkeuNuVWVQRVDaxH7X worth 8952.15USD 0 minutes later,Transfered,2022-03-23 10:15:08.000,3pAfMMm2oGZgB9y1xowxLyBhcoQorpWjvGG48izy9pnnaV5kdsAw8vNkQyMgPdfiWr2ZDyWo7bKoXtET3UqrfZbE,6D7fgzpPZXtDB6Zqg3xRwfbohzerbytB2U5pFchnVuzw,to 6rFXqPz3aRbqEZbdFGYFfzwMh6DkeuNuVWVQRVDaxH7X,USDC,8952.4,8952.15
0,Exploiter Transfered 8455.31USDC to Gtii5dEDeWVjGcUsDAC96PSJ8tAhHMKk7bLhWYDZxxDS worth 8455.07USD 0 minutes later,Transfered,2022-03-23 10:15:15.000,4Lxrj8djm9e16wYYrTjJd6B6iyPHtxPViRLPBkRJdHUfCgc1VnfXj5Q1by79Uv4qmwb98fqdjjBYCWnx9S2GSEGQ,6D7fgzpPZXtDB6Zqg3xRwfbohzerbytB2U5pFchnVuzw,to Gtii5dEDeWVjGcUsDAC96PSJ8tAhHMKk7bLhWYDZxxDS,USDC,8455.31,8455.07
0,Exploiter Transfered 7964.76USDC to 9tcdy3mwYJq5dPzPem4cJzBiyshNMjfjMtktCM2new4R worth 7964.54USD 0 minutes later,Transfered,2022-03-23 10:15:24.000,7UA8szZtXUXJRyiZK4nZx1Uan3vjp4yjkhUzBCFhkjVUWs4ARzR5aaKXsJfiQMsWiDTWEnvZNBjyngJByA8MbYF,6D7fgzpPZXtDB6Zqg3xRwfbohzerbytB2U5pFchnVuzw,to 9tcdy3mwYJq5dPzPem4cJzBiyshNMjfjMtktCM2new4R,USDC,7964.76,7964.54
0,Exploiter Transfered 7000USDC to DHLXBkbrjSMJYyhJZcQAge9i45fNDgdQ5crxtcMLDxmm worth 6999.81USD 0 minutes later,Transfered,2022-03-23 10:15:32.000,5EUxA1GMKq69A1NmexSAis7Q97xcBr4VYZugPdwrFRoY1KTYijSvReGgdyHDYzvpdWErXeLxdTCYKUDoKRP6FzpT,6D7fgzpPZXtDB6Zqg3xRwfbohzerbytB2U5pFchnVuzw,to DHLXBkbrjSMJYyhJZcQAge9i45fNDgdQ5crxtcMLDxmm,USDC,7000,6999.81
0,Exploiter Transfered 6380.84USDC to P1nftCQz48PnCJXURtGh9wSazezfQcf9WvTz4yD2idR worth 6380.67USD 0 minutes later,Transfered,2022-03-23 10:15:38.000,mQEc279TVjzS8STpJKKMEp1LJbiGzUJptJUUkrP1yYScZ2Jxkjq7NMzgUmy14rqRQvcDE3t25EKr4dcMQA7AgZX,6D7fgzpPZXtDB6Zqg3xRwfbohzerbytB2U5pFchnVuzw,to P1nftCQz48PnCJXURtGh9wSazezfQcf9WvTz4yD2idR,USDC,6380.84,6380.67
0,Exploiter Transfered 6300USDC to 5JoVCo9ZTCC97eAP9W84xzceVzrnm9JRY8ZK5KjjhVZX worth 6299.82USD 0 minutes later,Transfered,2022-03-23 10:15:46.000,14Asa9Cq9yfpfLifZXc46GpKgV1tSN6PcjW4E7xGQ9Vq1muuSrCm2vkytgBtpPcvquYfZ2Ea3k5BZMztRGxKEEX,6D7fgzpPZXtDB6Zqg3xRwfbohzerbytB2U5pFchnVuzw,to 5JoVCo9ZTCC97eAP9W84xzceVzrnm9JRY8ZK5KjjhVZX,USDC,6300,6299.82
0,Exploiter Transfered 5928.5USDC to DFMrT9226QpVGNNTNF4o9LGupYzWKixeH3GQ6LzBVNmM worth 5928.33USD 0 minutes later,Transfered,2022-03-23 10:15:55.000,33Ghh5vLZvBdfW5LAw1sswijd7xFsskxNamNVRMm9dx237JwAN6qUqXKzc8f2DSvCdaxG8AcrUJtMRFjR6SyTnnH,6D7fgzpPZXtDB6Zqg3xRwfbohzerbytB2U5pFchnVuzw,to DFMrT9226QpVGNNTNF4o9LGupYzWKixeH3GQ6LzBVNmM,USDC,5928.5,5928.33
1,Exploiter Transfered 5844.87USDC to CdQHD5u5VS9YqgpnSssqrCYk3hCuRgT66ex7HynqExKT worth 5844.71USD 1 minutes later,Transfered,2022-03-23 10:16:02.000,36gyTKZBfoPH2CoNc1PeAyTDzK6qCfg5SLxxWfJRSnxTmmaUSyQkZSXeqYXiXjfh2XUp6PJMYys1svS14YzJvwKV,6D7fgzpPZXtDB6Zqg3xRwfbohzerbytB2U5pFchnVuzw,to CdQHD5u5VS9YqgpnSssqrCYk3hCuRgT66ex7HynqExKT,USDC,5844.87,5844.71
0,Exploiter Transfered 5818.46USDC to DgekwSEjKCsoDmmTn9nYtYKXW4LNY5FvWvTdqhzDPbPv worth 5818.29USD 0 minutes later,Transfered,2022-03-23 10:16:09.000,5dGd4mt6UPWW4xnfufdRNcExST2SfKFqmaErJTD8qz9rjyM1X3yUEm7riMsWERydEk9N8MrEYVC46skqCDyzrURQ,6D7fgzpPZXtDB6Zqg3xRwfbohzerbytB2U5pFchnVuzw,to DgekwSEjKCsoDmmTn9nYtYKXW4LNY5FvWvTdqhzDPbPv,USDC,5818.46,5818.29
0,Exploiter Transfered 5445.65USDC to FWgvkcrWSv2U2YrZgfZQ2ADRYPgKvbAMfppmBqmdkAjw worth 5445.5USD 0 minutes later,Transfered,2022-03-23 10:16:22.000,4jbNRue5c3Cqkev9sTHRfRXPL7Fas8iGvCTMfUZt7WiuDKXvK7SL74HDfHhZy51JwdWgrKuKix8f7xCL3mvHQYJW,6D7fgzpPZXtDB6Zqg3xRwfbohzerbytB2U5pFchnVuzw,to FWgvkcrWSv2U2YrZgfZQ2ADRYPgKvbAMfppmBqmdkAjw,USDC,5445.65,5445.5
0,Exploiter Transfered 5252.09USDC to CChH9NR3DBY9beMxUAB9memtWcRkwUtZoFkvKJWSCRDs worth 5251.94USD 0 minutes later,Transfered,2022-03-23 10:16:31.000,2UgyNtrDdr2E4Pn67XttRdeMEW371G75GCMhvbkEMBsZunUaYPeFb9QjxmJotrx4ciemBTWTFPXiUSh1ZCUxzXJ1,6D7fgzpPZXtDB6Zqg3xRwfbohzerbytB2U5pFchnVuzw,to CChH9NR3DBY9beMxUAB9memtWcRkwUtZoFkvKJWSCRDs,USDC,5252.09,5251.94
0,Exploiter Transfered 5141.56USDC to BpcgJRD3AXhoYkKzxgC9oDn5j42n9tzKCZa2c2hR2Rpw worth 5141.42USD 0 minutes later,Transfered,2022-03-23 10:16:39.000,5n12cNeXBGKEUwz4UMvYWdRHs23gSa2UWYKqH7jLVwrWx6veU2BhjXBNUemU57kFr3yvwNBiXksdTMhAC3TPhSxu,6D7fgzpPZXtDB6Zqg3xRwfbohzerbytB2U5pFchnVuzw,to BpcgJRD3AXhoYkKzxgC9oDn5j42n9tzKCZa2c2hR2Rpw,USDC,5141.56,5141.42
0,Exploiter Transfered 4989.48USDC to B8Ro7U65k3jE5a1MmrfDCtEP2ug79ECg8fwPTWLJpZyz worth 4989.34USD 0 minutes later,Transfered,2022-03-23 10:16:46.000,4WF9BGSCwvKbXz9Zx1PMr6dZPVP963ET7p5LCqaeQQp4J6anuYDkLAdKjbCBryPGcfhxQHK8vqi94ArdrNJiNVyu,6D7fgzpPZXtDB6Zqg3xRwfbohzerbytB2U5pFchnVuzw,to B8Ro7U65k3jE5a1MmrfDCtEP2ug79ECg8fwPTWLJpZyz,USDC,4989.48,4989.34
0,Exploiter Transfered 4974.9USDC to 93b5AyguAU6MAbduyub3eMgVn5xY8FfesZfG963TVk57 worth 4974.76USD 0 minutes later,Transfered,2022-03-23 10:16:53.000,3Bfqm3RTNWbKsGTfQkKoKZ4RbJpXDMrxiZy8HYwqanfFDY118SYi9H6fZn1cmKquvBf6kX5c2THjQbitzw4cdUCK,6D7fgzpPZXtDB6Zqg3xRwfbohzerbytB2U5pFchnVuzw,to 93b5AyguAU6MAbduyub3eMgVn5xY8FfesZfG963TVk57,USDC,4974.9,4974.76
1,Exploiter Transfered 4946.58USDC to GxakYGLEqB6qtn7bxCyxeW2cmRbPkTAJrLgmDP81Uu4M worth 4946.44USD 1 minutes later,Transfered,2022-03-23 10:17:00.000,4LXN66DhZUnXRdnhje5scoQYP2S9hDR9UJTmgkskSz26Vp6WPdZGtqCwgQXsf97g4Wq5nWizYpbEzPemxPSha2jX,6D7fgzpPZXtDB6Zqg3xRwfbohzerbytB2U5pFchnVuzw,to GxakYGLEqB6qtn7bxCyxeW2cmRbPkTAJrLgmDP81Uu4M,USDC,4946.58,4946.44
0,Exploiter Transfered 4940.07USDC to 3sYBxBY4zCpqL82uNVZnC7rTfWc4Yd57kxcFqCoJFGLM worth 4939.94USD 0 minutes later,Transfered,2022-03-23 10:17:07.000,2xs9GgYPU9mJDsMf9CAsZszNSLgiYSwEeMWeazT1bKbSma5GTqjv2Rs7FWppqkznXxz9XG9oTVVTFdg9eEDcx5Bd,6D7fgzpPZXtDB6Zqg3xRwfbohzerbytB2U5pFchnVuzw,to 3sYBxBY4zCpqL82uNVZnC7rTfWc4Yd57kxcFqCoJFGLM,USDC,4940.07,4939.94
0,Exploiter Transfered 4908.01USDC to NfXKUqcSX8nTivn8iSASWx9SbZX34J28SkFV5ckhwwB worth 4907.88USD 0 minutes later,Transfered,2022-03-23 10:17:17.000,5Cr6yEV1LjXKauCaUduKwHeWrTKJYnMPqnWkePcHVn5xteBMrMoeDvDcDLigy17bpnDaNnDi897sA6DaWUTk4zdu,6D7fgzpPZXtDB6Zqg3xRwfbohzerbytB2U5pFchnVuzw,to NfXKUqcSX8nTivn8iSASWx9SbZX34J28SkFV5ckhwwB,USDC,4908.01,4907.88
0,Exploiter Transfered 4604.43USDC to BWoRYcXPKeyVMHPhMkiYVvF8qNsJiGyU4EBSJqXHXWwU worth 4604.31USD 0 minutes later,Transfered,2022-03-23 10:17:25.000,3p5pyFCj8WVufZtqQBmTvWf6T15yzPPmxWq6iXMucX2dUAvu3pcQRPFm8t5JuEpQPfLiog1NVwNc3sSA3YHAjrhs,6D7fgzpPZXtDB6Zqg3xRwfbohzerbytB2U5pFchnVuzw,to BWoRYcXPKeyVMHPhMkiYVvF8qNsJiGyU4EBSJqXHXWwU,USDC,4604.43,4604.31
0,Exploiter Transfered 4554.84USDC to E49RiH1ATbarEuJRBP6TdehkXZYB6mNei2AjiTVkjNdH worth 4554.71USD 0 minutes later,Transfered,2022-03-23 10:17:36.000,3AU7WBiqVwK1VcADbF1tX4n1EspBvxfouhdiKcdKFrFk1kXSK3AxjEVS2fFEZ83zH18CKncCP4RzfFtTLTGbD5YH,6D7fgzpPZXtDB6Zqg3xRwfbohzerbytB2U5pFchnVuzw,to E49RiH1ATbarEuJRBP6TdehkXZYB6mNei2AjiTVkjNdH,USDC,4554.84,4554.71
0,Exploiter Transfered 4455.9USDC to oufZ9iWH8J79n91uWas93Dqxd148wqirCaR1Bfujtgu worth 4455.78USD 0 minutes later,Transfered,2022-03-23 10:17:43.000,28uzVHgNEwP55bFTMaNsg47DfuP1QKmvydd3NVwfG4s6LsvKanEUjv8oA6hJLemhjbghbiYbaKgHYdK9qmNfm2Gc,6D7fgzpPZXtDB6Zqg3xRwfbohzerbytB2U5pFchnVuzw,to oufZ9iWH8J79n91uWas93Dqxd148wqirCaR1Bfujtgu,USDC,4455.9,4455.78
0,Exploiter Transfered 4436.04USDC to 2Z6EdgDgKD5i412KEgD55xD5vY5GpYf7Whk6LK29TF4u worth 4435.92USD 0 minutes later,Transfered,2022-03-23 10:17:53.000,gPbGuYW36x2xq9tXhi2q56Wyncc4GiCDbs92Kw94dPZK5E54fH8bPSxBdi3sTovRBrNcWH9ZLPkUAZFX28qnSg6,6D7fgzpPZXtDB6Zqg3xRwfbohzerbytB2U5pFchnVuzw,to 2Z6EdgDgKD5i412KEgD55xD5vY5GpYf7Whk6LK29TF4u,USDC,4436.04,4435.92
1,Exploiter Transfered 4299.48USDC to GaweJWJQkQLHQKKsadH5xuWpQMWgjDcNbqA2pkt19fq8 worth 4299.36USD 1 minutes later,Transfered,2022-03-23 10:18:00.000,2bSenvZB4TFTevoEPXbMRrr2k3nLGwkm6xC6EaA9yVhpDTVWi2JSz8JWZnfuANzW1yaX8DXkP1dAK1Ej7ey6Hcgp,6D7fgzpPZXtDB6Zqg3xRwfbohzerbytB2U5pFchnVuzw,to GaweJWJQkQLHQKKsadH5xuWpQMWgjDcNbqA2pkt19fq8,USDC,4299.48,4299.36
0,Exploiter Transfered 4288.74USDC to F9LanoUZH36pGdwhGFSPhVqiZ6KtLg8M9T9Urrjj61M2 worth 4288.62USD 0 minutes later,Transfered,2022-03-23 10:18:08.000,3tca76Ajc5Sp3JzmeAKcJPH1L89dn7zvUko4BAQfEVtyz9eP5inD2mK4dSPVqqBW3pdsWLHQxUjVTJQVxtarRwMv,6D7fgzpPZXtDB6Zqg3xRwfbohzerbytB2U5pFchnVuzw,to F9LanoUZH36pGdwhGFSPhVqiZ6KtLg8M9T9Urrjj61M2,USDC,4288.74,4288.62
0,Exploiter Transfered 3992USDC to D8ZCf9KMvMZFH9KPa7jUAG2ihLqX47aekMC1uQTFdevr worth 3991.89USD 0 minutes later,Transfered,2022-03-23 10:18:16.000,2Sgi1FpGzorEjcNHvXAXEufT67cTLWKADK8zH4eCd61qNMNr39c1dmQG5tPwFt3MPv8i1oS6YYgAZFGPdJD9g5mh,6D7fgzpPZXtDB6Zqg3xRwfbohzerbytB2U5pFchnVuzw,to D8ZCf9KMvMZFH9KPa7jUAG2ihLqX47aekMC1uQTFdevr,USDC,3992,3991.89
0,Exploiter Transfered 3911.44USDC to J2sXmqHfpbfyGYHozvbXkAHBskhanQNFVGCGcK5KUwKN worth 3911.33USD 0 minutes later,Transfered,2022-03-23 10:18:23.000,65M1U1yMehi9XWYVbnC2FYZQ8fj8pmnm1neyvj6Do5dLTG9ARanc8Ft7xmHGkfN3iQNhiDPNbSFvFcgscPrLtVnU,6D7fgzpPZXtDB6Zqg3xRwfbohzerbytB2U5pFchnVuzw,to J2sXmqHfpbfyGYHozvbXkAHBskhanQNFVGCGcK5KUwKN,USDC,3911.44,3911.33
0,Exploiter Transfered 3844.48USDC to GU4nrVqrmjf4XnWQx1r6tmGhncLubbRTPU2p9y5YNvZu worth 3844.37USD 0 minutes later,Transfered,2022-03-23 10:18:42.000,64PyqmBTpCySeGD1hTCRS1haSByCkPEas87Tb423nU8agEyn6RkZnvv6ndwfz3KQ34CQ89KCXbdNtmmxPmhreaoZ,6D7fgzpPZXtDB6Zqg3xRwfbohzerbytB2U5pFchnVuzw,to GU4nrVqrmjf4XnWQx1r6tmGhncLubbRTPU2p9y5YNvZu,USDC,3844.48,3844.37
0,Exploiter Transfered 3766.53USDC to 7yEsnuW7ajQFseVoj9j4WTAmeSUsuDnP5rKrrGaWqzRQ worth 3766.43USD 0 minutes later,Transfered,2022-03-23 10:18:50.000,E8vibpN6sfroo4rhDSUtodiKud9c3TKSfhZVpBc6KevdkgH47mpTFasoHzLxStcmsH2WUmJ2TwfzqwNGZdT7pJ1,6D7fgzpPZXtDB6Zqg3xRwfbohzerbytB2U5pFchnVuzw,to 7yEsnuW7ajQFseVoj9j4WTAmeSUsuDnP5rKrrGaWqzRQ,USDC,3766.53,3766.43
0,Exploiter Transfered 3360.57USDC to Cs3N53WaxzbBTMhQHZiL7kdU1ZmHTzm8PfLauz7JJam worth 3360.48USD 0 minutes later,Transfered,2022-03-23 10:18:56.000,63PLJaEw4cgv96Ysvuaaic63EKtED164eXymVX35LF3efaqNPo8o3gzANR7ATTaKMdbsK11UbHsRt4oZKDSTfU5e,6D7fgzpPZXtDB6Zqg3xRwfbohzerbytB2U5pFchnVuzw,to Cs3N53WaxzbBTMhQHZiL7kdU1ZmHTzm8PfLauz7JJam,USDC,3360.57,3360.48
1,Exploiter Transfered 3126.16USDC to HAWUDimwEe6uZcJkZFmiv12bfv6P1tvJBNeoLFd8dBww worth 3126.07USD 1 minutes later,Transfered,2022-03-23 10:19:05.000,2ssm1WP8g7PY8mkXw6FKvonkdXqY7UF7PJ7D7NA5rWsxqTzN4ntpudgh6mwTamGjgURV48hE6SmjT37PvaXHjpLL,6D7fgzpPZXtDB6Zqg3xRwfbohzerbytB2U5pFchnVuzw,to HAWUDimwEe6uZcJkZFmiv12bfv6P1tvJBNeoLFd8dBww,USDC,3126.16,3126.07
0,Exploiter Transfered 2769.45USDC to 4cLHaJULTnpyqiYJng6uWifkuRQQPwSc8h2v5o2ibP2R worth 2769.37USD 0 minutes later,Transfered,2022-03-23 10:19:15.000,4hVEXiSWkFWR7fTVuX5V2f21RXQsXFPiRAZLxarpt9SWtqrq7THwRvMG69do2JTCz7KgqsFEQ9hw7Yo9VUJjMtSK,6D7fgzpPZXtDB6Zqg3xRwfbohzerbytB2U5pFchnVuzw,to 4cLHaJULTnpyqiYJng6uWifkuRQQPwSc8h2v5o2ibP2R,USDC,2769.45,2769.37
0,Exploiter Transfered 2730.1USDC to 6PYc3PHoz2sMnEwzbMSiUBFWZpdxBAne5oPe85Cug7tW worth 2730.03USD 0 minutes later,Transfered,2022-03-23 10:19:22.000,3wgxrADaFEXEZCpwdvBrdqhMeEYkRYaZg95wioYQzjBswzjVv6iL5nSKmgfCPUQoAvoTo8Cq5sLAFTjz9TsNxTfW,6D7fgzpPZXtDB6Zqg3xRwfbohzerbytB2U5pFchnVuzw,to 6PYc3PHoz2sMnEwzbMSiUBFWZpdxBAne5oPe85Cug7tW,USDC,2730.1,2730.03
0,Exploiter Transfered 2675.24USDC to 9nTWv8bN4omQhzHobatUVek27cUa3KrKcf7pNicBroZz worth 2675.16USD 0 minutes later,Transfered,2022-03-23 10:19:28.000,3CZVWcntkgyjeLuu8edF1Dry6jyb1Tr3N1wf4uQSMaWfd4nXqQqYxGxQiufQJtDjQ1PvGdtwdTywy7C6MySjx7s5,6D7fgzpPZXtDB6Zqg3xRwfbohzerbytB2U5pFchnVuzw,to 9nTWv8bN4omQhzHobatUVek27cUa3KrKcf7pNicBroZz,USDC,2675.24,2675.16
0,Exploiter Transfered 2613.06USDC to 6iMt3wWtpfCdsJDFpHs3dUWN5xC3PfwJ6YaMK7a83dJ3 worth 2612.98USD 0 minutes later,Transfered,2022-03-23 10:19:36.000,4Bd81ag88UE7M8yGPfoZv7YQocotchBBVFRSse7mcgphVpDRcwSwrCJgr7KQzH66AbeQjRvXbY2tnqun1mqQNw8g,6D7fgzpPZXtDB6Zqg3xRwfbohzerbytB2U5pFchnVuzw,to 6iMt3wWtpfCdsJDFpHs3dUWN5xC3PfwJ6YaMK7a83dJ3,USDC,2613.06,2612.98
0,Exploiter Transfered 2461.37USDC to 3BAigpBHWvTqCUjryWPGuo5iC3fMmd24FS3K8ZCPxb5U worth 2461.3USD 0 minutes later,Transfered,2022-03-23 10:19:43.000,61nGK3FaQYMe6TMyrAKPzRgyZp8FUs3rjA4jqAzaPHLptGuUnoiNdV3AoexdS4HT6Y3VdjukPCPGXGGgmvkSucB8,6D7fgzpPZXtDB6Zqg3xRwfbohzerbytB2U5pFchnVuzw,to 3BAigpBHWvTqCUjryWPGuo5iC3fMmd24FS3K8ZCPxb5U,USDC,2461.37,2461.3
7,Exploiter Transfered 2453.82USDC to D1bDUMUdb4zCFpVWVM9hyyssiKxZsUS5kky7gh34Kgq5 worth 2453.75USD 7 minutes later,Transfered,2022-03-23 10:26:36.000,57QNvyLqJPh3kQaR3FwdpCzytVQDoDhpfdUxbyaMrvSxrZ4RZyHuDi5jqxEXtHd3fBudbykMpi1tD91TUwyFWGss,6D7fgzpPZXtDB6Zqg3xRwfbohzerbytB2U5pFchnVuzw,to D1bDUMUdb4zCFpVWVM9hyyssiKxZsUS5kky7gh34Kgq5,USDC,2453.82,2453.75
0,Exploiter Transfered 2391.47USDC to 26JqEYLKH3iBM9TcEH6vNcDV4kSiYabXPoSnLfKgofhz worth 2391.4USD 0 minutes later,Transfered,2022-03-23 10:26:43.000,59aZFRJs238t6zyyfeJSvcXDHWbm2qmS69fczLan2GA1yjUsfVrBWuPYcXwnrm5JV2v7cJ5hDqHgw719C2NczKxK,6D7fgzpPZXtDB6Zqg3xRwfbohzerbytB2U5pFchnVuzw,to 26JqEYLKH3iBM9TcEH6vNcDV4kSiYabXPoSnLfKgofhz,USDC,2391.47,2391.4
4,Exploiter Transfered 2326.51USDC to BQc1T7Top3kCKGPJHH8F4uh4XT6i3XMLt8mFJyVCrC14 worth 2326.45USD 4 minutes later,Transfered,2022-03-23 10:30:13.000,3EjHhCgxFoGJNpqM4CaekLty5FuKZGe91mB22B7yRoaCg77v8zJRuqnrxazfecXXCRJZZXnVTfgxnRwhxjQwYDDA,6D7fgzpPZXtDB6Zqg3xRwfbohzerbytB2U5pFchnVuzw,to BQc1T7Top3kCKGPJHH8F4uh4XT6i3XMLt8mFJyVCrC14,USDC,2326.51,2326.45
0,Exploiter Transfered 2263.41USDC to FX745T7U3Uxk6w8KUct1PHZixVJz6J3XsveUWZtkUpeJ worth 2263.34USD 0 minutes later,Transfered,2022-03-23 10:30:19.000,53Z2MsbnQPQXJL3LPVvEiLkta951fcCYUtwr1GutMArdkv8QuLcB9RsztsViFRiJ5KVeW7bq4YmMWDbfA56DbgSj,6D7fgzpPZXtDB6Zqg3xRwfbohzerbytB2U5pFchnVuzw,to FX745T7U3Uxk6w8KUct1PHZixVJz6J3XsveUWZtkUpeJ,USDC,2263.41,2263.34
0,Exploiter Transfered 2257.25USDC to BwoWnUMxbh1d3b1JwYa4jChMwBwXYvzCsarz6KdHgmCn worth 2257.19USD 0 minutes later,Transfered,2022-03-23 10:30:27.000,E6DYEMXcFhpVage338cxhnPnmAQvEU4s5mPAbxNB55ffmW4A9xdiMfsv7LTkcMuXvzETibCSvs4vuhYnQXV5aTg,6D7fgzpPZXtDB6Zqg3xRwfbohzerbytB2U5pFchnVuzw,to BwoWnUMxbh1d3b1JwYa4jChMwBwXYvzCsarz6KdHgmCn,USDC,2257.25,2257.19
0,Exploiter Transfered 2198.99USDC to 8BfQLSQ1tdUH5RrmjWm6KXbB1eJrG9o6z8AxkZDdRUXd worth 2198.93USD 0 minutes later,Transfered,2022-03-23 10:30:35.000,3f6A2ay7NNmT7NYQqsbjxKXTnYxhHP6VwLsBRV7CLnc9qigpEfeTFe3CtQQSS2vo4dRRd3AHkx7A6RVmoJG7DS3o,6D7fgzpPZXtDB6Zqg3xRwfbohzerbytB2U5pFchnVuzw,to 8BfQLSQ1tdUH5RrmjWm6KXbB1eJrG9o6z8AxkZDdRUXd,USDC,2198.99,2198.93
0,Exploiter Transfered 2173.27USDC to E2tPEqqYLqF7etfPsUL33dwF5DqGgJhqZfkD3CeFLzMQ worth 2173.21USD 0 minutes later,Transfered,2022-03-23 10:30:42.000,3BH9bxUz5re9onA98fMN9bCDrqbSc2J628puPttMWcLkLwy6EMdunsa1hVCJntrxvyrp7dREq8oWrsmAcT9i3vCz,6D7fgzpPZXtDB6Zqg3xRwfbohzerbytB2U5pFchnVuzw,to E2tPEqqYLqF7etfPsUL33dwF5DqGgJhqZfkD3CeFLzMQ,USDC,2173.27,2173.21
0,Exploiter Transfered 2087.33USDC to C7YCkd8YCSmSsQNfRMCb19mftgzWRiLTaCV86GsS1H9j worth 2087.27USD 0 minutes later,Transfered,2022-03-23 10:30:50.000,2nJjhXgcimw2cHyuFP8fQE2cBdYgDtBjsrp3aMYuMz6Ax9UJFRM1pnwizUSU4TXivceTPMsrUcXHQdLvgPLNDqvq,6D7fgzpPZXtDB6Zqg3xRwfbohzerbytB2U5pFchnVuzw,to C7YCkd8YCSmSsQNfRMCb19mftgzWRiLTaCV86GsS1H9j,USDC,2087.33,2087.27
0,Exploiter Transfered 1995.52USDC to HSguQ6uN2JS4JdsU9pVy7AuLZmgV6XExVfCsLyvFn1QL worth 1995.46USD 0 minutes later,Transfered,2022-03-23 10:30:58.000,4AUojixaT1CF6CJPohqtYxmTYVPAVzZBziHWc6pjKUMzdbNhgiqfbqg1vVNffpn2dTq61aeZfXjXG3s2UGrqn1Ya,6D7fgzpPZXtDB6Zqg3xRwfbohzerbytB2U5pFchnVuzw,to HSguQ6uN2JS4JdsU9pVy7AuLZmgV6XExVfCsLyvFn1QL,USDC,1995.52,1995.46
1,Exploiter Transfered 1990.52USDC to 7FRM4Lm6dSfQfsvYTgPqQLpEERgHnAWYdZeAcFdL39Fx worth 1990.46USD 1 minutes later,Transfered,2022-03-23 10:31:06.000,48Q6q14yagEQQtiPgJ8oXUG1qPmPMJWWnmaQnZuPRQdrM1g5tDCX5U4T8476MpW5kCKFP5qkzHvCpAZYY82srZDk,6D7fgzpPZXtDB6Zqg3xRwfbohzerbytB2U5pFchnVuzw,to 7FRM4Lm6dSfQfsvYTgPqQLpEERgHnAWYdZeAcFdL39Fx,USDC,1990.52,1990.46
0,Exploiter Transfered 1982.17USDC to FHtsSUQpMJoTvg3h7c6UiEhsV4Jw9euksFkNyjETgSeM worth 1982.12USD 0 minutes later,Transfered,2022-03-23 10:31:14.000,3Gq9eGcfYcEYW88DAFuREwupxrJdFNCHZn3fbhThzSHY8DuoLGW1uVLmdMDjHDTdnVEZAeswVv3p8ZGb6e719nz3,6D7fgzpPZXtDB6Zqg3xRwfbohzerbytB2U5pFchnVuzw,to FHtsSUQpMJoTvg3h7c6UiEhsV4Jw9euksFkNyjETgSeM,USDC,1982.17,1982.12
0,Exploiter Transfered 1975.77USDC to H4LpKGfmXEhD7dASLgKwr3usXzYTUEoRP7c74bPF7oim worth 1975.72USD 0 minutes later,Transfered,2022-03-23 10:31:20.000,wqMsrtHYb9JLye1RBWuaGRQsPsfdmvZmk885MoLw97caRccFEm2X1jm9C3guKA8woyrT4QX8dwaskRt9UenAPbk,6D7fgzpPZXtDB6Zqg3xRwfbohzerbytB2U5pFchnVuzw,to H4LpKGfmXEhD7dASLgKwr3usXzYTUEoRP7c74bPF7oim,USDC,1975.77,1975.72
0,Exploiter Transfered 1975.31USDC to 4Vn2HjRQUREHGEb61Yx5UDwWHk2vmn6Qx9bW7j6NMYea worth 1975.25USD 0 minutes later,Transfered,2022-03-23 10:31:29.000,4dcazzGZviXPP5nk9ke4zrZRfjfn1D1VtyumbDeDHL98bh3TkyhW4EZgUTr3mJ7SxEw5MTKhc2gp3mAgJwzGS4AU,6D7fgzpPZXtDB6Zqg3xRwfbohzerbytB2U5pFchnVuzw,to 4Vn2HjRQUREHGEb61Yx5UDwWHk2vmn6Qx9bW7j6NMYea,USDC,1975.31,1975.25
0,Exploiter Transfered 1974.78USDC to 5TRjA6tZk8pq45bYjndy7ePxHAe17YkkoJuUCi2a2VxN worth 1974.73USD 0 minutes later,Transfered,2022-03-23 10:31:36.000,Vy6UCKDRwooNcLUjug6ACZcRdww18PSsDUbbGUGzzsf9NuKi4MCgkMTJwTaZQxoiF6ZvBWBxW2Bnv79TS1wduim,6D7fgzpPZXtDB6Zqg3xRwfbohzerbytB2U5pFchnVuzw,to 5TRjA6tZk8pq45bYjndy7ePxHAe17YkkoJuUCi2a2VxN,USDC,1974.78,1974.73
0,Exploiter Transfered 1974.49USDC to DJMLnR5p6zGRt6Eak2Uiwn214Kc18fgHC1HPAqfeZtRZ worth 1974.43USD 0 minutes later,Transfered,2022-03-23 10:31:46.000,62BgbRq5uBKkVBQwzAokLrsPqL7ybJ4tWMkhUWDisYqTaavqjwkyiLD9d32BBpM52WniaACZphE7hVT1YaVKcNdN,6D7fgzpPZXtDB6Zqg3xRwfbohzerbytB2U5pFchnVuzw,to DJMLnR5p6zGRt6Eak2Uiwn214Kc18fgHC1HPAqfeZtRZ,USDC,1974.49,1974.43
0,Exploiter Transfered 1900.14USDC to ByEKBGmFX46Qj3hbio1q1jHDDmcQXNzjkzooAJJGk1b1 worth 1900.08USD 0 minutes later,Transfered,2022-03-23 10:31:53.000,KpEY5hvwe242Fv7kS693kQvEuZfKdyJPB1tV9q2kGwsh8y9XNHhU1HVN5WRUC2pGn9k5Y9DctAUzCmGpMZp4chX,6D7fgzpPZXtDB6Zqg3xRwfbohzerbytB2U5pFchnVuzw,to ByEKBGmFX46Qj3hbio1q1jHDDmcQXNzjkzooAJJGk1b1,USDC,1900.14,1900.08
1,Exploiter Transfered 1849.9USDC to CGUkqqKAuV6oS7pLU6ASnZMBMMrG5QvVK39Psz8qf9UB worth 1849.85USD 1 minutes later,Transfered,2022-03-23 10:32:00.000,2HQfB1mY8FCpUq9Q1TP7Y1egCSBf4GtmqBjtkKBeUQscmHLf3BHQQtFB2r18xcGfAmkEwWpAnrgGruhaYXXLawiN,6D7fgzpPZXtDB6Zqg3xRwfbohzerbytB2U5pFchnVuzw,to CGUkqqKAuV6oS7pLU6ASnZMBMMrG5QvVK39Psz8qf9UB,USDC,1849.9,1849.85
0,Exploiter Transfered 1749.35USDC to A8yTsw6r1v711CweXVY8whdczNtddi6gHjPrkPjXonQN worth 1749.3USD 0 minutes later,Transfered,2022-03-23 10:32:08.000,3YoVHL5hHuHCYCoWSkb3vDtLw7EzFCHKaV5aWAn4xMcevgZngtJiJKPmbYZHpPX7K4jABMfzGxejWY2fthJ9VN5h,6D7fgzpPZXtDB6Zqg3xRwfbohzerbytB2U5pFchnVuzw,to A8yTsw6r1v711CweXVY8whdczNtddi6gHjPrkPjXonQN,USDC,1749.35,1749.3
0,Exploiter Transfered 1570.76USDC to 2EdgR9nPMTzTXWYPC8R67gKs1hyW2TycxJZpdtPT1cXg worth 1570.72USD 0 minutes later,Transfered,2022-03-23 10:32:28.000,2aPZmtU8jxS9n7FWQZEHq9Tk8UzbfHyyHtXmqUh2WVpcWX34qwxqyMELrQbkQUThY2RnMGNzogmXhBUooTAjXzVy,6D7fgzpPZXtDB6Zqg3xRwfbohzerbytB2U5pFchnVuzw,to 2EdgR9nPMTzTXWYPC8R67gKs1hyW2TycxJZpdtPT1cXg,USDC,1570.76,1570.72
0,Exploiter Transfered 1486.76USDC to 3azczpPDjy7ktxj6MwUbn3eaUmenVXi9B9VWUpqLy8u8 worth 1486.72USD 0 minutes later,Transfered,2022-03-23 10:32:38.000,WCmJk8GeNJaKjsYiVkQdibKARAjAn4zf3AS6nMFyLPvpRkgswmBNJ3zWHC6hXQ655FHrDVf3pvAs3vwLJXV1A7k,6D7fgzpPZXtDB6Zqg3xRwfbohzerbytB2U5pFchnVuzw,to 3azczpPDjy7ktxj6MwUbn3eaUmenVXi9B9VWUpqLy8u8,USDC,1486.76,1486.72
4,Exploiter Transfered 1472.89USDC to 6NNjt7gak9owxRwKuC1dzzCuA6MFLhXAA77Sf4zjxUJM worth 1472.85USD 4 minutes later,Transfered,2022-03-23 10:36:05.000,4PYQqBDXHHGeugYdBi6c8HWSWaePwYwnM3J4cet69WYWF9PhfpEHNhV6kdmpCZ8zopegUpBZUJwmgpZ9kHk7vQpc,6D7fgzpPZXtDB6Zqg3xRwfbohzerbytB2U5pFchnVuzw,to 6NNjt7gak9owxRwKuC1dzzCuA6MFLhXAA77Sf4zjxUJM,USDC,1472.89,1472.85
0,Exploiter Transfered 1341.3USDC to 6w8wJcnMRS25gEn799DNKhPbo5nen2W1wNYZQa69Vd72 worth 1341.26USD 0 minutes later,Transfered,2022-03-23 10:36:12.000,5X1oEuv9mDt1RF9LfggDuDxqX5aBvqjaTHEMXtoBzyPuoBJbJM7wykG5E7NM5SMUN9F6nngB9Zw5bkkFEaTL1MvD,6D7fgzpPZXtDB6Zqg3xRwfbohzerbytB2U5pFchnVuzw,to 6w8wJcnMRS25gEn799DNKhPbo5nen2W1wNYZQa69Vd72,USDC,1341.3,1341.26
0,Exploiter Transfered 1247.63USDC to 9PqZnYtLKgobT7udMmRokDoaQ2sehLBGapBhANWyLMUB worth 1247.6USD 0 minutes later,Transfered,2022-03-23 10:36:21.000,3taDTkAJC2Euoh9ZWBNh8Uv74MkWvA912wpceL6h6ZXDXaLYo8wXchsuWgxcJhGDPZTgENjNMokzyBTTu9GF9caW,6D7fgzpPZXtDB6Zqg3xRwfbohzerbytB2U5pFchnVuzw,to 9PqZnYtLKgobT7udMmRokDoaQ2sehLBGapBhANWyLMUB,USDC,1247.63,1247.6
0,Exploiter Transfered 1238.65USDC to CDhJ94W25MdR4H6cBnGeEg3NsUohWApqc92kEAQq8qbx worth 1238.61USD 0 minutes later,Transfered,2022-03-23 10:36:31.000,mZpYaMWiprhTBiZ28ddDNsZAumWMXTA7ojTvnNpm6Jowm38JSU8m2tRJDPzShg4UYExCtq94PPNJgTDLrSERdTb,6D7fgzpPZXtDB6Zqg3xRwfbohzerbytB2U5pFchnVuzw,to CDhJ94W25MdR4H6cBnGeEg3NsUohWApqc92kEAQq8qbx,USDC,1238.65,1238.61
0,Exploiter Transfered 1231.28USDC to BuRYcJeb8HjouAWbjiQsPX5xDwX1XFuCjEBAyEPQepMG worth 1231.25USD 0 minutes later,Transfered,2022-03-23 10:36:41.000,LYzMgxU3EfhaAKiDEgbTNJPmt4JTEjF3CSaQwwCpb7wdaL7ywSnoEKLoef7EGS5vAxoN4sDGgTE9ggeenoT6UFe,6D7fgzpPZXtDB6Zqg3xRwfbohzerbytB2U5pFchnVuzw,to BuRYcJeb8HjouAWbjiQsPX5xDwX1XFuCjEBAyEPQepMG,USDC,1231.28,1231.25
0,Exploiter Transfered 1153.21USDC to CEGoj7D723vVGsu2QGRdNi4q2Tg6kysW9RFjkpdPj2Tt worth 1153.18USD 0 minutes later,Transfered,2022-03-23 10:36:50.000,3tGCAkGE43dLcj5htmQ2geYAw1zdENeMjhbLYPmLbybpEZFFCKP5Y2esMeS8XNpAKeKwxfZKAWzXRE2Nz5zbXNKD,6D7fgzpPZXtDB6Zqg3xRwfbohzerbytB2U5pFchnVuzw,to CEGoj7D723vVGsu2QGRdNi4q2Tg6kysW9RFjkpdPj2Tt,USDC,1153.21,1153.18
0,Exploiter Transfered 1122.8USDC to Fu3TKN7uMacqvW5V98vSHYqM8DuAWRpNUuGGuS3yywv2 worth 1122.77USD 0 minutes later,Transfered,2022-03-23 10:36:59.000,5g785V8DVZthRsxvVsrJZGV5nEtyDLb55d4pjKRnLkX8TPi3u5Yt4w5u5LZs8X4DTy986RNLbLjuVK9eprHzN3vh,6D7fgzpPZXtDB6Zqg3xRwfbohzerbytB2U5pFchnVuzw,to Fu3TKN7uMacqvW5V98vSHYqM8DuAWRpNUuGGuS3yywv2,USDC,1122.8,1122.77
1,Exploiter Transfered 1108.46USDC to FZfacCeSjDmvMe16JXEYaaUYGTMXTWQNZeGQduHMdJcp worth 1108.43USD 1 minutes later,Transfered,2022-03-23 10:37:07.000,3HTQfBBHJc7DDCd9rF5NR2aVNgdonAqWFtL4HgwESgrxMPqHynqdzMdkfBdqcyVoZPotb1frVjGafQGqy5myHeL8,6D7fgzpPZXtDB6Zqg3xRwfbohzerbytB2U5pFchnVuzw,to FZfacCeSjDmvMe16JXEYaaUYGTMXTWQNZeGQduHMdJcp,USDC,1108.46,1108.43
0,Exploiter Transfered 1104.33USDC to 7d34YbD5rYr6EeZFjYoNhRUHn18iTS8dfoBc3wti21md worth 1104.3USD 0 minutes later,Transfered,2022-03-23 10:37:16.000,2g564Xqpo6BbyyKvJgApC6L5ZrQ5yfZMgzrKhzmPd8E6YZWK5Y9AatsCpBEEJD69owv6TAxhzypwCuWbtS8XgtbG,6D7fgzpPZXtDB6Zqg3xRwfbohzerbytB2U5pFchnVuzw,to 7d34YbD5rYr6EeZFjYoNhRUHn18iTS8dfoBc3wti21md,USDC,1104.33,1104.3
0,Exploiter Transfered 1097.12USDC to 44hDevGYesAQ6ELZH2ineik2bh9EZhySkBD8ApLKD27B worth 1097.09USD 0 minutes later,Transfered,2022-03-23 10:37:27.000,5qd41xB6iJVz2wFjKQaBbeuhNdjjLiq5vAHFYVddKnESgxZgUsUcJaYyL1djiuEuGrPNwEzEUhoPdriv3Ffwvfu1,6D7fgzpPZXtDB6Zqg3xRwfbohzerbytB2U5pFchnVuzw,to 44hDevGYesAQ6ELZH2ineik2bh9EZhySkBD8ApLKD27B,USDC,1097.12,1097.09
0,Exploiter Transfered 1046.55USDC to 4YSgVaPyqaDeVnbHtQhURDvY6yKWNtqHTLhmZrhRPL61 worth 1046.52USD 0 minutes later,Transfered,2022-03-23 10:37:38.000,2WrKAncqbHgACQjt3b6o1XSyDWgXEhzqSevCT464cTCuC9gXEq6xMa1CpXThMXA8K9XvPYQh9Mks9Ysg7QHzW5H7,6D7fgzpPZXtDB6Zqg3xRwfbohzerbytB2U5pFchnVuzw,to 4YSgVaPyqaDeVnbHtQhURDvY6yKWNtqHTLhmZrhRPL61,USDC,1046.55,1046.52
0,Exploiter Transfered 1046.41USDC to 2jsjbw6RF6aVkViqKYYcCws2g7q47wEQLvLDmMRMk5R9 worth 1046.38USD 0 minutes later,Transfered,2022-03-23 10:37:45.000,xqGEAYrvVFQiFXgejWdmpTRZvVTdPD9P4e86JwJoyzF9P2qQejijB4sjsg5y5RUp7F9yM1Ne4nSWXQBrstHMBCi,6D7fgzpPZXtDB6Zqg3xRwfbohzerbytB2U5pFchnVuzw,to 2jsjbw6RF6aVkViqKYYcCws2g7q47wEQLvLDmMRMk5R9,USDC,1046.41,1046.38
0,Exploiter Transfered 1018.47USDC to B389qg6e3zwZ5FoyhM9akarLh7cStowfkmkimgSYLn4n worth 1018.44USD 0 minutes later,Transfered,2022-03-23 10:37:54.000,4P2Q5gC38m5eSDrxnSR9oZrHoSVH6YcPCBtaRtiFiDSx72aSjBPrgtQkpqyw5jDHByfo4nMbiHBFEwY38SqmvBbe,6D7fgzpPZXtDB6Zqg3xRwfbohzerbytB2U5pFchnVuzw,to B389qg6e3zwZ5FoyhM9akarLh7cStowfkmkimgSYLn4n,USDC,1018.47,1018.44
1,Exploiter Transfered 1007.57USDC to Swov7x3YNKmQUuoxDPLyyjr3DbvsAzJGxXvMx7wijQx worth 1007.54USD 1 minutes later,Transfered,2022-03-23 10:38:04.000,3nEbihcdadvJQ79krx9gLxzzjn7AFHzCUJy65KScC9PTxNLKwFJD2pLQayUod2gNcmfZ5twXosBYwxi7PVVx5om1,6D7fgzpPZXtDB6Zqg3xRwfbohzerbytB2U5pFchnVuzw,to Swov7x3YNKmQUuoxDPLyyjr3DbvsAzJGxXvMx7wijQx,USDC,1007.57,1007.54
0,Exploiter Transfered 1000.34USDC to 3NTEfnJvfDk2ygCn8jFhJtsf7HnPKgpGpwQmUBEdCNGM worth 1000.31USD 0 minutes later,Transfered,2022-03-23 10:38:13.000,2HjQeAwEdxMLFojmzxxrcT32vpCp632aEjRyo1Ekt91nQwK85AZJWRNCw6n8Q5Gh1hYeyiCVEhg3tLc4zAfvduhw,6D7fgzpPZXtDB6Zqg3xRwfbohzerbytB2U5pFchnVuzw,to 3NTEfnJvfDk2ygCn8jFhJtsf7HnPKgpGpwQmUBEdCNGM,USDC,1000.34,1000.31
0,Exploiter Transfered 998.16USDC to zm3cKVrJBgZbt1YGUHEFtMLoG5HrBnxpwduYSDmgzCS worth 998.13USD 0 minutes later,Transfered,2022-03-23 10:38:21.000,3X82bmfGMMd267oHnJEE4fgb9o81AwX7PQfZmxhEqAPdnwezo67GigPc4CBRc3tFQ3x2kTpuGESRopmKKpvCjiYe,6D7fgzpPZXtDB6Zqg3xRwfbohzerbytB2U5pFchnVuzw,to zm3cKVrJBgZbt1YGUHEFtMLoG5HrBnxpwduYSDmgzCS,USDC,998.16,998.13
0,Exploiter Transfered 996.82USDC to 2HCYobbTXuzrHR3CSvbpWY9SfBKhNeZHMW3Fxyf988q1 worth 996.79USD 0 minutes later,Transfered,2022-03-23 10:38:30.000,G2xphvzHb556LSLwjRJNWoRysr14W5GfymPjAPunsa2ySEmUx73be6LKpczfSpUt5wB1R23cAk3FEhbDfUB4rax,6D7fgzpPZXtDB6Zqg3xRwfbohzerbytB2U5pFchnVuzw,to 2HCYobbTXuzrHR3CSvbpWY9SfBKhNeZHMW3Fxyf988q1,USDC,996.82,996.79
0,Exploiter Transfered 995.73USDC to 85udcWTq5ftBSCAjfUsbkxLpnPPAjX2AaTsMyvu7JPep worth 995.7USD 0 minutes later,Transfered,2022-03-23 10:38:40.000,5jAA85j1F562TfVvuscQaWGyACtLzpUQoj7sTVdxLLkGnkdSnET8GZusfxoYDsnpquDJ5umTDNxz2GJAfWzukyFj,6D7fgzpPZXtDB6Zqg3xRwfbohzerbytB2U5pFchnVuzw,to 85udcWTq5ftBSCAjfUsbkxLpnPPAjX2AaTsMyvu7JPep,USDC,995.73,995.7
0,Exploiter Transfered 992.77USDC to 8ptV4rmaMmsswrhCnk3nimsivobUi1dRyjcoUm9L5cXL worth 992.74USD 0 minutes later,Transfered,2022-03-23 10:38:50.000,271uKmVwNvdGKVgQeN3ji7TKZympmZJaqSBGrwJvVPpEgPdxH5cbV7KJaRPD8i5ywUPnX72kySadNeEtKQ3w2pDn,6D7fgzpPZXtDB6Zqg3xRwfbohzerbytB2U5pFchnVuzw,to 8ptV4rmaMmsswrhCnk3nimsivobUi1dRyjcoUm9L5cXL,USDC,992.77,992.74
1,Exploiter Transfered 992.75USDC to 3VPEQLrJNUqAfchNNgXPYy6LSW9m5siMxa9SxcJtaQJY worth 992.72USD 1 minutes later,Transfered,2022-03-23 10:39:00.000,iuL14vAhe1qqtJu76Jx4jA55Y97Mg2FLciZ2vUjqZSs9QjsgVNVS8uhWcQ4UtE1jSAaW2Tn1zZkRmk1taTnuJ8R,6D7fgzpPZXtDB6Zqg3xRwfbohzerbytB2U5pFchnVuzw,to 3VPEQLrJNUqAfchNNgXPYy6LSW9m5siMxa9SxcJtaQJY,USDC,992.75,992.72
0,Exploiter Transfered 849.52USDC to CdXcPk6hLFW9VwcU1BDcgctTcv4a6Dg1Zdpxu8uRT216 worth 849.5USD 0 minutes later,Transfered,2022-03-23 10:39:08.000,497SANM33yufJZgxfgTpw2BAjENjXp7Ub1WjZZxDZddbMpcqXU6RShSQqoYD6hyfeHwLzWPVNh4mEkea2YFQXv36,6D7fgzpPZXtDB6Zqg3xRwfbohzerbytB2U5pFchnVuzw,to CdXcPk6hLFW9VwcU1BDcgctTcv4a6Dg1Zdpxu8uRT216,USDC,849.52,849.5
0,Exploiter Transfered 837.49USDC to D5VrWzfc41YjbFqWZbWRfgWbpiM1ZgmvUiDt7pRbLivL worth 837.47USD 0 minutes later,Transfered,2022-03-23 10:39:16.000,5Nr3xd1hAxWewZ6WHKL3TuFHPwrE1LuC5zaE5mHQkFd7VMnzP94upuR38iBEQe6Ft1G82yi3YQK3Vbn1PE4GpE8v,6D7fgzpPZXtDB6Zqg3xRwfbohzerbytB2U5pFchnVuzw,to D5VrWzfc41YjbFqWZbWRfgWbpiM1ZgmvUiDt7pRbLivL,USDC,837.49,837.47
0,Exploiter Transfered 754.27USDC to HDj8fLhSAeMzoa2yBcNgEiU9Pxcjy2e57RAKtM4bh7UJ worth 754.25USD 0 minutes later,Transfered,2022-03-23 10:39:24.000,3gbDL9AMpWm4d6uhck6b92ssSppJtEX1UxS45NT1z18NZ3qnGgKACcZ2fagcxXQNMG3BFk4p4V52DK2N72qdvLMC,6D7fgzpPZXtDB6Zqg3xRwfbohzerbytB2U5pFchnVuzw,to HDj8fLhSAeMzoa2yBcNgEiU9Pxcjy2e57RAKtM4bh7UJ,USDC,754.27,754.25
0,Exploiter Transfered 692.07USDC to 4S1eV9dKM98NGJPtitzVuJYgT9i2W6wtp4snzRpgaRyy worth 692.05USD 0 minutes later,Transfered,2022-03-23 10:39:34.000,5F5KisLH8ks9yY7Jrw9oCTkjkrHQyNSYQSZXEA7kE9KA6JUsSDwbpBdmQE1pg9boN6HcQ7Nxwsbf1Bif3YjbeYkA,6D7fgzpPZXtDB6Zqg3xRwfbohzerbytB2U5pFchnVuzw,to 4S1eV9dKM98NGJPtitzVuJYgT9i2W6wtp4snzRpgaRyy,USDC,692.07,692.05
0,Exploiter Transfered 659.7USDC to F7H9NdvhbFATRP41CsXr5m4uFAvZsBssFiKJ8Uxe3Mx5 worth 659.68USD 0 minutes later,Transfered,2022-03-23 10:39:41.000,54tQSpbBKD2mbFyBZu9XKoZpw4inHUGtoikad4wRwnKznJSNcoVvNmGU9YjA7vRVyCip1uZW2CqSFSQKpjc4Hvgn,6D7fgzpPZXtDB6Zqg3xRwfbohzerbytB2U5pFchnVuzw,to F7H9NdvhbFATRP41CsXr5m4uFAvZsBssFiKJ8Uxe3Mx5,USDC,659.7,659.68
0,Exploiter Transfered 622.35USDC to Bv6vmxSZukk1qVMPFsMPa84QUyL9ryqm9hSpNd2PoBHE worth 622.34USD 0 minutes later,Transfered,2022-03-23 10:39:50.000,5quGcS1vGLQn9zJkgGhqhZR5Hg74LMwvgyNHmVTmntTrBCYUptqA4qy611xdY1CCbbMgxC6z5ULbuJp1JbxKjdqE,6D7fgzpPZXtDB6Zqg3xRwfbohzerbytB2U5pFchnVuzw,to Bv6vmxSZukk1qVMPFsMPa84QUyL9ryqm9hSpNd2PoBHE,USDC,622.35,622.34
0,Exploiter Transfered 613.48USDC to DiGjZnAHkF2kfMbbk36sgdPYscdSwQkuZH5ttSjJ63dz worth 613.46USD 0 minutes later,Transfered,2022-03-23 10:39:57.000,guS6zkJZC4NkqAEB2qWqz4ogWwdEm7wutiQmWQMK5Qj56fNpeUbxmMntWS13bjpCXTz4Q4yosQ8wbmX61hdJ74K,6D7fgzpPZXtDB6Zqg3xRwfbohzerbytB2U5pFchnVuzw,to DiGjZnAHkF2kfMbbk36sgdPYscdSwQkuZH5ttSjJ63dz,USDC,613.48,613.46
1,Exploiter Transfered 608.72USDC to 9nUTw6SGSDn8scDSBkuFF68HzvZGmj9uuiJ18i9c4Kik worth 608.7USD 1 minutes later,Transfered,2022-03-23 10:40:04.000,5aLqbiExKtdtr2smfQHFVjaYESQ6H22ZWrY1AJ67e2TpA3zxBbFBfs1FpP3yn3WW8viFsBDBVMA779HALBUepjes,6D7fgzpPZXtDB6Zqg3xRwfbohzerbytB2U5pFchnVuzw,to 9nUTw6SGSDn8scDSBkuFF68HzvZGmj9uuiJ18i9c4Kik,USDC,608.72,608.7
0,Exploiter Transfered 585.69USDC to B4YjKweiRCAvz27kq7vVVwDn6mmkpJ9FdTP9Ty1AkK7g worth 585.68USD 0 minutes later,Transfered,2022-03-23 10:40:15.000,5GRdxPmfFWn1PXTu6EgLoqX6ZcmNzkUawboV18EkSjjrSbTnKPdDrpu5mU7WYZfDnAzJD2qVbUM6qVgDGjB9758w,6D7fgzpPZXtDB6Zqg3xRwfbohzerbytB2U5pFchnVuzw,to B4YjKweiRCAvz27kq7vVVwDn6mmkpJ9FdTP9Ty1AkK7g,USDC,585.69,585.68
0,Exploiter Transfered 584.64USDC to 77gtgDU2gqgjRj2KdZJuLNQs9Pg7wvRmF6MwebNG6pM2 worth 584.62USD 0 minutes later,Transfered,2022-03-23 10:40:22.000,4Z5NgjU2Xuq3gMRDZ9qK8X1V9MCDxBiuEVozRD93A2iiKVqWVUoEVMYbwm5WvD5iJ2JHy3snRUeWuSfRbjrYp4Yn,6D7fgzpPZXtDB6Zqg3xRwfbohzerbytB2U5pFchnVuzw,to 77gtgDU2gqgjRj2KdZJuLNQs9Pg7wvRmF6MwebNG6pM2,USDC,584.64,584.62
0,Exploiter Transfered 575.92USDC to y33to6cSvh9kksofq83mVfF9pm9rW7hm42Xi3iuoPQX worth 575.9USD 0 minutes later,Transfered,2022-03-23 10:40:33.000,2QmL5jwEhYY1LBLuWxSGHkNPXJTQKdPvsDoYHDwBgRiiXNGGxHF9D8vjCKciY1yMRBVXmGNCBSNsiCwr4KJYxBGR,6D7fgzpPZXtDB6Zqg3xRwfbohzerbytB2U5pFchnVuzw,to y33to6cSvh9kksofq83mVfF9pm9rW7hm42Xi3iuoPQX,USDC,575.92,575.9
0,Exploiter Transfered 547.42USDC to GxCA7VRsYnpYzybvS2E55duJVKWdKaLBRiWo6Zc19FNg worth 547.4USD 0 minutes later,Transfered,2022-03-23 10:40:43.000,3kYY3fWi5fGZxWJq2ZejdzztFkoREiEfxC8P8GpCS5NHe6otuWMYfuXyUMmX6NfQArMTDahxDtyHraTVURdBd1Wy,6D7fgzpPZXtDB6Zqg3xRwfbohzerbytB2U5pFchnVuzw,to GxCA7VRsYnpYzybvS2E55duJVKWdKaLBRiWo6Zc19FNg,USDC,547.42,547.4
0,Exploiter Transfered 524.74USDC to 95zU2y4nCTvyMKM8roFTvM8ZZPoia1LSDVoPyMfsfDkz worth 524.73USD 0 minutes later,Transfered,2022-03-23 10:40:51.000,3jBmbVzw5NA67vZe2UsH17UesjuqTY4zUkK8u8piUkMeeNJsQuWrGxxqALebvJE9JCYbKNCC5CsBYQa149KTTjMk,6D7fgzpPZXtDB6Zqg3xRwfbohzerbytB2U5pFchnVuzw,to 95zU2y4nCTvyMKM8roFTvM8ZZPoia1LSDVoPyMfsfDkz,USDC,524.74,524.73
0,Exploiter Transfered 513USDC to BWyfuasPXBjzMnCjNijddzZxTPDCKt6PC6ReL9VFjcGJ worth 512.99USD 0 minutes later,Transfered,2022-03-23 10:40:58.000,3eESZbfWHK6K64naiz343VsNPSTdCm4Tt2KudVKySBkhob2dxrdgivxTKGaMm6oupjTQKpDfpAanEwJ5rWu8uB4d,6D7fgzpPZXtDB6Zqg3xRwfbohzerbytB2U5pFchnVuzw,to BWyfuasPXBjzMnCjNijddzZxTPDCKt6PC6ReL9VFjcGJ,USDC,513,512.99
1,Exploiter Transfered 507.33USDC to GAeuq69kuFJ5eC48Jo4Kg6DgCjH1F9Brd31tjWwDSVXt worth 507.32USD 1 minutes later,Transfered,2022-03-23 10:41:07.000,KpspD6MGAfAZmVrSMSgJbF1xRq1aqe76gbRhtgGuA1kACZmyUisKB9cH4dbAQwu1SMifsqGnobotD9zoRk6NoAB,6D7fgzpPZXtDB6Zqg3xRwfbohzerbytB2U5pFchnVuzw,to GAeuq69kuFJ5eC48Jo4Kg6DgCjH1F9Brd31tjWwDSVXt,USDC,507.33,507.32
0,Exploiter Transfered 500USDC to DG3jmwxrsRbEuyFTxBQMBrpELZJ26YMr37KBXEiwKXkH worth 499.99USD 0 minutes later,Transfered,2022-03-23 10:41:16.000,YeQiYUWkmCvsa6eLvtwTuFMKeyyxb7DcmkVBSc54BcqSdQfNjDcdA354f1a8irgvPkdgF87agPgVtq16heZwTZQ,6D7fgzpPZXtDB6Zqg3xRwfbohzerbytB2U5pFchnVuzw,to DG3jmwxrsRbEuyFTxBQMBrpELZJ26YMr37KBXEiwKXkH,USDC,500,499.99
0,Exploiter Transfered 499.13USDC to 7LJ9wenQj8PxHsWotK2VTWmh8Wz6hzTuReQyDxQwskRz worth 499.12USD 0 minutes later,Transfered,2022-03-23 10:41:25.000,3goJNHxURGr98NoSyGLZo5WVmDSnGoTL32UeFkr95h8TkK2Fs3SfB1XPpcoqPchWUunvL9eaFJSWW2tnRjLD8mMP,6D7fgzpPZXtDB6Zqg3xRwfbohzerbytB2U5pFchnVuzw,to 7LJ9wenQj8PxHsWotK2VTWmh8Wz6hzTuReQyDxQwskRz,USDC,499.13,499.12
0,Exploiter Transfered 468.6USDC to 9m8gBt7XTce8EADqbpUjr6XutmQHfTUhBDysUTRN1zYw worth 468.59USD 0 minutes later,Transfered,2022-03-23 10:41:35.000,554wtLJzxRaJHqkZFFRcG6ePGZC7HeU58JH93fgytC5r53uHKvZN61bfWp1StvKvCWEqdcGKp1mJYVCPCamy5Kco,6D7fgzpPZXtDB6Zqg3xRwfbohzerbytB2U5pFchnVuzw,to 9m8gBt7XTce8EADqbpUjr6XutmQHfTUhBDysUTRN1zYw,USDC,468.6,468.59
0,Exploiter Transfered 440.53USDC to DDWhqgj6tPqmfpA9qijqEtS1ReXHwAz3MJPNSQHfSurm worth 440.52USD 0 minutes later,Transfered,2022-03-23 10:41:44.000,5GLpw9fxc7HsNAcy1Aw9d27cMb9D8uqDYPSAVrL2nMfoqSAA8MQmWsvwjNCaKxgw6BzNxRqwqWQQJvxakJ26DcoW,6D7fgzpPZXtDB6Zqg3xRwfbohzerbytB2U5pFchnVuzw,to DDWhqgj6tPqmfpA9qijqEtS1ReXHwAz3MJPNSQHfSurm,USDC,440.53,440.52
0,Exploiter Transfered 438.75USDC to G8z6MfcZ28AWqQRyurfbYPKk2B8j1d2pWRo4kSi4yyW3 worth 438.74USD 0 minutes later,Transfered,2022-03-23 10:41:52.000,N42CfSC3E81jb7X49gcVhS56TUABo6E32ikmekqu8h86v3CFvFS64NQAzexxvVEcpJhfq1BLVGiFkwDyUDgvMnH,6D7fgzpPZXtDB6Zqg3xRwfbohzerbytB2U5pFchnVuzw,to G8z6MfcZ28AWqQRyurfbYPKk2B8j1d2pWRo4kSi4yyW3,USDC,438.75,438.74
1,Exploiter Transfered 425.8USDC to DV1HHoTBA153XE1Emb2ajAHnMkeBY6ribBw74CjXYukq worth 425.79USD 1 minutes later,Transfered,2022-03-23 10:42:02.000,e818XVreezhJzstASnhySANhvSf4z1fDeyWntYKKrb3t4eGWBHwyuSGh22yNzKBJyeAScgEJpGD96zL5Yx2cgNc,6D7fgzpPZXtDB6Zqg3xRwfbohzerbytB2U5pFchnVuzw,to DV1HHoTBA153XE1Emb2ajAHnMkeBY6ribBw74CjXYukq,USDC,425.8,425.79
0,Exploiter Transfered 419.52USDC to DUUmgwGJLZVie7aZkxf1tfVbAbzxzfPp5Y9XsMa5PV5k worth 419.5USD 0 minutes later,Transfered,2022-03-23 10:42:09.000,2wvRzC8R2FiwfqZ1R7igm7wkiphTTQPBZSBsU8uymKgjpF42WPDRPnY3xmxvY31bPKTfC9coBdZhgnKbn5MW49Cb,6D7fgzpPZXtDB6Zqg3xRwfbohzerbytB2U5pFchnVuzw,to DUUmgwGJLZVie7aZkxf1tfVbAbzxzfPp5Y9XsMa5PV5k,USDC,419.52,419.5
0,Exploiter Transfered 408.37USDC to J29Gg5BjnGyNzcUVWNx1HGUVZHbr6U7GR8Gn4W5uKrx9 worth 408.36USD 0 minutes later,Transfered,2022-03-23 10:42:19.000,MXRUSwxrfC5b5TJ7GgS2ov2L4GdGGoqmonojCUVX6mFoJimQnVbP3SFKoKsfTYPpFNascPynzt2Ag7WfCv9we5U,6D7fgzpPZXtDB6Zqg3xRwfbohzerbytB2U5pFchnVuzw,to J29Gg5BjnGyNzcUVWNx1HGUVZHbr6U7GR8Gn4W5uKrx9,USDC,408.37,408.36
0,Exploiter Transfered 407.11USDC to EAMhJ3oghAQY7g94ptLgVGUWPAVGaeNXoCLGnciYvnbV worth 407.1USD 0 minutes later,Transfered,2022-03-23 10:42:28.000,5FcCm3wvdiB4SdXUJ49eMbnAPBx3w3voHoC6tAfutKk7s16X5jQfK4XbSxzmoG7HZzasL4DkxQSU9frGy8QNSqkx,6D7fgzpPZXtDB6Zqg3xRwfbohzerbytB2U5pFchnVuzw,to EAMhJ3oghAQY7g94ptLgVGUWPAVGaeNXoCLGnciYvnbV,USDC,407.11,407.1
0,Exploiter Transfered 407.09USDC to Fa7ekzCYnRXVD7rG8BKHxEV1xFDUnzpg6BtP4jxu47mJ worth 407.08USD 0 minutes later,Transfered,2022-03-23 10:42:36.000,46y8cSxNk4MMmXbdtXeQaYwrUuxExXNCu1Jfvz9SsijZf9ALseunc14EvePs8DYiWDC8RwLqGH8ixHPRenR5THMm,6D7fgzpPZXtDB6Zqg3xRwfbohzerbytB2U5pFchnVuzw,to Fa7ekzCYnRXVD7rG8BKHxEV1xFDUnzpg6BtP4jxu47mJ,USDC,407.09,407.08
0,Exploiter Transfered 399.79USDC to FDtjPRC1suZXxaDbTyn7NHi6zeESL49wLehXYH3zaXrV worth 399.78USD 0 minutes later,Transfered,2022-03-23 10:42:46.000,4ibZ32pn5YrJqkb6D7Ncq2DmdKs9N7sCdZuCiHFVY8yYT2RWjbiMKnbTzMXstocia8DjsuffAS57zm3wqcx2R7dN,6D7fgzpPZXtDB6Zqg3xRwfbohzerbytB2U5pFchnVuzw,to FDtjPRC1suZXxaDbTyn7NHi6zeESL49wLehXYH3zaXrV,USDC,399.79,399.78
0,Exploiter Transfered 399.04USDC to GWkr9GSez45dC1jrPWWxA3nGypLM6kKvbtkYzTDcNwtj worth 399.03USD 0 minutes later,Transfered,2022-03-23 10:42:54.000,3XK9jmin4Pox4WX1cymAwsBmaBQatVPi3nxKSr7xZWzPerMvaMqLueLNNspqYdzKJyDAg92EacxQZQj542eRHV1w,6D7fgzpPZXtDB6Zqg3xRwfbohzerbytB2U5pFchnVuzw,to GWkr9GSez45dC1jrPWWxA3nGypLM6kKvbtkYzTDcNwtj,USDC,399.04,399.03
1,Exploiter Transfered 398.66USDC to AgyqHPfdyFL4RUBXD1CFQ2GsG1pBt9z34dTY6ERiN8GP worth 398.64USD 1 minutes later,Transfered,2022-03-23 10:43:02.000,47kXRd6FDjK3Xpd6mAneLwTqFSfbJCh1bRovF5gvkuyQ36gKqmVv5VxUstM2hH4D7b7y8FGFiCCVPyb6VTJo55DS,6D7fgzpPZXtDB6Zqg3xRwfbohzerbytB2U5pFchnVuzw,to AgyqHPfdyFL4RUBXD1CFQ2GsG1pBt9z34dTY6ERiN8GP,USDC,398.66,398.64
0,Exploiter Transfered 355.15USDC to 5jzkbSMzAVSogVKiYYXADM9EGx63fPBbDEGT56L9xFoa worth 355.14USD 0 minutes later,Transfered,2022-03-23 10:43:10.000,3C9bfTZR1kBSGiMdKjMvTdqe8RzHev4n2Ft7Qj21NTb39L8kcRzEseTQRJvwLGhCnq9MwJ5v7MvkJkke3KQtRnz2,6D7fgzpPZXtDB6Zqg3xRwfbohzerbytB2U5pFchnVuzw,to 5jzkbSMzAVSogVKiYYXADM9EGx63fPBbDEGT56L9xFoa,USDC,355.15,355.14
0,Exploiter Transfered 325.89USDC to 9avQz8HLLP1dcrkahXcqw2YNAS9aEf2WDwzKqTvaz1wQ worth 325.88USD 0 minutes later,Transfered,2022-03-23 10:43:18.000,51hyYMwrGDrGuHkvzE1SH5sraCbwRYrj8U15516Pg93KJzasnHtcrM9Humpm9AJ7Q6ejnNc7DjeYxSWP8UpFzkop,6D7fgzpPZXtDB6Zqg3xRwfbohzerbytB2U5pFchnVuzw,to 9avQz8HLLP1dcrkahXcqw2YNAS9aEf2WDwzKqTvaz1wQ,USDC,325.89,325.88
0,Exploiter Transfered 310.06USDC to Avvcty4ozjC5RegUmeA4VyGoEYHYqq9omEdYTfbuVBQk worth 310.05USD 0 minutes later,Transfered,2022-03-23 10:43:27.000,3d6ixpHaPguuQUq1aZSjcNpmA83irqApWyr27e7yD81PPJjwY8acA2mTFTxnZwJr4NQrqNfEYq1cwbMwrFUu9oKX,6D7fgzpPZXtDB6Zqg3xRwfbohzerbytB2U5pFchnVuzw,to Avvcty4ozjC5RegUmeA4VyGoEYHYqq9omEdYTfbuVBQk,USDC,310.06,310.05
0,Exploiter Transfered 299.47USDC to 59FCQSSPydRSEZe7aWmRZYEfw3icgFBjpA7rcPtKDhki worth 299.46USD 0 minutes later,Transfered,2022-03-23 10:43:37.000,3dWsvVypZuSJy2RgpMPbmmL4oU13YxEhWdKgccU5vD3b8xK4NKq9fJgSX93PMYt4PuaYbpVqVFqiEY6KQ1xkjSia,6D7fgzpPZXtDB6Zqg3xRwfbohzerbytB2U5pFchnVuzw,to 59FCQSSPydRSEZe7aWmRZYEfw3icgFBjpA7rcPtKDhki,USDC,299.47,299.46
0,Exploiter Transfered 299.38USDC to 8Gm8BYtSLBR65xZEvKskGChrxzv4nNen5jRr4Eg4Bemq worth 299.37USD 0 minutes later,Transfered,2022-03-23 10:43:47.000,4ZFn1uL5AfmPunBrLAGHubsLXEEPbKuqeWXRGc8ewuc71fcaWV8iqyJtUZ9ASrGmvnYdA1ynZ1tBtuGcdUPmLykn,6D7fgzpPZXtDB6Zqg3xRwfbohzerbytB2U5pFchnVuzw,to 8Gm8BYtSLBR65xZEvKskGChrxzv4nNen5jRr4Eg4Bemq,USDC,299.38,299.37
0,Exploiter Transfered 298.71USDC to 7gd4pURy3yZk5NcZ5T4dbjKSw8kzdD7nFScCBznqCCVZ worth 298.7USD 0 minutes later,Transfered,2022-03-23 10:43:55.000,364qoNVhtyUNFq1ouhSU5ayCz9ghmtAgEN7h3wXYk6HjEPcUkXHHCfXzEYx7J83wbP8jBaG1LwCKa7pe8KZpg8TV,6D7fgzpPZXtDB6Zqg3xRwfbohzerbytB2U5pFchnVuzw,to 7gd4pURy3yZk5NcZ5T4dbjKSw8kzdD7nFScCBznqCCVZ,USDC,298.71,298.7
1,Exploiter Transfered 298.67USDC to 3Dv29Z4g7aYNfULppoK2wXFGjSMCUGGGHwDow7h6AASZ worth 298.66USD 1 minutes later,Transfered,2022-03-23 10:44:18.000,3sishda2ok8YLEPB9SyM1Snt6UxVSRWApNaoD1jmmFKKdJ1sFgipXa15DU9qVHCr2WeWMQrQgeq6UtdDLT3hxMkV,6D7fgzpPZXtDB6Zqg3xRwfbohzerbytB2U5pFchnVuzw,to 3Dv29Z4g7aYNfULppoK2wXFGjSMCUGGGHwDow7h6AASZ,USDC,298.67,298.66
0,Exploiter Transfered 298.42USDC to HYrcZqJ6MqdetxZ1rhRBYkxRLuub1PQQtGukFgv9NE2v worth 298.42USD 0 minutes later,Transfered,2022-03-23 10:44:26.000,4u55XGXboHZ2Lq4c931G7vJSCJEraoX1fueTs6sz6ceYfpYDKvYLCnMJnKRtr76TETzBjh3npRQbGJWVRkuJ9Nj3,6D7fgzpPZXtDB6Zqg3xRwfbohzerbytB2U5pFchnVuzw,to HYrcZqJ6MqdetxZ1rhRBYkxRLuub1PQQtGukFgv9NE2v,USDC,298.42,298.42
0,Exploiter Transfered 297.15USDC to 255Qh1PUuUVe6vLap7xvr69giwDiKCVdomr6xtNmNptW worth 297.14USD 0 minutes later,Transfered,2022-03-23 10:44:36.000,5UksXoHS7KrybTS4QkWgRd5ZkZGwZqmJ99MvKUdjpfQkFQg6PTB446ZRPMQ3T6MAKZLRzJrja2YxSG4BjG3Avxx4,6D7fgzpPZXtDB6Zqg3xRwfbohzerbytB2U5pFchnVuzw,to 255Qh1PUuUVe6vLap7xvr69giwDiKCVdomr6xtNmNptW,USDC,297.15,297.14
0,Exploiter Transfered 296.29USDC to HLpHgFYiheX448VmuAuDej8uTGaxesYsmmfndas7MopQ worth 296.29USD 0 minutes later,Transfered,2022-03-23 10:44:44.000,fk24VyTGu5d8NgiWnFMrr6idNLnduSGDFWDnWxi8PbF8Hh7WiDbVbvGfj36iWoRs2f9SFWw576j8gXTKLydcuZ5,6D7fgzpPZXtDB6Zqg3xRwfbohzerbytB2U5pFchnVuzw,to HLpHgFYiheX448VmuAuDej8uTGaxesYsmmfndas7MopQ,USDC,296.29,296.29
0,Exploiter Transfered 279.09USDC to 5XBXQFp6K9pqGxSxyQcTJ5HekXYSewLT8oFCsTVH8HEn worth 279.08USD 0 minutes later,Transfered,2022-03-23 10:44:55.000,wBhopnBpgiU9tt2AN5iqQu41W4Sbva8uyR8A38JZoq3ybZB7ZUSm1HAo8jX9Q5LQgcG1Wdbe6Qh4Hn3UMEGZnKC,6D7fgzpPZXtDB6Zqg3xRwfbohzerbytB2U5pFchnVuzw,to 5XBXQFp6K9pqGxSxyQcTJ5HekXYSewLT8oFCsTVH8HEn,USDC,279.09,279.08
1,Exploiter Transfered 249.4USDC to 6FSp6o4XK4HdtASccqReRV3stCrf1wSqumDtJQFa7q6b worth 249.4USD 1 minutes later,Transfered,2022-03-23 10:45:06.000,4jS6bsrET1Sedmq4mWHf8WFpkKsiP8SuZbLjcJHXf47fMUfCtbrsTx7x9odCaPwvA7AK6DDv8J5CNZ6evJmu6jDa,6D7fgzpPZXtDB6Zqg3xRwfbohzerbytB2U5pFchnVuzw,to 6FSp6o4XK4HdtASccqReRV3stCrf1wSqumDtJQFa7q6b,USDC,249.4,249.4
0,Exploiter Transfered 235.44USDC to 7NFF1KUE4uSxPuKq9TfeHzFYPyCk2kdx8uVitA3QKKZm worth 235.43USD 0 minutes later,Transfered,2022-03-23 10:45:13.000,5aHfXr9RoNXvXm4fZsesjhxsBgorwuuT5fm4oQuV1CbT6dFsYcrSGFGnB6nESn6Fcw4cY3GhZiP1aNzNi9KbC6SL,6D7fgzpPZXtDB6Zqg3xRwfbohzerbytB2U5pFchnVuzw,to 7NFF1KUE4uSxPuKq9TfeHzFYPyCk2kdx8uVitA3QKKZm,USDC,235.44,235.43
0,Exploiter Transfered 224USDC to CeCC5648PaF3hGZi7yuVwjXe7eGGyAvjcZhFKuRGnWaz worth 223.99USD 0 minutes later,Transfered,2022-03-23 10:45:21.000,WJJ9EZD9uS3V9cfRxxZTRJgHt9ZYSXRuXH5YDrA4bN5qL7E3qZarfZ5JCM2PMemRV3M8NbgA2FVo5r628FoL3ub,6D7fgzpPZXtDB6Zqg3xRwfbohzerbytB2U5pFchnVuzw,to CeCC5648PaF3hGZi7yuVwjXe7eGGyAvjcZhFKuRGnWaz,USDC,224,223.99
0,Exploiter Transfered 219.31USDC to AAMicGV4EFTKK3knBvghJFaVJW9JjhaMpFay1f5Ph2hq worth 219.31USD 0 minutes later,Transfered,2022-03-23 10:45:31.000,2f4Dad13kWwSMyf1VqPA4MkVzzeQKQ8Hy5AyjWBv43w5vTdEENFWDFQQWqwF6vVV3LCDYC8vZfzxYqVfh8Jk6pjG,6D7fgzpPZXtDB6Zqg3xRwfbohzerbytB2U5pFchnVuzw,to AAMicGV4EFTKK3knBvghJFaVJW9JjhaMpFay1f5Ph2hq,USDC,219.31,219.31
0,Exploiter Transfered 214.01USDC to Ap3s6w9zkKSyTvt3Gpc2kubEwYGo4veiRADgqqdW3767 worth 214.01USD 0 minutes later,Transfered,2022-03-23 10:45:39.000,3XFsNt1pzECSwTeV5WFZHG8s9zCKHUYUW9gQWi7vCUmLBEjD6ZGrAq9nowFEd3Z8xL7Str2BSKrTB6dG7R8ADQP5,6D7fgzpPZXtDB6Zqg3xRwfbohzerbytB2U5pFchnVuzw,to Ap3s6w9zkKSyTvt3Gpc2kubEwYGo4veiRADgqqdW3767,USDC,214.01,214.01
0,Exploiter Transfered 212.07USDC to 3pG2e9wcAxM4PSD13hFx2yKrrKuvWJZnFz6dJA545qMi worth 212.07USD 0 minutes later,Transfered,2022-03-23 10:45:45.000,4MJEVuaYQL6GBm53Z8vhmt8iMwARP6Yggd5KWDYojqjz39EXRg4r1yn1jdvAVQxeJDTf8Ee7CnhyhnfcHQNdht3C,6D7fgzpPZXtDB6Zqg3xRwfbohzerbytB2U5pFchnVuzw,to 3pG2e9wcAxM4PSD13hFx2yKrrKuvWJZnFz6dJA545qMi,USDC,212.07,212.07
0,Exploiter Transfered 209.48USDC to BhyfKpVp9u3jkvBiirihoJeXGgigevibdMPG1UvzacHN worth 209.48USD 0 minutes later,Transfered,2022-03-23 10:45:56.000,3faPukGJSWuzodXm9CY2egyiZaxPpHoo8gRjWobDY5DrwU3sP7f71EN2tJ1DfhBpBREFHm7p8EHBZf2hVw4WZh6,6D7fgzpPZXtDB6Zqg3xRwfbohzerbytB2U5pFchnVuzw,to BhyfKpVp9u3jkvBiirihoJeXGgigevibdMPG1UvzacHN,USDC,209.48,209.48
1,Exploiter Transfered 206.3USDC to 8NN8WK17EVa16wNrUEzDY8AJJqYbBoAxWb1CQqwdMiZN worth 206.29USD 1 minutes later,Transfered,2022-03-23 10:46:04.000,MGKh51KzvborCZgGkwx52bHUXo5hbYhmAr22sDUEdvfDzhdhBaDQzzfg7iWz9NPSfnpbEMvi1CCGUxFdvAYpSnh,6D7fgzpPZXtDB6Zqg3xRwfbohzerbytB2U5pFchnVuzw,to 8NN8WK17EVa16wNrUEzDY8AJJqYbBoAxWb1CQqwdMiZN,USDC,206.3,206.29
0,Exploiter Transfered 205.19USDC to Hsbo9rSuxE4fCKu5fefBnkNNVJXdMNsyjAD5gDZWkxnf worth 205.19USD 0 minutes later,Transfered,2022-03-23 10:46:12.000,3hcyR1ExNoQnSXBhJTCxebGoZoHV46qYkaQJwA1zWuXXrs59pEawESBws2KXZM1RdhzL2chdNTKH9MfHLjbBw7J1,6D7fgzpPZXtDB6Zqg3xRwfbohzerbytB2U5pFchnVuzw,to Hsbo9rSuxE4fCKu5fefBnkNNVJXdMNsyjAD5gDZWkxnf,USDC,205.19,205.19
0,Exploiter Transfered 204.71USDC to GgLKjxfoo8QpDz6cLgGabb8RdTZDPV3i5uDvWhYXTZCT worth 204.7USD 0 minutes later,Transfered,2022-03-23 10:46:21.000,3HK9kDPLpkSRnTKs7p67SLppCZZBPS5Zgo5rtve9Yuk6XaFc8xL1ujfUCKu9giCaB9yqWktnjNzXVxhnH4DXSffJ,6D7fgzpPZXtDB6Zqg3xRwfbohzerbytB2U5pFchnVuzw,to GgLKjxfoo8QpDz6cLgGabb8RdTZDPV3i5uDvWhYXTZCT,USDC,204.71,204.7
0,Exploiter Transfered 204.58USDC to 2AVspqBY1fEZsgG5j1ncvkuBTWqNfLYWWwoLAmyqGvWU worth 204.57USD 0 minutes later,Transfered,2022-03-23 10:46:30.000,dKeE25GCpqRhKcHhDza8th2nUFT8u53p6R6myoxE1eejtLXYgKvnFLwQR3FF9aKPX2s4jDvaieuxEU3Kb4deh5N,6D7fgzpPZXtDB6Zqg3xRwfbohzerbytB2U5pFchnVuzw,to 2AVspqBY1fEZsgG5j1ncvkuBTWqNfLYWWwoLAmyqGvWU,USDC,204.58,204.57
0,Exploiter Transfered 203.14USDC to 4TMozmuJAhab7uA29LtSsLAPVxb5aXk8C8nJiEhiNL15 worth 203.14USD 0 minutes later,Transfered,2022-03-23 10:46:39.000,64YCtiHds3fbZQbx4aorSjYSiczkpLYyYtk3gyRCfZpM8TM6fhoG3X7JQyNj4nnFK21WpjsTFYMeBasU6HVe6Vgn,6D7fgzpPZXtDB6Zqg3xRwfbohzerbytB2U5pFchnVuzw,to 4TMozmuJAhab7uA29LtSsLAPVxb5aXk8C8nJiEhiNL15,USDC,203.14,203.14
0,Exploiter Transfered 202.03USDC to J2LpnmatZJKogxp4Wu69qDWTBdRYKmD63RCiGq2c5umi worth 202.02USD 0 minutes later,Transfered,2022-03-23 10:46:54.000,5bWduuQ1soxC3yLCJ831VoEebqEPftVtuHv62FDUxLEfRFf7fSNfsRPxJwaojwTjLBnwf1pbfNnPKky4v4T555zi,6D7fgzpPZXtDB6Zqg3xRwfbohzerbytB2U5pFchnVuzw,to J2LpnmatZJKogxp4Wu69qDWTBdRYKmD63RCiGq2c5umi,USDC,202.03,202.02
1,Exploiter Transfered 201.47USDC to 6n9FsWxWQFjDbzQAavjMDUuS186fLNvVzpbo64x2fDcq worth 201.47USD 1 minutes later,Transfered,2022-03-23 10:47:02.000,43EDqxMbunvfGD5bJdv4foYTG7KLZa22Vo6opCq1ettY9ePjkg9C5FRMcVsL65MnYEp7U6eYRnGitDsjTXCX5GmS,6D7fgzpPZXtDB6Zqg3xRwfbohzerbytB2U5pFchnVuzw,to 6n9FsWxWQFjDbzQAavjMDUuS186fLNvVzpbo64x2fDcq,USDC,201.47,201.47
0,Exploiter Transfered 201.37USDC to ELdeZgF9PMd7GSRnF8A3sxCezr1R55aCo2inm6XA317t worth 201.37USD 0 minutes later,Transfered,2022-03-23 10:47:12.000,2m1QNpXMxTckBcn4ZTXapXbXv9Xc8FFDxrvkHyUtkccKh25VPUXyk2DZhiMM339J3kFZUGL3znPfAQ2o9iDzUjGy,6D7fgzpPZXtDB6Zqg3xRwfbohzerbytB2U5pFchnVuzw,to ELdeZgF9PMd7GSRnF8A3sxCezr1R55aCo2inm6XA317t,USDC,201.37,201.37
0,Exploiter Transfered 200USDC to 6pu1iEmFwBvTyE7QhuvG2v6z52baYB3KRA5Sso6wxhHh worth 199.99USD 0 minutes later,Transfered,2022-03-23 10:47:20.000,31BimTFrZSzdUDEA5RvrfzTBEd3kfUYVNeqQmwmAqeMxQr1YkWRUgivkYKuZQWPkMvi7G8XoVhWRRbwgj17pbeuL,6D7fgzpPZXtDB6Zqg3xRwfbohzerbytB2U5pFchnVuzw,to 6pu1iEmFwBvTyE7QhuvG2v6z52baYB3KRA5Sso6wxhHh,USDC,200,199.99
0,Exploiter Transfered 199.6USDC to 9uh9wfLS7H4utp95HBv5LX4U1Gapqum9ov4KwjtmDev4 worth 199.6USD 0 minutes later,Transfered,2022-03-23 10:47:31.000,48FmZujgKKWYnXj1aEwnZbDtHUMZYdTCCzZuubJpTU6bW885yQwTrzMvBRAqzTkpG6UWQEBi2B8tRV2dCJFxTgxU,6D7fgzpPZXtDB6Zqg3xRwfbohzerbytB2U5pFchnVuzw,to 9uh9wfLS7H4utp95HBv5LX4U1Gapqum9ov4KwjtmDev4,USDC,199.6,199.6
0,Exploiter Transfered 199.6USDC to 5WyhnSoXJTbEwCJyt1tscouoCTYdduJoQWExkR5C8783 worth 199.6USD 0 minutes later,Transfered,2022-03-23 10:47:40.000,5FJUsoyfzDwLAf21vc6JtpTbNgkj1sRVvW5Tam5a1eeHXqBvc9JEFDrnwuDN6yM9cAFv9Z6f1QECDQMKauEgvuQo,6D7fgzpPZXtDB6Zqg3xRwfbohzerbytB2U5pFchnVuzw,to 5WyhnSoXJTbEwCJyt1tscouoCTYdduJoQWExkR5C8783,USDC,199.6,199.6
0,Exploiter Transfered 199.52USDC to FbBfKSePSEgwfB3RnQ4TZB8j4vFCVCdTparZvKjGfKMD worth 199.52USD 0 minutes later,Transfered,2022-03-23 10:47:53.000,nxi6pt5jyNuvCSRvjHhc8E23tUAjH8HW5DfZqEiBYNrEySVaGwQKafTzH9SxpGUrCiBXvYJY4EGNrvmgCB3daYe,6D7fgzpPZXtDB6Zqg3xRwfbohzerbytB2U5pFchnVuzw,to FbBfKSePSEgwfB3RnQ4TZB8j4vFCVCdTparZvKjGfKMD,USDC,199.52,199.52
1,Exploiter Transfered 199.52USDC to 5iq1qi6B6VwuHPDMdgGgr52Wn9hE4WP7Xy2cQERAf2EB worth 199.51USD 1 minutes later,Transfered,2022-03-23 10:48:01.000,ZB4iZpLBsTZ7xUCJ43xdN5wshAQ4orYdWyd9VjYKYzQz3Szsh8UfW4fyWcWZc8Yt9gaUmWW91ZkNyMg9jTYf594,6D7fgzpPZXtDB6Zqg3xRwfbohzerbytB2U5pFchnVuzw,to 5iq1qi6B6VwuHPDMdgGgr52Wn9hE4WP7Xy2cQERAf2EB,USDC,199.52,199.51
0,Exploiter Transfered 199.5USDC to 2B5j2iac4WsJEk3i6PLPQhi2XsBSERj7h2ViCWHjfkCK worth 199.5USD 0 minutes later,Transfered,2022-03-23 10:48:09.000,3UG1DuuEHg6KRJvtD5o4kUPtT7eSnNjqNh4r8pys5fkJjvPjdQHwLY4oqAfDNsLLEeNa5TnoBJKnLP26MWcTGcPE,6D7fgzpPZXtDB6Zqg3xRwfbohzerbytB2U5pFchnVuzw,to 2B5j2iac4WsJEk3i6PLPQhi2XsBSERj7h2ViCWHjfkCK,USDC,199.5,199.5
0,Exploiter Transfered 199.5USDC to 2tFhjvxQXYjmMeAiyEfanajTUhYnAhwRSUTJsF5urZGg worth 199.5USD 0 minutes later,Transfered,2022-03-23 10:48:18.000,qyHq4LH5er7xPD8peFtencaA9XVH5EGv1FFw1F7e2boAtjWS9R4UHVb4CU1CSRdSD33Pj6EW2qBxeopXAbkvVCc,6D7fgzpPZXtDB6Zqg3xRwfbohzerbytB2U5pFchnVuzw,to 2tFhjvxQXYjmMeAiyEfanajTUhYnAhwRSUTJsF5urZGg,USDC,199.5,199.5
0,Exploiter Transfered 199.49USDC to 9znybCzNvLVNwRmp2NhThWGe3k3nr8LkErLgUPMSKCUs worth 199.49USD 0 minutes later,Transfered,2022-03-23 10:48:27.000,57khDk6oQTfAcbihMtX9yDaDTkGgFMFe8Yqn9oUmv63TfCFM8MeWqzhvuLjSPfR7VUEmXvP17f9ZXsPkGGJGcTr3,6D7fgzpPZXtDB6Zqg3xRwfbohzerbytB2U5pFchnVuzw,to 9znybCzNvLVNwRmp2NhThWGe3k3nr8LkErLgUPMSKCUs,USDC,199.49,199.49
0,Exploiter Transfered 199.2USDC to 9KgLnzjiWHU32AxityQxYk7mNVn2XMsyqzPe9Ewy4bxn worth 199.2USD 0 minutes later,Transfered,2022-03-23 10:48:33.000,5mgWJ31n9oDbhpYhdhPwGpwSbXA7Z82JQ4t4stuRnr93WrEGLCzaPeyGgadvs7H4CnvK7ECKHWn2Tcp4UDem3y7N,6D7fgzpPZXtDB6Zqg3xRwfbohzerbytB2U5pFchnVuzw,to 9KgLnzjiWHU32AxityQxYk7mNVn2XMsyqzPe9Ewy4bxn,USDC,199.2,199.2
0,Exploiter Transfered 199.15USDC to HpDSNY15x3mcyW8ubjhZSV3AuDMTeyG5LecN2DssEob3 worth 199.14USD 0 minutes later,Transfered,2022-03-23 10:48:43.000,27kSbXDSNcvDaBob6mbXAdNjcFRQHq24fZXFN35RHEqB2niQ1icthJiczyyafcPu3a6rGRmC24FQkrnXBJXtfYRN,6D7fgzpPZXtDB6Zqg3xRwfbohzerbytB2U5pFchnVuzw,to HpDSNY15x3mcyW8ubjhZSV3AuDMTeyG5LecN2DssEob3,USDC,199.15,199.14
0,Exploiter Transfered 199.03USDC to DvR4ZddvoqVeqHMpXv5euSAnb4TrRyg4iz9vZk1ZTP8t worth 199.03USD 0 minutes later,Transfered,2022-03-23 10:48:54.000,WeJfTJkTpcJitMDNkBxPhsg7QLtBYHxfMWBHipjR1PmCKZ6kWSF6RZ92i5jbLFwttC6rDisHDb3H6hxHkMnDvan,6D7fgzpPZXtDB6Zqg3xRwfbohzerbytB2U5pFchnVuzw,to DvR4ZddvoqVeqHMpXv5euSAnb4TrRyg4iz9vZk1ZTP8t,USDC,199.03,199.03
1,Exploiter Transfered 195.63USDC to 36AVVXWhoBe6vGL9RfFdjEqXUxNXjsG3HT6Rgyyhsfts worth 195.63USD 1 minutes later,Transfered,2022-03-23 10:49:02.000,4TeTR9nvMaLCJeS9aJZq2ybm6MJh47xwdjD2JvxhAndWcVtCfbunnmjnTLQD8rQuhzzcjqmR9XqavAyfBeAywsp,6D7fgzpPZXtDB6Zqg3xRwfbohzerbytB2U5pFchnVuzw,to 36AVVXWhoBe6vGL9RfFdjEqXUxNXjsG3HT6Rgyyhsfts,USDC,195.63,195.63
0,Exploiter Transfered 195.57USDC to GTUpEkemRQxhjbMMw9mjfcNZa1RCcreTiTBouE71oQmC worth 195.57USD 0 minutes later,Transfered,2022-03-23 10:49:10.000,2JDuDN5GkAAf8PeZF6TFbMo6uQzT4z4A1H6rDy28NLVaTwadi4aLrThWLMscq3HMa4muKsimFYhi4afB5wypqA8y,6D7fgzpPZXtDB6Zqg3xRwfbohzerbytB2U5pFchnVuzw,to GTUpEkemRQxhjbMMw9mjfcNZa1RCcreTiTBouE71oQmC,USDC,195.57,195.57
0,Exploiter Transfered 192.02USDC to 6U2nasZwJK1ovpJPHptK4LfBVC7dLbGq4ucP3pGzDUPq worth 192.01USD 0 minutes later,Transfered,2022-03-23 10:49:19.000,5UjKg7BUvHjc4hSCU73wXcEeTDViQG7fBbFysCzDEtLfpsYYDBBEDEZhN7653xZKh2FnsjySEoLwUW6hZqF7Xm14,6D7fgzpPZXtDB6Zqg3xRwfbohzerbytB2U5pFchnVuzw,to 6U2nasZwJK1ovpJPHptK4LfBVC7dLbGq4ucP3pGzDUPq,USDC,192.02,192.01
0,Exploiter Transfered 187.13USDC to H84bpryQ3ByKwJxbCwCmbzEidqSG3bCXWbiiiErEUF1e worth 187.13USD 0 minutes later,Transfered,2022-03-23 10:49:27.000,3cRAsUA8uqYBaThowiaM8bV4DH52kjMGsDr5iH6v91qoHL8rKcHKMuJxG6dix69hxjU4tG5zWv429PiEeXJw7kPD,6D7fgzpPZXtDB6Zqg3xRwfbohzerbytB2U5pFchnVuzw,to H84bpryQ3ByKwJxbCwCmbzEidqSG3bCXWbiiiErEUF1e,USDC,187.13,187.13
0,Exploiter Transfered 184.39USDC to DFDYWdmznYm7taJ2Ng6WBpiKcYJYiVDDFSRZRVZycNHG worth 184.39USD 0 minutes later,Transfered,2022-03-23 10:49:34.000,A5E6Hbp7VrRVUw2hRVFZbsEGrFdViYgGLV1Tku4cB2cPRdXjxKur5inGMmUNQg5Dme4qYSCYX5JzjsMkbU4WGwY,6D7fgzpPZXtDB6Zqg3xRwfbohzerbytB2U5pFchnVuzw,to DFDYWdmznYm7taJ2Ng6WBpiKcYJYiVDDFSRZRVZycNHG,USDC,184.39,184.39
0,Exploiter Transfered 183.27USDC to 7pTk7pdrcpHTiefr4sET6ux3bkg5Y2EXQuZwdTjpnS6a worth 183.27USD 0 minutes later,Transfered,2022-03-23 10:49:44.000,vG6h75QX3aEVtVsG1MzEv5MmSMEw2Ce2T8kPfDGwuLtt6wkoyxedaMSxG4GVwZxaL9i4M1RZYGJmHHSY41j78nE,6D7fgzpPZXtDB6Zqg3xRwfbohzerbytB2U5pFchnVuzw,to 7pTk7pdrcpHTiefr4sET6ux3bkg5Y2EXQuZwdTjpnS6a,USDC,183.27,183.27
0,Exploiter Transfered 179.59USDC to 4W5W3SwtwJjb74mi93VALzmsMb6eLcaezcP26upWQFeU worth 179.59USD 0 minutes later,Transfered,2022-03-23 10:49:52.000,2Bq22QcqDuTQVEt98gpF1tqcbhu73rnctYyfaXp8FGgE4mMwDhEkcTxoPGUBpR5ubU71t451hU7TVUjAryTJGSQa,6D7fgzpPZXtDB6Zqg3xRwfbohzerbytB2U5pFchnVuzw,to 4W5W3SwtwJjb74mi93VALzmsMb6eLcaezcP26upWQFeU,USDC,179.59,179.59
1,Exploiter Transfered 177.21USDC to 5PmcWm4BaWNfLAFN9i3C47wLLLUuYJ2AAAVvG8pqsrWD worth 177.2USD 1 minutes later,Transfered,2022-03-23 10:50:00.000,4g9LEHQMsGKuwMxLQQUm6kwYxHNCUNCCpNxEjubdCSe3PkW3tdYE2pxXouakMHm87gu7jRJ5HEm1PtuR5q6o64bg,6D7fgzpPZXtDB6Zqg3xRwfbohzerbytB2U5pFchnVuzw,to 5PmcWm4BaWNfLAFN9i3C47wLLLUuYJ2AAAVvG8pqsrWD,USDC,177.21,177.2
0,Exploiter Transfered 175.08USDC to FYxuhvkjMJTEujxV1zRtZsR9Zes5eyMrywSDefkZm6gk worth 175.07USD 0 minutes later,Transfered,2022-03-23 10:50:08.000,4CVZEP9GpvX2ykr7tkR2YXmGYnk4MdPnCpj4EyVUQ1yaAb4FBps3a1fUS6H1eCGomEpYZdYeUGrD2zQoPJQv43iL,6D7fgzpPZXtDB6Zqg3xRwfbohzerbytB2U5pFchnVuzw,to FYxuhvkjMJTEujxV1zRtZsR9Zes5eyMrywSDefkZm6gk,USDC,175.08,175.07
0,Exploiter Transfered 161.86USDC to AfTZA9pEMAkyRYQvepYHRMYpiqKf7ASjwVR9rJtfxyXT worth 161.85USD 0 minutes later,Transfered,2022-03-23 10:50:18.000,5XXkqS5dh51LCLm3Tgn6q4ARnPZbGyBqi4yjY4mWJ1sbtJa17sr2qjGpvkskWYEDvmeYhZuBWvhX9CvJTrugdNQF,6D7fgzpPZXtDB6Zqg3xRwfbohzerbytB2U5pFchnVuzw,to AfTZA9pEMAkyRYQvepYHRMYpiqKf7ASjwVR9rJtfxyXT,USDC,161.86,161.85
0,Exploiter Transfered 160.51USDC to E8b8MxajfPgZLsTUWy6fZhARvYzmUXcE4QVcmw7BbYRi worth 160.51USD 0 minutes later,Transfered,2022-03-23 10:50:26.000,XkZQv6wvrtYKi91jQfTxC7wHsq5oVwFPPaLuub4J3U59QxbU2GuEJS4UH18qWh2fLUNAZhJaC11ZiR9rVxdBTS5,6D7fgzpPZXtDB6Zqg3xRwfbohzerbytB2U5pFchnVuzw,to E8b8MxajfPgZLsTUWy6fZhARvYzmUXcE4QVcmw7BbYRi,USDC,160.51,160.51
0,Exploiter Transfered 159.55USDC to EPJ9G1nc7EQ9LqV1YSXExVuvDLf7NSxDUHSM7sZLT7xd worth 159.54USD 0 minutes later,Transfered,2022-03-23 10:50:48.000,5SfgweaBDX77AUJNpFuycjWwEW5KNKH7zRJCBg4Fq8MPa25qooeEsyMAWgZNY6jYb6oHGa618K1kArDZtZET5cFK,6D7fgzpPZXtDB6Zqg3xRwfbohzerbytB2U5pFchnVuzw,to EPJ9G1nc7EQ9LqV1YSXExVuvDLf7NSxDUHSM7sZLT7xd,USDC,159.55,159.54
0,Exploiter Transfered 159.32USDC to Yi7zhh4DbnyNJAR2xxeoBcHgHrt3P6W8vyExi7CcQ7J worth 159.32USD 0 minutes later,Transfered,2022-03-23 10:50:58.000,2M7rWv9QNdyUoXxNY3gZPV6x3LChQaAn24VUqn6uiRpf1uRMJu2nGLZcjCf5oBzj4XCFcbAPWCxsJrZkA5RwoMhY,6D7fgzpPZXtDB6Zqg3xRwfbohzerbytB2U5pFchnVuzw,to Yi7zhh4DbnyNJAR2xxeoBcHgHrt3P6W8vyExi7CcQ7J,USDC,159.32,159.32
1,Exploiter Transfered 151USDC to 6FBhBoe1jpTNvWMiDtTx5RSnCn9ApCsZdZxwr7VogsZn worth 151USD 1 minutes later,Transfered,2022-03-23 10:51:07.000,3nV4M9AV9hguqKderEDavQpg7jPurANPwujTiJdK135gCqmLLDbLxWAmJ13NqM1s5yEPz1k9rBjSoVBSoxjEDPFT,6D7fgzpPZXtDB6Zqg3xRwfbohzerbytB2U5pFchnVuzw,to 6FBhBoe1jpTNvWMiDtTx5RSnCn9ApCsZdZxwr7VogsZn,USDC,151,151
0,Exploiter Transfered 149.59USDC to HnTk89sPSXiVvtCTWKVxnMnyPEDCLrkp6qf4iirpHBfG worth 149.59USD 0 minutes later,Transfered,2022-03-23 10:51:16.000,2Wzw1XxqGmxjJH2CqjCPC9yCbxtX9xydXJWe99viauEaEFKZNK13WU26P7iFYQhWo6f7tzdH66yWNcV75zJEAdSp,6D7fgzpPZXtDB6Zqg3xRwfbohzerbytB2U5pFchnVuzw,to HnTk89sPSXiVvtCTWKVxnMnyPEDCLrkp6qf4iirpHBfG,USDC,149.59,149.59
0,Exploiter Transfered 149.59USDC to DwvnqGo9jYrpXh5WCKPEuggCMjM4ft9bM63D4C22zsew worth 149.59USD 0 minutes later,Transfered,2022-03-23 10:51:34.000,55mSrxMSAi6Me9636HeULPomdLBSGmZ3jLkED9BJQK5uhcqtfabnEmMX3kEBACLm4vj4vkG48UNuRA5JRTepacns,6D7fgzpPZXtDB6Zqg3xRwfbohzerbytB2U5pFchnVuzw,to DwvnqGo9jYrpXh5WCKPEuggCMjM4ft9bM63D4C22zsew,USDC,149.59,149.59
0,Exploiter Transfered 149.07USDC to EEJFAGufv9LEmmEd7x8cesXYtwCDP29dQLywXfqAmZBz worth 149.07USD 0 minutes later,Transfered,2022-03-23 10:51:44.000,rgUDHHnjvHXc4ggtVoNyouqUSMcYJ7EdGztoamgVx1W9diHsUKDZNjDErahLWPMTpghDoEv7MXernr12cDYkjyA,6D7fgzpPZXtDB6Zqg3xRwfbohzerbytB2U5pFchnVuzw,to EEJFAGufv9LEmmEd7x8cesXYtwCDP29dQLywXfqAmZBz,USDC,149.07,149.07
0,Exploiter Transfered 149USDC to CmqE9UsNqZ4F6AaQHjUzWJ8tLC9XJ5uppAkGnosmVowL worth 149USD 0 minutes later,Transfered,2022-03-23 10:51:52.000,2Um5Lz9pKtgiwH4XXXbRX2kLuqF9YjvmEwV3JbyC1KWH3zbaPex5EnhCuzp3PKYkHSmYBC2iKEMSjjEW97ata59j,6D7fgzpPZXtDB6Zqg3xRwfbohzerbytB2U5pFchnVuzw,to CmqE9UsNqZ4F6AaQHjUzWJ8tLC9XJ5uppAkGnosmVowL,USDC,149,149
1,Exploiter Transfered 145.11USDC to 7LVkrK57TVBnsw5ymg67skZhPA8MkgwnLM22vxaPh6QT worth 145.1USD 1 minutes later,Transfered,2022-03-23 10:52:02.000,322Wt9rqZGkbsBoCrHuTa6NDTraoPBmktPD9i1gbaVcXKT23pKYmvtPcVTrWLdkg7qXN5nRGBzbzfiHhuTYNN7fW,6D7fgzpPZXtDB6Zqg3xRwfbohzerbytB2U5pFchnVuzw,to 7LVkrK57TVBnsw5ymg67skZhPA8MkgwnLM22vxaPh6QT,USDC,145.11,145.1
0,Exploiter Transfered 142.84USDC to FERXtWLMiCbWZUceXMtCF2qZNQKt5euzeJ6Jrc2jjmYW worth 142.84USD 0 minutes later,Transfered,2022-03-23 10:52:11.000,3CGdBT46yMAjrrypCqGpeEL5ddXeMshQJvd7quYDJrDhaaGv44SsnRkomNg3J7zt8HL6eTqwV3X25Ch9QLknRcZp,6D7fgzpPZXtDB6Zqg3xRwfbohzerbytB2U5pFchnVuzw,to FERXtWLMiCbWZUceXMtCF2qZNQKt5euzeJ6Jrc2jjmYW,USDC,142.84,142.84
0,Exploiter Transfered 142.45USDC to 2eBZuFCZFqjU3bbb4ZP2X9ZRYsrUFPH6UxzPnf2srGBc worth 142.45USD 0 minutes later,Transfered,2022-03-23 10:52:20.000,2XeovKMiKEzo2mJqGVSJESvsUxJb6tpb9Z4C5h4NAt9EuJpB2vTqZzFRVEgkghjvfZLZhrh7mLXueeU59qbFZDmy,6D7fgzpPZXtDB6Zqg3xRwfbohzerbytB2U5pFchnVuzw,to 2eBZuFCZFqjU3bbb4ZP2X9ZRYsrUFPH6UxzPnf2srGBc,USDC,142.45,142.45
0,Exploiter Transfered 135.43USDC to 9YbzEF1ri5iChba947VTtLj9QuBfSSDQuSKDm1Dja2Dg worth 135.43USD 0 minutes later,Transfered,2022-03-23 10:52:30.000,39aGYKnbhzmHk9v6b5XshoysmNbZ9wKDXdfWabXP89GBWsWWs8tyxamc2hREgpPYySwUBKsqN2J3dEmHeXm4NZei,6D7fgzpPZXtDB6Zqg3xRwfbohzerbytB2U5pFchnVuzw,to 9YbzEF1ri5iChba947VTtLj9QuBfSSDQuSKDm1Dja2Dg,USDC,135.43,135.43
0,Exploiter Transfered 131.88USDC to Aieh9Bhhrh8So2JT9hRMzrEgzBBu7Yu2HqsN6Rd224Zd worth 131.87USD 0 minutes later,Transfered,2022-03-23 10:52:39.000,4JiWMCy27fFeVM5SVWtmfB6LtwMeghHb2g3h7znGgpGcRgo8atckPphG5iohduL3RteUfN3zGZgEqoyfCdHYpvfx,6D7fgzpPZXtDB6Zqg3xRwfbohzerbytB2U5pFchnVuzw,to Aieh9Bhhrh8So2JT9hRMzrEgzBBu7Yu2HqsN6Rd224Zd,USDC,131.88,131.87
0,Exploiter Transfered 129.36USDC to C1ETWb41szGut1dJHFJYnQYQL5nwhy36hhDx1mg6z9kP worth 129.36USD 0 minutes later,Transfered,2022-03-23 10:52:48.000,4CUXN7gpZdyLwrtMt5tJ14AyGt9hVNPmvYt9Yah2rkzV9oMsEyKLvkP8NewcAZZYxb85TTChpNLv1honU6ME715R,6D7fgzpPZXtDB6Zqg3xRwfbohzerbytB2U5pFchnVuzw,to C1ETWb41szGut1dJHFJYnQYQL5nwhy36hhDx1mg6z9kP,USDC,129.36,129.36
0,Exploiter Transfered 128.02USDC to 4rTHRaRdPFYDenyYNgSX7pTmcGZVquPEyiqKSkGmxEWz worth 128.02USD 0 minutes later,Transfered,2022-03-23 10:52:58.000,QFScJyk2M4aF3AH4H1WK8Z2hfCysuSb4NfX3fefpzshkC6TNgpJaWwom6Pacu3C4RprfvsyC9Q87bdiNTMYdaUw,6D7fgzpPZXtDB6Zqg3xRwfbohzerbytB2U5pFchnVuzw,to 4rTHRaRdPFYDenyYNgSX7pTmcGZVquPEyiqKSkGmxEWz,USDC,128.02,128.02
1,Exploiter Transfered 126.08USDC to 9Fns6GPjhicbiKrGbTnWWGnoVvaXTJZRVLV1tn3xguPe worth 126.07USD 1 minutes later,Transfered,2022-03-23 10:53:08.000,62S9kCLsmzzYaowSvAiyhQJ1cCwzghWe3kGoTZ7etTaAZiMbQccLZMBDfF9Q7CgTQ6BoBFpBdm4HtUPxxtxSD89i,6D7fgzpPZXtDB6Zqg3xRwfbohzerbytB2U5pFchnVuzw,to 9Fns6GPjhicbiKrGbTnWWGnoVvaXTJZRVLV1tn3xguPe,USDC,126.08,126.07
0,Exploiter Transfered 124.24USDC to FJMidzVoXkiG3DpV16Q6jRpy4si2VLvcPaShyk1NpwfJ worth 124.24USD 0 minutes later,Transfered,2022-03-23 10:53:18.000,2hcQ7F2o2LiHoZncFn5BBcf7CEka88CyJHQvPx7N5P23ksvf1auki6jfmjWVZMQAGcsMdkvni7XyzsYCxB5UJKah,6D7fgzpPZXtDB6Zqg3xRwfbohzerbytB2U5pFchnVuzw,to FJMidzVoXkiG3DpV16Q6jRpy4si2VLvcPaShyk1NpwfJ,USDC,124.24,124.24
0,Exploiter Transfered 124.1USDC to 2oHF3v7x4mvHtnj9Z64DRKeRGspWKW12ZWxakqwQKVEv worth 124.1USD 0 minutes later,Transfered,2022-03-23 10:53:28.000,4zSsPMEewreH8CgCLk26q7PNDMzFvZv24YfJDAc3zEmPU9BSrsQxX14LsM3MrrVMFYbJ3uEBwTEgoSpCCkiFaJSF,6D7fgzpPZXtDB6Zqg3xRwfbohzerbytB2U5pFchnVuzw,to 2oHF3v7x4mvHtnj9Z64DRKeRGspWKW12ZWxakqwQKVEv,USDC,124.1,124.1
0,Exploiter Transfered 122.83USDC to 8xtpT5WerEmmBCL2zb3qNdyjD7pyXheKV4UazqJLnCcJ worth 122.83USD 0 minutes later,Transfered,2022-03-23 10:53:38.000,yCwW9tc8q9Loa1Ro9drEqMUvXWjvuA7yJTEzJfaaZpNhyxoJJ3cMRQ7TckunzT47ckSMLBqxTySay21MBsvDfDB,6D7fgzpPZXtDB6Zqg3xRwfbohzerbytB2U5pFchnVuzw,to 8xtpT5WerEmmBCL2zb3qNdyjD7pyXheKV4UazqJLnCcJ,USDC,122.83,122.83
0,Exploiter Transfered 121.62USDC to 6pxY77TMuBngXF3QhT6L3sA3yqNrpDrygGQ8DMMMkeEq worth 121.61USD 0 minutes later,Transfered,2022-03-23 10:53:46.000,3njTHhpsZv15hmmXw99YDy5tL7Aewh3bEDtYx3wfsnMkvfoF3JuF2zKQHcth1qv4nXwQj8haSKaToqMyDitwhf9Z,6D7fgzpPZXtDB6Zqg3xRwfbohzerbytB2U5pFchnVuzw,to 6pxY77TMuBngXF3QhT6L3sA3yqNrpDrygGQ8DMMMkeEq,USDC,121.62,121.61
0,Exploiter Transfered 119.8USDC to 87wZ5vxqtT6KBQYAfjZLpt6h2dhvGjrb4X2DrZ3Z34vi worth 119.8USD 0 minutes later,Transfered,2022-03-23 10:53:56.000,5bLQ759RNvAQHrS1WVXcFwWHHQ2DPQ2TvoKutbtNbsdzYvMkT832XJsndsGr2KgbDgPwzLNmtUt7qFXjVXhW15KH,6D7fgzpPZXtDB6Zqg3xRwfbohzerbytB2U5pFchnVuzw,to 87wZ5vxqtT6KBQYAfjZLpt6h2dhvGjrb4X2DrZ3Z34vi,USDC,119.8,119.8
1,Exploiter Transfered 119.52USDC to EWZbrWin5SZAJ5eycbTTAN9QBDRzuaMhgBVKWeLJsdMc worth 119.51USD 1 minutes later,Transfered,2022-03-23 10:54:03.000,53gAhWEb7UqE8ayxF3F6boKnoLe5FwCM83cL9GxQbYdBVQx5uQf9ewruwXkdvx2s3NVKauUHoTxgyyCcNju68XNb,6D7fgzpPZXtDB6Zqg3xRwfbohzerbytB2U5pFchnVuzw,to EWZbrWin5SZAJ5eycbTTAN9QBDRzuaMhgBVKWeLJsdMc,USDC,119.52,119.51
0,Exploiter Transfered 119.03USDC to EKRfSv7teKhXho8G42ShBtmL3uWMPgHvhhUWd7hvPb2n worth 119.03USD 0 minutes later,Transfered,2022-03-23 10:54:12.000,2exWnELd9m67zVfPomXbQ3kvCEgvrLdvx5NGi8wkgtHWbP6Jooskp26VJyKdjcAxCy4NzGeoaKBHLG9c28PpqHwY,6D7fgzpPZXtDB6Zqg3xRwfbohzerbytB2U5pFchnVuzw,to EKRfSv7teKhXho8G42ShBtmL3uWMPgHvhhUWd7hvPb2n,USDC,119.03,119.03
0,Exploiter Transfered 119.02USDC to GC3dVpSckhMX7u5EzUJt9XsRYLsQf37hQEjqNBnaEg6J worth 119.01USD 0 minutes later,Transfered,2022-03-23 10:54:20.000,5N6V5BYjx9Za6wJDk6Gujcymmam1h4sHccFnz5kgoddkvao5oCPf3PEPF8xzGeHc6tHn7fUwVEtTy3arPjgyxV1c,6D7fgzpPZXtDB6Zqg3xRwfbohzerbytB2U5pFchnVuzw,to GC3dVpSckhMX7u5EzUJt9XsRYLsQf37hQEjqNBnaEg6J,USDC,119.02,119.01
0,Exploiter Transfered 118.46USDC to Da966ggfc8zBM9RvydmtmaAPDz7sgJyJ819HMxxwfDhf worth 118.45USD 0 minutes later,Transfered,2022-03-23 10:54:29.000,5wt45VXd8Hzp6oQwKXLeJuxK7CJAsUxEKVqh1QiYK26N5UkXatwFn9poaEPWmk1BBMM82qYjfSwUdJSxoRfXARtF,6D7fgzpPZXtDB6Zqg3xRwfbohzerbytB2U5pFchnVuzw,to Da966ggfc8zBM9RvydmtmaAPDz7sgJyJ819HMxxwfDhf,USDC,118.46,118.45
0,Exploiter Transfered 117.75USDC to FwHFyB8VD4o7Q8sQxMJ9WhUySRZCsy15WdeR7ASyZaAd worth 117.75USD 0 minutes later,Transfered,2022-03-23 10:54:37.000,zkm8m8SeAW3dgqNuHTfMbwJeRajRmKramKnc8vBEEzhE9geDrQ5aozVC5bdw32V4tjgKuLBtE7nWQqtQQ6VM37Y,6D7fgzpPZXtDB6Zqg3xRwfbohzerbytB2U5pFchnVuzw,to FwHFyB8VD4o7Q8sQxMJ9WhUySRZCsy15WdeR7ASyZaAd,USDC,117.75,117.75
12,Exploiter Transfered 117.75USDC to FwHFyB8VD4o7Q8sQxMJ9WhUySRZCsy15WdeR7ASyZaAd worth 117.75USD 12 minutes later,Transfered,2022-03-23 11:06:19.000,4EyM4sNdG97uyjyAhaivn3MaSUAXrhE7e4yfmH6yyAab3PnmmUcUp2g45Jdk7c2SSpHaTnnGgF1mwoZG6qpLdj7U,6D7fgzpPZXtDB6Zqg3xRwfbohzerbytB2U5pFchnVuzw,to FwHFyB8VD4o7Q8sQxMJ9WhUySRZCsy15WdeR7ASyZaAd,USDC,117.75,117.75
0,Exploiter Transfered 117.46USDC to 2W3jCKGKcovFrzavWtqtmBfqyVmG7onGNCVGgWYBPjJu worth 117.46USD 0 minutes later,Transfered,2022-03-23 11:06:25.000,2p1qWnhR5ouoVL1yG87JrgctKgrpgVcSeoqZbh6rScWw3d4QxNmNYtWMw2Ekkgs2noqKjs7SFATzJ5HPaiQkAvL7,6D7fgzpPZXtDB6Zqg3xRwfbohzerbytB2U5pFchnVuzw,to 2W3jCKGKcovFrzavWtqtmBfqyVmG7onGNCVGgWYBPjJu,USDC,117.46,117.46
0,Exploiter Transfered 117.46USDC to 8VAnF6oJ7xuLYEYdXPVR6PxKZy7d9Mq388JziCPKgCN6 worth 117.45USD 0 minutes later,Transfered,2022-03-23 11:06:32.000,232P3PsxcBwwt6mmq3DR3N8xFU6CmRQ8mhZZaiuSnVvakxdKxHVvxkQBAW2C82U8GSbVRgunsUPZA3fXBnGWR1kL,6D7fgzpPZXtDB6Zqg3xRwfbohzerbytB2U5pFchnVuzw,to 8VAnF6oJ7xuLYEYdXPVR6PxKZy7d9Mq388JziCPKgCN6,USDC,117.46,117.45
0,Exploiter Transfered 117.34USDC to 9td85FrF1dTbrkQrJM7dvYCd6SJwSpGQNTt3V4T6YSui worth 117.33USD 0 minutes later,Transfered,2022-03-23 11:06:42.000,WGHq9nv5BuBpn3jtXDsz41ZMztKnBYeXNQXsjhTU7WZeTnZBcS61FkQZcxmJzC15aZNFsU4vBMqfo23depeVoQH,6D7fgzpPZXtDB6Zqg3xRwfbohzerbytB2U5pFchnVuzw,to 9td85FrF1dTbrkQrJM7dvYCd6SJwSpGQNTt3V4T6YSui,USDC,117.34,117.33
0,Exploiter Transfered 117.32USDC to ACxrwhdPSKAZpXCtmLABXBjHMhsDieahGRhGyrbc2um8 worth 117.32USD 0 minutes later,Transfered,2022-03-23 11:06:49.000,4guKB3zRHJan8tFXxfnYiig3d8ZTxCkNMt2U8y63kKnG88eJuLanWdqCEcB7NVZmekgiT4Jb8pgGedXW9gXUyjUF,6D7fgzpPZXtDB6Zqg3xRwfbohzerbytB2U5pFchnVuzw,to ACxrwhdPSKAZpXCtmLABXBjHMhsDieahGRhGyrbc2um8,USDC,117.32,117.32
0,Exploiter Transfered 117.31USDC to A6RMfKu83K4Z3VCSXqA3aH1662T6sjECgXkuYQQ2Thu4 worth 117.31USD 0 minutes later,Transfered,2022-03-23 11:06:56.000,3Ss3pUkL2JLzbNuoxEV1zpH2LzbWvC8PhdasuNtYbtVYdbZCHkMqb8XwxuGRMwCsjmLpPf8b2b4AMWceeyaZ7WT1,6D7fgzpPZXtDB6Zqg3xRwfbohzerbytB2U5pFchnVuzw,to A6RMfKu83K4Z3VCSXqA3aH1662T6sjECgXkuYQQ2Thu4,USDC,117.31,117.31
1,Exploiter Transfered 117.31USDC to DX4rDCGiK4o783fHCmuqSmPLgGrgyKf13NCR9RviYTdf worth 117.3USD 1 minutes later,Transfered,2022-03-23 11:07:17.000,5PDuYEYbCCLAS3hay4yNRu6TGgqRSBKvKNv3WiJqzFsQQmm8LcT52P6RvoGB6McrWpEqm3TUivsdKyJvSy9e6RPF,6D7fgzpPZXtDB6Zqg3xRwfbohzerbytB2U5pFchnVuzw,to DX4rDCGiK4o783fHCmuqSmPLgGrgyKf13NCR9RviYTdf,USDC,117.31,117.3
0,Exploiter Transfered 117.26USDC to 6UykGakqHz9PEEggbui9FJPzKEs5VMMWF7BodfvZwSbP worth 117.26USD 0 minutes later,Transfered,2022-03-23 11:07:24.000,54piwgwyUfaGjL62BufTgdZit7H5By2nnve3D1jN5R8Y5nDYjT7L3ymUGN1QKxPG1xHrcoB3roHQHEfSknR22oxe,6D7fgzpPZXtDB6Zqg3xRwfbohzerbytB2U5pFchnVuzw,to 6UykGakqHz9PEEggbui9FJPzKEs5VMMWF7BodfvZwSbP,USDC,117.26,117.26
0,Exploiter Transfered 117.24USDC to 5QZMP6p9QeSmNsCvi5XjPtFoKADrFkWtCvwXY2Fgd98r worth 117.24USD 0 minutes later,Transfered,2022-03-23 11:07:30.000,4oqWgkMcDzej1b6bozhtKbzZ4vrS66uJv6DXCtrAuaRWR7mAEPH7LEEgaiDwrQSrC9tuwkm71XZYHyd6MqxegbsV,6D7fgzpPZXtDB6Zqg3xRwfbohzerbytB2U5pFchnVuzw,to 5QZMP6p9QeSmNsCvi5XjPtFoKADrFkWtCvwXY2Fgd98r,USDC,117.24,117.24
0,Exploiter Transfered 115.76USDC to 2Fbu9vcGg8FX5Ge5zHyGiWhV4hCQBHjmdrCt1D3GPcm2 worth 115.76USD 0 minutes later,Transfered,2022-03-23 11:07:40.000,36uBhHRVVUDBE9HDSK5B4zhJpY8rqLzjCxMu9Lpws1YfS2x5aQKMxoKQsQ8jK9dW87YWcqHQzrqoVtLrufiaWyBe,6D7fgzpPZXtDB6Zqg3xRwfbohzerbytB2U5pFchnVuzw,to 2Fbu9vcGg8FX5Ge5zHyGiWhV4hCQBHjmdrCt1D3GPcm2,USDC,115.76,115.76
0,Exploiter Transfered 114.56USDC to EnKThT4NPrhRUiNmRsK7rTARsrZKF9sf9ay9R9ZedFuQ worth 114.56USD 0 minutes later,Transfered,2022-03-23 11:07:48.000,3M7nGp3sJD7tCeXLGT1vQXJGEeGKFVaEGond1eUz8H79GxSACrJLRGeLFekJdnT3nNrut7mdJSQQNuRMQLgxfQyR,6D7fgzpPZXtDB6Zqg3xRwfbohzerbytB2U5pFchnVuzw,to EnKThT4NPrhRUiNmRsK7rTARsrZKF9sf9ay9R9ZedFuQ,USDC,114.56,114.56
0,Exploiter Transfered 113.85USDC to DDWtu2nXfucrLjFswu5rnA2EkeeXybct5mtV6XhgL4yG worth 113.85USD 0 minutes later,Transfered,2022-03-23 11:07:57.000,23GB22vZYTbLZ2bsKQZe9eJFhdpUCVWedpu9mKiKsRwoq6nLGPs2NeC9p9HBYYRGA7ZwFYoDKUnd85ncfrcYBcVY,6D7fgzpPZXtDB6Zqg3xRwfbohzerbytB2U5pFchnVuzw,to DDWtu2nXfucrLjFswu5rnA2EkeeXybct5mtV6XhgL4yG,USDC,113.85,113.85
1,Exploiter Transfered 113.21USDC to 8o56bum8qpdsyDq8DMZtHTooAmzt3LnghbBbZvJtzJki worth 113.21USD 1 minutes later,Transfered,2022-03-23 11:08:03.000,2xKmvnEQ2n7TqHvnCVMyguXLSednz4PReCqW638bYz5uQdpif2JjLgHEbxZcxTeqmSkqvsNrMFU5Pxzf1kDHJntx,6D7fgzpPZXtDB6Zqg3xRwfbohzerbytB2U5pFchnVuzw,to 8o56bum8qpdsyDq8DMZtHTooAmzt3LnghbBbZvJtzJki,USDC,113.21,113.21
0,Exploiter Transfered 110.49USDC to HBGFb8g4DB7hPcVanRRXUWcvdYPueg6JEsow6qYXY5Fe worth 110.49USD 0 minutes later,Transfered,2022-03-23 11:08:20.000,4JLRsFED6Lb3NL8CPQp24YbQZTEJ4YMH3RRmcZM6tNCusDsNbQEA7Rwnz5P9koQ5VM8V8NnMmndgdjsZiFtMiG75,6D7fgzpPZXtDB6Zqg3xRwfbohzerbytB2U5pFchnVuzw,to HBGFb8g4DB7hPcVanRRXUWcvdYPueg6JEsow6qYXY5Fe,USDC,110.49,110.49
0,Exploiter Transfered 110.13USDC to 2YidQYHWFuEEuJEDPc7U3aapqUKVQh2Uqv5yyE82iMhy worth 110.13USD 0 minutes later,Transfered,2022-03-23 11:08:28.000,319fbM4Zhdj3XLRaHumvhbMdveWuUYGMfkkUYaEyMLhM9UrK9ZX6fjd45Qks6dFUZXUHwYifXRhgq8cgGAA58GAg,6D7fgzpPZXtDB6Zqg3xRwfbohzerbytB2U5pFchnVuzw,to 2YidQYHWFuEEuJEDPc7U3aapqUKVQh2Uqv5yyE82iMhy,USDC,110.13,110.13
0,Exploiter Transfered 109.36USDC to 7Yh48Z59b1aKge8naTwnkSYtR8SH67QeNo3an6XCeSAR worth 109.35USD 0 minutes later,Transfered,2022-03-23 11:08:36.000,5wPvSzUfguSg6fSno2aMf85tRMtM3BJ8b7cHVSg8HSYDC1e4FZ7Yanj73dC4wV8WisvV1JmZVM2ehXZeHoUHsMmH,6D7fgzpPZXtDB6Zqg3xRwfbohzerbytB2U5pFchnVuzw,to 7Yh48Z59b1aKge8naTwnkSYtR8SH67QeNo3an6XCeSAR,USDC,109.36,109.35
0,Exploiter Transfered 108.69USDC to 5ykfsueV4PwEjccLgoHFoTmxuAXtSW4dgEZWdEaMFyS2 worth 108.69USD 0 minutes later,Transfered,2022-03-23 11:08:45.000,n35L2bFFugnMFsJK3ujycqhcLz1qcxn3fGSRMS2FxAECywyCusbHsS5pCbr3YtPQob8ERMpjiZ93wNRkVhR7zvD,6D7fgzpPZXtDB6Zqg3xRwfbohzerbytB2U5pFchnVuzw,to 5ykfsueV4PwEjccLgoHFoTmxuAXtSW4dgEZWdEaMFyS2,USDC,108.69,108.69
0,Exploiter Transfered 105.1USDC to 84ZJTbdSRzbraei8Z6MbzkqhavLMrgbzn6EvPTAG4S9D worth 105.09USD 0 minutes later,Transfered,2022-03-23 11:08:54.000,3BN8d9dkKbsfVJTBs691yoEBtTekq5u9SCZhr9fr3geTvTPpz8y5YdYSsH3b49WtWaiDL1Ertpo8XwmdBiVJeQW,6D7fgzpPZXtDB6Zqg3xRwfbohzerbytB2U5pFchnVuzw,to 84ZJTbdSRzbraei8Z6MbzkqhavLMrgbzn6EvPTAG4S9D,USDC,105.1,105.09
1,Exploiter Transfered 104.85USDC to HgSxG6XZNofVMPv4rzNxQMD6FggvNA7pEkh3Ltz1mcvm worth 104.85USD 1 minutes later,Transfered,2022-03-23 11:09:01.000,WnEDUrV3wB98aC2auDqa9RkWX6HXRMRgVXr1kkJGLmtpuMsW5RqiZ2KxPoeHfFEFBp6LKCCetZzUy4CPFqc86sy,6D7fgzpPZXtDB6Zqg3xRwfbohzerbytB2U5pFchnVuzw,to HgSxG6XZNofVMPv4rzNxQMD6FggvNA7pEkh3Ltz1mcvm,USDC,104.85,104.85
0,Exploiter Transfered 104.85USDC to DBenSEG5ivGMXpQTJvBbRtoXSux87Bsm3rMG3UzAKkZp worth 104.85USD 0 minutes later,Transfered,2022-03-23 11:09:08.000,5YKuM2rNQC3sq1n8FqVCvth3cCSbJnvfcq5E2cwuKGX2ft982zSvt36pj4Jk76ecHCvqrgBpyacgZ8LijEXVEDM4,6D7fgzpPZXtDB6Zqg3xRwfbohzerbytB2U5pFchnVuzw,to DBenSEG5ivGMXpQTJvBbRtoXSux87Bsm3rMG3UzAKkZp,USDC,104.85,104.85
0,Exploiter Transfered 104.5USDC to Hu2TVs1TjzhiN1biUiyt5CdGqjcdt6aTDqyEN7XRRkQv worth 104.49USD 0 minutes later,Transfered,2022-03-23 11:09:19.000,5z5SzggB6N4iQMXCZGNXoYCa8YHjxLYtfo5FnuioguKKUW7JH5Mhbhitp6CNv3aAj7okPuretYBfCcNJPs1rHVXw,6D7fgzpPZXtDB6Zqg3xRwfbohzerbytB2U5pFchnVuzw,to Hu2TVs1TjzhiN1biUiyt5CdGqjcdt6aTDqyEN7XRRkQv,USDC,104.5,104.49
0,Exploiter Transfered 103.9USDC to 6q2wXwrWFDMEitd445vTVHS5kDXehqidvK7gQhTjLRVX worth 103.9USD 0 minutes later,Transfered,2022-03-23 11:09:26.000,JpTHEFHXcWvHC6MVACvZFPNzuW6DZ8vyKRLxgu6hw645K6XvQERUjHpKxdTLvHfTDeqyFHdaKNGCqgMYq3rCgcJ,6D7fgzpPZXtDB6Zqg3xRwfbohzerbytB2U5pFchnVuzw,to 6q2wXwrWFDMEitd445vTVHS5kDXehqidvK7gQhTjLRVX,USDC,103.9,103.9
0,Exploiter Transfered 103.57USDC to CduN94YPE2LjfG2BZGHVpYdyrrCZU3zPpYKg8my1ZSY6 worth 103.57USD 0 minutes later,Transfered,2022-03-23 11:09:37.000,3pN8eJ6xZ1ZBW1TxEX9viQBLg96KCxZ6qLZFYPfh3iD2whDQ1phGs8xF8aa7MvsiJJD8f4TioiNZ9nn9C6Bg4Qka,6D7fgzpPZXtDB6Zqg3xRwfbohzerbytB2U5pFchnVuzw,to CduN94YPE2LjfG2BZGHVpYdyrrCZU3zPpYKg8my1ZSY6,USDC,103.57,103.57
0,Exploiter Transfered 102.85USDC to HjELJyTkweLF3XbmzHonwcm7dimgwysRDGvM4wVC2DEE worth 102.85USD 0 minutes later,Transfered,2022-03-23 11:09:45.000,3awCT99vVRizz3WRi4wCnSr6ecEEVCjzeMQooZVByfGkV23f6zfhCPF2oTXsEkUjScFfYZPq97sQWYPtaTHvzS2J,6D7fgzpPZXtDB6Zqg3xRwfbohzerbytB2U5pFchnVuzw,to HjELJyTkweLF3XbmzHonwcm7dimgwysRDGvM4wVC2DEE,USDC,102.85,102.85
0,Exploiter Transfered 102.77USDC to 5BJ7Y9Zn6xPf6NDPx6fVPS5GBuHhkH7hVAu2KgFN4qZJ worth 102.76USD 0 minutes later,Transfered,2022-03-23 11:09:52.000,4DyDjwQiqaPU5Wf2uoFzHcs8Yd5432QMjLxSffSaiL1vYMZaiJRtKBVAZBLBLg7SohykAcNXQtWgCk3F8DUg7isj,6D7fgzpPZXtDB6Zqg3xRwfbohzerbytB2U5pFchnVuzw,to 5BJ7Y9Zn6xPf6NDPx6fVPS5GBuHhkH7hVAu2KgFN4qZJ,USDC,102.77,102.76
0,Exploiter Transfered 102.52USDC to 5ASGHua7sk133naHC1uvQTxHLMrBMJAHxTBL2rif6xVp worth 102.52USD 0 minutes later,Transfered,2022-03-23 11:09:59.000,WVPyMHQVANVJedHzWYUbXRPf9NMPAZR98UpM6fWF75skoYR56pNEcdBdr1UBMWinxFurG9CXM1pSWbhZu7LcCzf,6D7fgzpPZXtDB6Zqg3xRwfbohzerbytB2U5pFchnVuzw,to 5ASGHua7sk133naHC1uvQTxHLMrBMJAHxTBL2rif6xVp,USDC,102.52,102.52
6,Exploiter Transfered 102.04USDC to H4S28sDVBYcxsJANMab5H7h8Curz8QuHSYVoF58TYYaT worth 102.03USD 6 minutes later,Transfered,2022-03-23 11:15:40.000,EBU6Nib4reDHkrcWxBsvSiHJYseogNPjxJcK4oTZxHy1aCNLHkipzigpH2FY8gNTtroU5Wv1PYvfFBZ9cr8kpuQ,6D7fgzpPZXtDB6Zqg3xRwfbohzerbytB2U5pFchnVuzw,to H4S28sDVBYcxsJANMab5H7h8Curz8QuHSYVoF58TYYaT,USDC,102.04,102.03
0,Exploiter Transfered 101.86USDC to Hb4SzWjTcpDRhUgFAugQe7izs5bjexnoKD54QZbM8UxN worth 101.86USD 0 minutes later,Transfered,2022-03-23 11:15:50.000,FbaSANgEznc7ccdLyg2cgY1G11CTsooSsoaGvYCRi7mEDeDbvGMH72YA4hWw8oy8YbPTD1FJJqPrpfuAQno4jZb,6D7fgzpPZXtDB6Zqg3xRwfbohzerbytB2U5pFchnVuzw,to Hb4SzWjTcpDRhUgFAugQe7izs5bjexnoKD54QZbM8UxN,USDC,101.86,101.86
1,Exploiter Transfered 101.85USDC to AQVvZ8bmGVoYMnbu3bbhwGnh9Zrv1D4cWeyMZh7JNNTj worth 101.85USD 1 minutes later,Transfered,2022-03-23 11:16:00.000,3xtMzcX8HbMWoJQLDTffaGRViACWVPQ6vZSnwB2BgxgJQowqWtDxQ41H1YTL8tCprxFHHNzwxntFVFoz1ogTFqxa,6D7fgzpPZXtDB6Zqg3xRwfbohzerbytB2U5pFchnVuzw,to AQVvZ8bmGVoYMnbu3bbhwGnh9Zrv1D4cWeyMZh7JNNTj,USDC,101.85,101.85
0,Exploiter Transfered 101.85USDC to CR7Es7tSxLPRFSM24XHhsnjrP2VFd22GoPdFDActHtsY worth 101.85USD 0 minutes later,Transfered,2022-03-23 11:16:21.000,5YCxz7V5SvADijwyVWj6sWMy1pNsgF71VVfT9sFnncBwm9dM6e4y9Modb7tHumhcULGwEPm6jqCTYhfTFNAieSrj,6D7fgzpPZXtDB6Zqg3xRwfbohzerbytB2U5pFchnVuzw,to CR7Es7tSxLPRFSM24XHhsnjrP2VFd22GoPdFDActHtsY,USDC,101.85,101.85
0,Exploiter Transfered 101.65USDC to 8BeYRcL8YKTA5jxbazB5v3imJNUgB6Yvij5sbGhAUA5q worth 101.65USD 0 minutes later,Transfered,2022-03-23 11:16:31.000,2Gfv2wAaECtUyQ222sj7HDgMVHG49BF8u8h31knUDXtJ3LMuNDKC4fyxoqGauKnoJCx6cFj5ED9NLZRjcSbFKaHG,6D7fgzpPZXtDB6Zqg3xRwfbohzerbytB2U5pFchnVuzw,to 8BeYRcL8YKTA5jxbazB5v3imJNUgB6Yvij5sbGhAUA5q,USDC,101.65,101.65
0,Exploiter Transfered 101.33USDC to 36dWtZrNAdPZ8fvcbZwe7GErrfJLsWs1jCbqf5d7ibC9 worth 101.32USD 0 minutes later,Transfered,2022-03-23 11:16:41.000,2UQ8PdnZQadQ5yds7RH4WTUNz8bagMXSWYRNNaD9LoL7jkRCfk8LR9JK6cdDYAg2NJG7bByavy4duZdTuHJW4fNA,6D7fgzpPZXtDB6Zqg3xRwfbohzerbytB2U5pFchnVuzw,to 36dWtZrNAdPZ8fvcbZwe7GErrfJLsWs1jCbqf5d7ibC9,USDC,101.33,101.32
0,Exploiter Transfered 101.28USDC to 6Mx91uuM5rfY3k7vp9UaV7wrFagY2Q3e3xoDSHcvRxri worth 101.28USD 0 minutes later,Transfered,2022-03-23 11:16:51.000,2gSYvE3WJphrGhFB5Vn1xZbz5J9pZ2zn6HH98tegKmRco11FU86Udj7AgMSRhUYNWTpNV9fX22S5oFxuUdsnBd4h,6D7fgzpPZXtDB6Zqg3xRwfbohzerbytB2U5pFchnVuzw,to 6Mx91uuM5rfY3k7vp9UaV7wrFagY2Q3e3xoDSHcvRxri,USDC,101.28,101.28
0,Exploiter Transfered 101USDC to 8iLEaVP33eJpqDVTAMvWzgCWzenjHzH2bsfUkks7bRXc worth 101USD 0 minutes later,Transfered,2022-03-23 11:16:59.000,3CGfUunPwvdaLpg8NbVUboB5bCrskgDq5k5e28WVGvdWSzQ7JPv1fmUXT5RMXR4CbJkhVCJRgc8RN4Jb4DoZF4hN,6D7fgzpPZXtDB6Zqg3xRwfbohzerbytB2U5pFchnVuzw,to 8iLEaVP33eJpqDVTAMvWzgCWzenjHzH2bsfUkks7bRXc,USDC,101,101
1,Exploiter Transfered 100.88USDC to F5MkGdJ3Naqa2NzJoCuHVimXyNrBW8HBmSqzuQsQyMTo worth 100.88USD 1 minutes later,Transfered,2022-03-23 11:17:09.000,PBY5aifDFg5NpCcsZCwvnhcuG26iXuGAMMcz5wDtrvufiRNTSGcjXrX57QDC9EQkyoKXnwgAwJM7tVN2cN9QsLx,6D7fgzpPZXtDB6Zqg3xRwfbohzerbytB2U5pFchnVuzw,to F5MkGdJ3Naqa2NzJoCuHVimXyNrBW8HBmSqzuQsQyMTo,USDC,100.88,100.88
1,Exploiter Transfered 100.88USDC to 9kpvNKADpder5PpTaaKa69NVFE5LtnNpJxQwUwxDWpEB worth 100.88USD 1 minutes later,Transfered,2022-03-23 11:18:14.000,4YbG7pUqb8CKFP86dawmk14KSSYK7THF4QexjWLdkQLstFix8HLU3EiB6UVvCZMmy77EUYtLtRC4pv1Uk9VRYMbt,6D7fgzpPZXtDB6Zqg3xRwfbohzerbytB2U5pFchnVuzw,to 9kpvNKADpder5PpTaaKa69NVFE5LtnNpJxQwUwxDWpEB,USDC,100.88,100.88
0,Exploiter Transfered 100.34USDC to Ez6rzL9YuSTtni2TvnZiwDRDLbu4geqBJWca2Dtc8zon worth 100.34USD 0 minutes later,Transfered,2022-03-23 11:18:21.000,26hdqK4j3HSqgPtLL4x4dCxXY4TJPQa7ZcPvzNpkHnjBy9TEnPV51D6Ck1VF9dxwUeqR6mHonojJdCXoedbCSk8H,6D7fgzpPZXtDB6Zqg3xRwfbohzerbytB2U5pFchnVuzw,to Ez6rzL9YuSTtni2TvnZiwDRDLbu4geqBJWca2Dtc8zon,USDC,100.34,100.34
0,Exploiter Transfered 100.06USDC to BwcgumouueuN1tYkSiAuGCpG1fs7Pyg1qSMaYvE3WdLM worth 100.06USD 0 minutes later,Transfered,2022-03-23 11:18:31.000,5hwB1wxA466LuVfWpcAqePEDork6QboNRqbLPvYgmvWVZPAgfL8HgkpP4jKaKKdVR5xepXkSm131WxAdxzZ1FEnF,6D7fgzpPZXtDB6Zqg3xRwfbohzerbytB2U5pFchnVuzw,to BwcgumouueuN1tYkSiAuGCpG1fs7Pyg1qSMaYvE3WdLM,USDC,100.06,100.06
0,Exploiter Transfered 100.04USDC to EuJir1GXDZXJq9DxNRVkpTDHMWBvGamZLYEm2mST6YtP worth 100.04USD 0 minutes later,Transfered,2022-03-23 11:18:38.000,2z4dZ1wwTKCmgwXD7cUoTDxu4ZpsiLxy3zvKPuBDaTC6QcLjAUWGCNrVgdr9pNLLmfXyjqQzf7nUdKTpeLHDETiG,6D7fgzpPZXtDB6Zqg3xRwfbohzerbytB2U5pFchnVuzw,to EuJir1GXDZXJq9DxNRVkpTDHMWBvGamZLYEm2mST6YtP,USDC,100.04,100.04
0,Exploiter Transfered 100USDC to BedhjN4WJJQDygpvigCtVM1Ae86MpPc3udMvctS4jUxX worth 100USD 0 minutes later,Transfered,2022-03-23 11:18:46.000,4Fptbtro9vFBLocRJ4rMfFUGm1jjUXUC1gUczm3MCtdDEgC8mgWn6X3iSKBjCTTzdcxv8W936jegZcdoyG4gctQa,6D7fgzpPZXtDB6Zqg3xRwfbohzerbytB2U5pFchnVuzw,to BedhjN4WJJQDygpvigCtVM1Ae86MpPc3udMvctS4jUxX,USDC,100,100
1,Exploiter Transfered 95051.58USDC to 6izMtMPq5u3MDPY8Kynp7s3TT9PLfj97iDHx2HuhtfDZ worth 95048.93USD 1 minutes later,Transfered,2022-03-23 11:19:25.000,qYXceATHdmV7vN7yqBJV5dMN3dr3KmHbLZCAQvBQuFjC3m3AiLnQWvzU8WJRYh34WeHc77DkvZbZwpcGWbxNnv1,6D7fgzpPZXtDB6Zqg3xRwfbohzerbytB2U5pFchnVuzw,to 6izMtMPq5u3MDPY8Kynp7s3TT9PLfj97iDHx2HuhtfDZ,USDC,95051.58,95048.93
0,Exploiter Transfered 61172.88USDC to G7kvA4sjaUnoC6iZ7tGwyQaJpw4AW7eL53vLvqZTyfAa worth 61171.17USD 0 minutes later,Transfered,2022-03-23 11:19:32.000,2rSpPh2YnFexgEZTh8zH8Fb7WjPXFJvnozR5VHBL9JvJ6hxnqL63NM2rd8xGzuB8LEsLfrLgdR9ps7Wvhuzd94sZ,6D7fgzpPZXtDB6Zqg3xRwfbohzerbytB2U5pFchnVuzw,to G7kvA4sjaUnoC6iZ7tGwyQaJpw4AW7eL53vLvqZTyfAa,USDC,61172.88,61171.17
0,Exploiter Transfered 55233.66USDC to 3epLvifn9KLia3wWZVCpReNLPGEJc5kUr6tF8iSaaQj8 worth 55232.12USD 0 minutes later,Transfered,2022-03-23 11:19:45.000,8DnPjFAFiRjW2wRChdW71uSPg4ckQh22p1Nrfx1cqTttbPTwcCmyCjQcj2LkgBEY3n4suZ171p6x6JiSuQLFcJ7,6D7fgzpPZXtDB6Zqg3xRwfbohzerbytB2U5pFchnVuzw,to 3epLvifn9KLia3wWZVCpReNLPGEJc5kUr6tF8iSaaQj8,USDC,55233.66,55232.12
0,Exploiter Transfered 54462.13USDC to 9PndjsiMGV7cbrYeDjmZyBmzHY6b8SeFjCLHEWZfn4C9 worth 54460.61USD 0 minutes later,Transfered,2022-03-23 11:19:52.000,2Vthz97nYkQ52H5rws29UCPaszKTCer2kYBjztJQ51FhVMHE7yqKt7b8tRq1SyjUU7Vun3x5KboFLfci9Jmmb7iG,6D7fgzpPZXtDB6Zqg3xRwfbohzerbytB2U5pFchnVuzw,to 9PndjsiMGV7cbrYeDjmZyBmzHY6b8SeFjCLHEWZfn4C9,USDC,54462.13,54460.61
3,Exploiter Transfered 44860.06USDC to 9ooCqQJqqVuV4gJwBf393bHSmGaBWYAf9QruiyktN23M worth 44858.81USD 3 minutes later,Transfered,2022-03-23 11:22:59.000,2HaSLCukYJnmAoHqbobNYcV5NphJerSMV8SoEH3ZYt8HgoSuNvvU2chXo1UohY5tRPrQrmt2RKxzjHMjhNqfTaMj,6D7fgzpPZXtDB6Zqg3xRwfbohzerbytB2U5pFchnVuzw,to 9ooCqQJqqVuV4gJwBf393bHSmGaBWYAf9QruiyktN23M,USDC,44860.06,44858.81
1,Exploiter Transfered 35073.91USDC to AaKeAijBzVk9eDTXiS8zDdRtJ9vTESFCPXB3AAUgPJGF worth 35072.94USD 1 minutes later,Transfered,2022-03-23 11:23:19.000,5RrgYSDp4udzcHFpyPfhDZHjL43WWWRBNbRFTpbmirQyaQY2oMNmucXyTxyXktAfUWPJyrEDyqC9vrB6F6WFkVck,6D7fgzpPZXtDB6Zqg3xRwfbohzerbytB2U5pFchnVuzw,to AaKeAijBzVk9eDTXiS8zDdRtJ9vTESFCPXB3AAUgPJGF,USDC,35073.91,35072.94
0,Exploiter Transfered 26102.64USDC to 3C1eXP7haoNnRsxxG8JBfXRxJUZgSzUQrXFrhwr1KaHH worth 26101.91USD 0 minutes later,Transfered,2022-03-23 11:23:26.000,27sJfgG1AW1HsBZseWyM7jBvTttj773HsVHScaW5ULkpdmd31RM3XzVePYENZmaQPQ4ypcafaZBYQ5ExBowauYFE,6D7fgzpPZXtDB6Zqg3xRwfbohzerbytB2U5pFchnVuzw,to 3C1eXP7haoNnRsxxG8JBfXRxJUZgSzUQrXFrhwr1KaHH,USDC,26102.64,26101.91
0,Exploiter Transfered 22633.8USDC to C1Kz616vDmcrQ8BTztaxPnyDmCFcvHJX5UveJY4wNB51 worth 22633.17USD 0 minutes later,Transfered,2022-03-23 11:23:33.000,5k6jyinvUBgQ2Hyfj1apk39fmjmMivqx8Xn57teJzdpb8YqcQX1bgevFWAQp9QEekFKMhv1pS4kEUYePuQ2WHXmj,6D7fgzpPZXtDB6Zqg3xRwfbohzerbytB2U5pFchnVuzw,to C1Kz616vDmcrQ8BTztaxPnyDmCFcvHJX5UveJY4wNB51,USDC,22633.8,22633.17
0,Exploiter Transfered 19462.68USDC to J1ZvR76AHsu7hYuFuvPj7UBgEGhffaFg5tbWLG6Hz99Q worth 19462.14USD 0 minutes later,Transfered,2022-03-23 11:23:41.000,4Tns884SsaybkxnjpnHcAP92Mmjz9fGeR6AgQr4mNoRdmsee8XLp47LUfB1Xn5om5D2zjkH3XLop865JSeALWFE1,6D7fgzpPZXtDB6Zqg3xRwfbohzerbytB2U5pFchnVuzw,to J1ZvR76AHsu7hYuFuvPj7UBgEGhffaFg5tbWLG6Hz99Q,USDC,19462.68,19462.14
5,Exploiter Transfered 16921.35USDC to 94LPajmSLcgWk6cQbwv3RxnFyv11E97aworvTrWYDh8V worth 16920.88USD 5 minutes later,Transfered,2022-03-23 11:28:22.000,4aAsiup275ZuDcDbdc1aiJLbfKSeDFn35XrdRBfDdJULLu6pUXrhG7hqMf5EXfxMfUw3NkYk41o48BkCsgtXiEZ9,6D7fgzpPZXtDB6Zqg3xRwfbohzerbytB2U5pFchnVuzw,to 94LPajmSLcgWk6cQbwv3RxnFyv11E97aworvTrWYDh8V,USDC,16921.35,16920.88
0,Exploiter Transfered 15143.58USDC to HC1M8eSLTVCux1CvJCdNqoEdQgMKcKjnjaschJow5UCs worth 15143.16USD 0 minutes later,Transfered,2022-03-23 11:28:38.000,2e4qV9dEbEt7pVFpedpbwNpmytCaWotd9y7goTfYJvTMd4jStG9j5HmmqSk8xALrug54hUhjmopgjTBfq6TL1C8z,6D7fgzpPZXtDB6Zqg3xRwfbohzerbytB2U5pFchnVuzw,to HC1M8eSLTVCux1CvJCdNqoEdQgMKcKjnjaschJow5UCs,USDC,15143.58,15143.16
0,Exploiter Transfered 14939.3USDC to Bn2akv2XxV9aEgEgP1tMc7PnWBye1cK45YGPLVTrKChr worth 14938.88USD 0 minutes later,Transfered,2022-03-23 11:28:47.000,3kGjvj1CzpAwoqFPP3qaKzNerCNRr8resZ8kunHpa7P6bHn74dV272LyYpzy7o8Hv9eQJhXpaTFqR3Ty1VHvxoag,6D7fgzpPZXtDB6Zqg3xRwfbohzerbytB2U5pFchnVuzw,to Bn2akv2XxV9aEgEgP1tMc7PnWBye1cK45YGPLVTrKChr,USDC,14939.3,14938.88
0,Exploiter Transfered 14928.67USDC to GZLHeStE9CdgccxXEhpqpyPgacNecHbfbAnwHq875iuo worth 14928.25USD 0 minutes later,Transfered,2022-03-23 11:28:55.000,VHhSG3gW3tUH9ZNySqp9LAP1yGpSrmR8BiUjZMPeiSuRcbvpks6TikMJkcu7yoiSwyxxfCMfVc8mG9oURD53zoG,6D7fgzpPZXtDB6Zqg3xRwfbohzerbytB2U5pFchnVuzw,to GZLHeStE9CdgccxXEhpqpyPgacNecHbfbAnwHq875iuo,USDC,14928.67,14928.25
1,Exploiter Transfered 13147.26USDC to FJfKBP52VyBaX63vyjddf7Nxt2Y5GZAcQiDKV7FXiYTQ worth 13146.9USD 1 minutes later,Transfered,2022-03-23 11:29:02.000,2Dv2TeDx5AeTGzwmjWuafhNkezyYmYCzxCvuNSRVYS1XPreB2vqbkjHiXgj7J6Z9nVcUxCK6NWZXjeyz2tYMPCUG,6D7fgzpPZXtDB6Zqg3xRwfbohzerbytB2U5pFchnVuzw,to FJfKBP52VyBaX63vyjddf7Nxt2Y5GZAcQiDKV7FXiYTQ,USDC,13147.26,13146.9
0,Exploiter Transfered 11917.88USDC to BW4ax7ah13uyJWdCj1f3rsP6JaTYJeK2A74GDsyk8Us9 worth 11917.55USD 0 minutes later,Transfered,2022-03-23 11:29:11.000,4GjMwvpKbvHugpkKkDCsiw9GALojfhgNLwV43Dkk7vem2eQ8JUmBzMtxSQn8MMk2AEpoBCPFn2vuGkTNTbSspogX,6D7fgzpPZXtDB6Zqg3xRwfbohzerbytB2U5pFchnVuzw,to BW4ax7ah13uyJWdCj1f3rsP6JaTYJeK2A74GDsyk8Us9,USDC,11917.88,11917.55
0,Exploiter Transfered 11667.08USDC to 4E3QciP49TzUqzwAEjCTjy9wUYhqq9t8hs56sGjcHgwp worth 11666.75USD 0 minutes later,Transfered,2022-03-23 11:29:19.000,CFMLtMKYNSqpo2i44pJV8FhBn5GUC4abLYf5fmWjNARkVSreEYBiL5WdUkc9EZjYAU7cw11sUxiCWuL9CbhMM8A,6D7fgzpPZXtDB6Zqg3xRwfbohzerbytB2U5pFchnVuzw,to 4E3QciP49TzUqzwAEjCTjy9wUYhqq9t8hs56sGjcHgwp,USDC,11667.08,11666.75
0,Exploiter Transfered 10104.6USDC to HXec1bpXmQ7EJstaTbkFFtzCf6bi4TD5cPRWkmfS4qEn worth 10104.32USD 0 minutes later,Transfered,2022-03-23 11:29:34.000,5VkWJoX4hFYAx1iJwuLhrti4SEdjKzRUMzx2iMZKPF3QHddThhESBCUCmAyq52qUWoWPPrUYFeTiAE2PjDSwaxYZ,6D7fgzpPZXtDB6Zqg3xRwfbohzerbytB2U5pFchnVuzw,to HXec1bpXmQ7EJstaTbkFFtzCf6bi4TD5cPRWkmfS4qEn,USDC,10104.6,10104.32
0,Exploiter Transfered 7980.26USDC to cWKBe9AVwRrvevu4BWQXgDJx6pTWt2a9YKEUa4o6xQb worth 7980.04USD 0 minutes later,Transfered,2022-03-23 11:29:43.000,5vGhLRAMc9qwatGEyBaC1iWF4QgZtM5h25EDs8CN9aHJ1EfzFCFaXumE83o6r4LJ8YptGrzWMiL8oRtj3UVJiJTB,6D7fgzpPZXtDB6Zqg3xRwfbohzerbytB2U5pFchnVuzw,to cWKBe9AVwRrvevu4BWQXgDJx6pTWt2a9YKEUa4o6xQb,USDC,7980.26,7980.04
0,Exploiter Transfered 7610.57USDC to 5HKyb7qE95tk4FAvfix2YoYFLUCXmGB4sBws3sZVvCQz worth 7610.36USD 0 minutes later,Transfered,2022-03-23 11:29:52.000,5PLnjNqjsvFGmaFWSdAyxET896e9sUPKzSjnmkGQZvcK4BcPnSfpnsPXvsMtCSYAu32dizkPb7ENUWk28wokQEAW,6D7fgzpPZXtDB6Zqg3xRwfbohzerbytB2U5pFchnVuzw,to 5HKyb7qE95tk4FAvfix2YoYFLUCXmGB4sBws3sZVvCQz,USDC,7610.57,7610.36
1,Exploiter Transfered 7490.41USDC to Bu57cmfrxa8596JGbsJB7BTceSagi4rg8SKg3QKaC5Li worth 7490.2USD 1 minutes later,Transfered,2022-03-23 11:30:01.000,25Cf15ieMfcLXdv4L8nEjKr8pTkKSKCVLyhoQ8CDPZkYHSRCLJZ2KL9ePVTpe27cBajESEp6z54fTWgbKKwV44hF,6D7fgzpPZXtDB6Zqg3xRwfbohzerbytB2U5pFchnVuzw,to Bu57cmfrxa8596JGbsJB7BTceSagi4rg8SKg3QKaC5Li,USDC,7490.41,7490.2
0,Exploiter Transfered 3898.75USDC to 3z7M11ZZU3RNNGC9yRTJ2iW1PZE97krZWAKZGh9Mm19c worth 3898.64USD 0 minutes later,Transfered,2022-03-23 11:30:10.000,zibFzRfkxNkn32muojSMMzqKKigUR5LgTKt4YZjgEbuCboPuz7g4F5GG1rYisHymQBbhaGz4jSKpzWjH3exHrjE,6D7fgzpPZXtDB6Zqg3xRwfbohzerbytB2U5pFchnVuzw,to 3z7M11ZZU3RNNGC9yRTJ2iW1PZE97krZWAKZGh9Mm19c,USDC,3898.75,3898.64
0,Exploiter Transfered 3884.3USDC to 9Q1cFVZjQF24atHuuMHTZyVxBux3dCjL4kwyXUZjstpN worth 3884.19USD 0 minutes later,Transfered,2022-03-23 11:30:42.000,3Gbr8p4KJuJGRtQvL7ecaF9A5fF47cULLtPdrZRagGwA4CH9a8qNFBXLNH2cF5GoaNd8ToLGeNNcVWxFvdhbK181,6D7fgzpPZXtDB6Zqg3xRwfbohzerbytB2U5pFchnVuzw,to 9Q1cFVZjQF24atHuuMHTZyVxBux3dCjL4kwyXUZjstpN,USDC,3884.3,3884.19
0,Exploiter Transfered 3118.14USDC to 9iAaFnTQojsAUvXNbMNU2JMYCbGyF32ayoz6gVVW45Vf worth 3118.05USD 0 minutes later,Transfered,2022-03-23 11:30:50.000,3b8xcwiHT4Y2Ar5ZRm13C5aDdopCtV9kfcqvJANWwJuNWEMTfRFe5sodu4JHFKv3iQZ3ssUvaG4K2PsRAqeJgcZJ,6D7fgzpPZXtDB6Zqg3xRwfbohzerbytB2U5pFchnVuzw,to 9iAaFnTQojsAUvXNbMNU2JMYCbGyF32ayoz6gVVW45Vf,USDC,3118.14,3118.05
0,Exploiter Transfered 3114.41USDC to 4ETmMMH72cEy3d6huRwjFV4XDEzyufCSnURMtZQFtbRG worth 3114.33USD 0 minutes later,Transfered,2022-03-23 11:30:57.000,3UfNu6r9ZinPqfqJzezQeZuHbzazPUw4D85Ygbjoe4ZBFiB5EF6enj2tECZJ2VorXZ5NAcVArvB1SBDHeSkDQsP8,6D7fgzpPZXtDB6Zqg3xRwfbohzerbytB2U5pFchnVuzw,to 4ETmMMH72cEy3d6huRwjFV4XDEzyufCSnURMtZQFtbRG,USDC,3114.41,3114.33
1,Exploiter Transfered 2999.47USDC to 4QjWCnYFNrYtqkZZiaavAzbKjSchmXiMWVnEKWXCM8Rc worth 2999.39USD 1 minutes later,Transfered,2022-03-23 11:31:06.000,5qNkrmSQDjQeyo3AvzDjxhgDf9TiEyxwKaxtm7V6ocyMwp7o8b7VKveYmtBZ1doCD2ddriQnEh2iWd1GoS8Yh2zd,6D7fgzpPZXtDB6Zqg3xRwfbohzerbytB2U5pFchnVuzw,to 4QjWCnYFNrYtqkZZiaavAzbKjSchmXiMWVnEKWXCM8Rc,USDC,2999.47,2999.39
0,Exploiter Transfered 2992.65USDC to 9kCxHK7btNb5Mew57XY28Pbyu1achenCPZeTJTSMa9co worth 2992.57USD 0 minutes later,Transfered,2022-03-23 11:31:14.000,5edVAh9wkfMrQdA6WULGJ2tMzwQfTMXmah2mZ5bQzrzETNnVLRFTa4EXkUH3TZgH2LL1q4aetXiXMeENom1jiHyG,6D7fgzpPZXtDB6Zqg3xRwfbohzerbytB2U5pFchnVuzw,to 9kCxHK7btNb5Mew57XY28Pbyu1achenCPZeTJTSMa9co,USDC,2992.65,2992.57
0,Exploiter Transfered 2913.41USDC to 5fWyfjLzNiW6REdb8WDQ7jaatWUuadsLsCd8C2BDeXpD worth 2913.33USD 0 minutes later,Transfered,2022-03-23 11:31:24.000,KHrxacm2vDHX85GNXwRnu9sMUruDjZP21REdWAru6RVpuXUs7WBi2Zek7eWQ1GqutGjFPvVv6dtotaTVpjAii6p,6D7fgzpPZXtDB6Zqg3xRwfbohzerbytB2U5pFchnVuzw,to 5fWyfjLzNiW6REdb8WDQ7jaatWUuadsLsCd8C2BDeXpD,USDC,2913.41,2913.33
0,Exploiter Transfered 2791.77USDC to GkMdS9aeBiZLKbiTkejxur53ypMsipzbshK9jkvmbJfx worth 2791.69USD 0 minutes later,Transfered,2022-03-23 11:31:33.000,5XLvddYP8TsetqH8ejDaiqHKhsW8uByJoWurBFYdSRBjCY26gHn9xa2VyVokVQ5m5y5jNMzCEwmsbRQHsjxTXskH,6D7fgzpPZXtDB6Zqg3xRwfbohzerbytB2U5pFchnVuzw,to GkMdS9aeBiZLKbiTkejxur53ypMsipzbshK9jkvmbJfx,USDC,2791.77,2791.69
0,Exploiter Transfered 2741.57USDC to 9iZn1UjFaAWciPotjReCvAPoqy4HUaMSZ8uj74sfhVcj worth 2741.49USD 0 minutes later,Transfered,2022-03-23 11:31:42.000,4rW6ZqLASsZqf4ia67ZD9YcTcpM2jvNm5PY992sZS2DGCpcgYRHKu1BAMmRShSHY2jd7RHGCtCzZk9hQqt5Jg7tv,6D7fgzpPZXtDB6Zqg3xRwfbohzerbytB2U5pFchnVuzw,to 9iZn1UjFaAWciPotjReCvAPoqy4HUaMSZ8uj74sfhVcj,USDC,2741.57,2741.49
0,Exploiter Transfered 2697.69USDC to 3BmCjQHa6TazrdfiB3SccTXYm4X3Qhg8HgSpxNzcuhV6 worth 2697.61USD 0 minutes later,Transfered,2022-03-23 11:31:49.000,51pXWosRw3k4yEbov6jEBUdgPhH2e2Wgkx5LwCwLQioVuhYNwoP3eHX32rrMmibUqwawTPxoutUyuumuVwG4N3BZ,6D7fgzpPZXtDB6Zqg3xRwfbohzerbytB2U5pFchnVuzw,to 3BmCjQHa6TazrdfiB3SccTXYm4X3Qhg8HgSpxNzcuhV6,USDC,2697.69,2697.61
0,Exploiter Transfered 2496.07USDC to 4h9mNQeJutNgjaVi6aFK1Eeb7rcHbnuPZdqByT3BQsf7 worth 2496USD 0 minutes later,Transfered,2022-03-23 11:31:56.000,4i4sHiQhDp8FdpbvdUhWKkFPe6ZRLuMiFnSoke1vC9KK5ZffgCCrTFCJx5pQUB9eZGkRDeFaZPgHaWxERhGx7zdS,6D7fgzpPZXtDB6Zqg3xRwfbohzerbytB2U5pFchnVuzw,to 4h9mNQeJutNgjaVi6aFK1Eeb7rcHbnuPZdqByT3BQsf7,USDC,2496.07,2496
1,Exploiter Transfered 2051.38USDC to HYNjVffjyZXq2LRn6BkvfnFAMeBCuu4zpGxf83xQG43x worth 2051.33USD 1 minutes later,Transfered,2022-03-23 11:32:17.000,H1yPDc7yDgi9pZpNRkxJCszZweTxD64rsFd11mTFvQx7nKHtuqW8Z9vS6zwSQzV55D6vMSFGxFJdNGtSk7iYd7z,6D7fgzpPZXtDB6Zqg3xRwfbohzerbytB2U5pFchnVuzw,to HYNjVffjyZXq2LRn6BkvfnFAMeBCuu4zpGxf83xQG43x,USDC,2051.38,2051.33
0,Exploiter Transfered 2046.23USDC to 14XLKTfZQKb2scb61s135JDnfzKQSD1EUuCDW8E8GHHq worth 2046.17USD 0 minutes later,Transfered,2022-03-23 11:32:25.000,5EeX4yNzznnym4rrQC2bn6tZ4tFnAXTnZMbVgGGWV4VGH48EsYd9vGSoKoSiyG5m3tEK8LLntNbCaR2q38Dgv2TD,6D7fgzpPZXtDB6Zqg3xRwfbohzerbytB2U5pFchnVuzw,to 14XLKTfZQKb2scb61s135JDnfzKQSD1EUuCDW8E8GHHq,USDC,2046.23,2046.17
0,Exploiter Transfered 2000USDC to EPG3bvVkSWtBXCMeEDs2vXDDQQta4Mjk7SFVvsYLoWWq worth 1999.94USD 0 minutes later,Transfered,2022-03-23 11:32:34.000,KdAGJGUFj1PeXe5tJmiovpDDdcdMyHtLDtq58aG23bLWJwcYLUzgRBX3kJGoffWHLJ81Bwe3GMvCj38vfor2YpD,6D7fgzpPZXtDB6Zqg3xRwfbohzerbytB2U5pFchnVuzw,to EPG3bvVkSWtBXCMeEDs2vXDDQQta4Mjk7SFVvsYLoWWq,USDC,2000,1999.94
0,Exploiter Transfered 1996.59USDC to E6U8vxoDTKZyRinuNEgf7U4qwaVkfN34QgHnfoM6TouS worth 1996.53USD 0 minutes later,Transfered,2022-03-23 11:32:51.000,2Xpqy1wZBU87mUkhBeTBWcMccVnCWo3LBvJrRGxjN4zjQuWNyqEJ9GkS39w2sfYqzbPywZHM4rNcPtTwUn8ZaRVC,6D7fgzpPZXtDB6Zqg3xRwfbohzerbytB2U5pFchnVuzw,to E6U8vxoDTKZyRinuNEgf7U4qwaVkfN34QgHnfoM6TouS,USDC,1996.59,1996.53
0,Exploiter Transfered 1996.48USDC to 4k6VTUCwS8KFGEYm4fJ7TCsEg4zpGqqxv9Ywe7oJS821 worth 1996.42USD 0 minutes later,Transfered,2022-03-23 11:32:59.000,Gmu9LRTAHc8wYuZ1mk58J2uvp1RyHsA5kU1nuvJgNnsvEptVR4P5t2RfPxw7Gee5HxAByzRdN7JWxwnK1fiELgk,6D7fgzpPZXtDB6Zqg3xRwfbohzerbytB2U5pFchnVuzw,to 4k6VTUCwS8KFGEYm4fJ7TCsEg4zpGqqxv9Ywe7oJS821,USDC,1996.48,1996.42
1,Exploiter Transfered 1993.41USDC to BwAhjPKMkx516eKfWecbcHsdd562jdJejwQbTxB2uzLx worth 1993.35USD 1 minutes later,Transfered,2022-03-23 11:33:07.000,4ErhKZVeNNVQb2RFoWwiXcg8i8AmtrMFUzACSGji1gwCMwEjocHETMemFrCQvU59vBDwSjGwPeZ8petVRie5twpr,6D7fgzpPZXtDB6Zqg3xRwfbohzerbytB2U5pFchnVuzw,to BwAhjPKMkx516eKfWecbcHsdd562jdJejwQbTxB2uzLx,USDC,1993.41,1993.35
0,Exploiter Transfered 1991.6USDC to 5JSQvD1niBf8q4Atj6sXHwGw7GzpGmGJJRcmsUMo6SCp worth 1991.54USD 0 minutes later,Transfered,2022-03-23 11:33:16.000,52cgZEBgFV5CAo9aBUz95UuBSvvsqCqtp9VNx8uBcA9TcwESwaT8ax8XtGCS2ebJdn6c2KqcTz22P3zYf37eDK1M,6D7fgzpPZXtDB6Zqg3xRwfbohzerbytB2U5pFchnVuzw,to 5JSQvD1niBf8q4Atj6sXHwGw7GzpGmGJJRcmsUMo6SCp,USDC,1991.6,1991.54
0,Exploiter Transfered 1988.66USDC to 3wZ2FWVyUz1YGzASyyENwB3Vai5eM8J5yVBZYLsvUUNg worth 1988.6USD 0 minutes later,Transfered,2022-03-23 11:33:25.000,5WTJNEnoAPinQyFuf5J687Y77EosKe4PhTXQrN1sHtrAxEQTHjxgDrUVt97cPoiYL22DeGsSeWQLGS1uGb13JGzv,6D7fgzpPZXtDB6Zqg3xRwfbohzerbytB2U5pFchnVuzw,to 3wZ2FWVyUz1YGzASyyENwB3Vai5eM8J5yVBZYLsvUUNg,USDC,1988.66,1988.6
0,Exploiter Transfered 1701.1USDC to EBaAoL3mNpuLYHpq1TBK5NMMHrUWzo2p54EYQH2JuD2A worth 1701.05USD 0 minutes later,Transfered,2022-03-23 11:33:35.000,3uSdkmjhq1q4gBsg9BHPEmVUeKqSdV5cXe1DLwRwwFYxDNmAeWrmDua3iDHUhoNLpdkzc4115r1Av6WVXi7HuDYs,6D7fgzpPZXtDB6Zqg3xRwfbohzerbytB2U5pFchnVuzw,to EBaAoL3mNpuLYHpq1TBK5NMMHrUWzo2p54EYQH2JuD2A,USDC,1701.1,1701.05
0,Exploiter Transfered 1638.48USDC to 23yCnf9dErteHduybiueQdcmX3b5hKkkjyfBJtxECg1g worth 1638.43USD 0 minutes later,Transfered,2022-03-23 11:33:43.000,2r6SfgQppJCDH16dbTBkcyBVAPw9dXQoiqUNtuCQ7aBZze2q118w9zp7UM1nFB4NzPSmdKX1CJJ71D8dU2JSF5Us,6D7fgzpPZXtDB6Zqg3xRwfbohzerbytB2U5pFchnVuzw,to 23yCnf9dErteHduybiueQdcmX3b5hKkkjyfBJtxECg1g,USDC,1638.48,1638.43
0,Exploiter Transfered 1626.36USDC to CA5yoD4P8vdLwbSDJqJ8gXN7FMNJEimXf8gd5G14Mf93 worth 1626.31USD 0 minutes later,Transfered,2022-03-23 11:33:55.000,idTWoxqyuujHocnA1eVQ23RxyedU8GWhCXJLUiP2ENdnChcRosotq55wqhj1M4SeueftH63bTs8cMQkRUdGmrPR,6D7fgzpPZXtDB6Zqg3xRwfbohzerbytB2U5pFchnVuzw,to CA5yoD4P8vdLwbSDJqJ8gXN7FMNJEimXf8gd5G14Mf93,USDC,1626.36,1626.31
1,Exploiter Transfered 1586.45USDC to 4Y6sfiMuXbgEhXdL57dEDsdyANV5HF5x52T3EnGjZxrD worth 1586.41USD 1 minutes later,Transfered,2022-03-23 11:34:06.000,3SHgpY2AGM9yqUBVXashbeR7st9hwcb3GADwgD57qva4YWBFLa9TcKSjd7wQxBxVeumB7MktmKK8Pn3LGwz3YrxK,6D7fgzpPZXtDB6Zqg3xRwfbohzerbytB2U5pFchnVuzw,to 4Y6sfiMuXbgEhXdL57dEDsdyANV5HF5x52T3EnGjZxrD,USDC,1586.45,1586.41
0,Exploiter Transfered 1375.78USDC to 8VQyQUKejM9ESDfttpECuBctHKoVwM5SQksdHpUGj5KS worth 1375.74USD 0 minutes later,Transfered,2022-03-23 11:34:14.000,RyGqRrwusbiiHwSLCbz4TSEiqg4s2b2NGWUG1tDVtR5kZVPtcy8ahsxtRniGwye8E2DQoYu7HBLYH5SdPeSKRxx,6D7fgzpPZXtDB6Zqg3xRwfbohzerbytB2U5pFchnVuzw,to 8VQyQUKejM9ESDfttpECuBctHKoVwM5SQksdHpUGj5KS,USDC,1375.78,1375.74
0,Exploiter Transfered 1295.19USDC to J1FDinioCsUqJraU1fphXuzQSicWTRssXvZPRDxXVrw7 worth 1295.15USD 0 minutes later,Transfered,2022-03-23 11:34:20.000,gK6YiS4gn4bZVugAvEYzLYQUfxW8hvWVGMhgbvNG1NQ9HNHAHoty7JmgScz6rkYGUWL1FG9EcF88m5HP6E4WjJo,6D7fgzpPZXtDB6Zqg3xRwfbohzerbytB2U5pFchnVuzw,to J1FDinioCsUqJraU1fphXuzQSicWTRssXvZPRDxXVrw7,USDC,1295.19,1295.15
0,Exploiter Transfered 1213.42USDC to F8hCre1MyU3ErdCkBoqfJzKHSzPtMMhxfgWLtT4wFkLp worth 1213.39USD 0 minutes later,Transfered,2022-03-23 11:34:28.000,5zgdMfMqLqkUunRCCjfrr3FLEJTd3ZE4qfFKaWT1NfEHeNZgcqzp1bPMSCxGQYcqWh2mae1QUwCbmz1UG218Y4aL,6D7fgzpPZXtDB6Zqg3xRwfbohzerbytB2U5pFchnVuzw,to F8hCre1MyU3ErdCkBoqfJzKHSzPtMMhxfgWLtT4wFkLp,USDC,1213.42,1213.39
0,Exploiter Transfered 1165.6USDC to DGLYwh86JgpeTmvPNRouqqSm4efmrFBmAcHuZ4rWFjM6 worth 1165.56USD 0 minutes later,Transfered,2022-03-23 11:34:36.000,4jMFpv8c6UniR1ktwyaHP5bp7PTGRXvsKvdwoVvc5G9UQQDRCkcfHGmZK61cJHMNR2Eqva4gcxrzpGiDxPtu3CA3,6D7fgzpPZXtDB6Zqg3xRwfbohzerbytB2U5pFchnVuzw,to DGLYwh86JgpeTmvPNRouqqSm4efmrFBmAcHuZ4rWFjM6,USDC,1165.6,1165.56
0,Exploiter Transfered 1126.41USDC to 4qmMTycCVyNyYsZa6QgoxC6T21hQE222xceEZZbCArXG worth 1126.38USD 0 minutes later,Transfered,2022-03-23 11:34:46.000,4pmKgFsBoxEV5bgKGt1bNkrRT6fXLB6wiPu9wytUZf67Jt5Q8YddVuumRwBkU93PFVFdPWkqFemfETiC8JqqGBLx,6D7fgzpPZXtDB6Zqg3xRwfbohzerbytB2U5pFchnVuzw,to 4qmMTycCVyNyYsZa6QgoxC6T21hQE222xceEZZbCArXG,USDC,1126.41,1126.38
0,Exploiter Transfered 1120.98USDC to ELeXhQSWbrHDFz17tYhjSndfsvycyLQZPJyK2Uem9WCy worth 1120.95USD 0 minutes later,Transfered,2022-03-23 11:34:59.000,3U2oXe5npBzNRktG1MWYZc99zjiUTLsxccAYhUQGcMvsCg971umutiYss19hrjwoBtTzT8Fqb2HGChsM1YtYhyQf,6D7fgzpPZXtDB6Zqg3xRwfbohzerbytB2U5pFchnVuzw,to ELeXhQSWbrHDFz17tYhjSndfsvycyLQZPJyK2Uem9WCy,USDC,1120.98,1120.95
1,Exploiter Transfered 1103.57USDC to HUTs3bVDgXuNXUK8NGtNKJoSkRw2i4xbiBN1Zu7WHQyS worth 1103.54USD 1 minutes later,Transfered,2022-03-23 11:35:06.000,4H6U2hMBrcahNPov4sSCReTTDLrwvREYBM3ozSAynosxxfSeQoiH9LTFV7LRQeY1pBB2eJhdyhL2iqibdAYY5gFv,6D7fgzpPZXtDB6Zqg3xRwfbohzerbytB2U5pFchnVuzw,to HUTs3bVDgXuNXUK8NGtNKJoSkRw2i4xbiBN1Zu7WHQyS,USDC,1103.57,1103.54
0,Exploiter Transfered 1008.3USDC to DpKudUA3iKoPvvgiqyGmDnzAmwHbQPf7eE7WctbZsnmK worth 1008.27USD 0 minutes later,Transfered,2022-03-23 11:35:14.000,dvqzCG9DjNfvJeerfcsJAJFeXrj4dgdbZwNUPE8QxN7cofwdNFDy7Lpe2rXFBWwMp6XVY4CNtQpNwKLtXCEh4WR,6D7fgzpPZXtDB6Zqg3xRwfbohzerbytB2U5pFchnVuzw,to DpKudUA3iKoPvvgiqyGmDnzAmwHbQPf7eE7WctbZsnmK,USDC,1008.3,1008.27
0,Exploiter Transfered 1006USDC to 5rRASRLy28xv7GxtKNY9H6rzDKhDTvjEeHWZnEQzxfnK worth 1005.97USD 0 minutes later,Transfered,2022-03-23 11:35:22.000,4Hmp4GZ4GV7cZSiNJjUmW4wpbibu9tJrMBMEKUn8pKGQE4CL3uBTikNJdq7HmJj69SQt5Z4jZzAb3cijdx4YF4ka,6D7fgzpPZXtDB6Zqg3xRwfbohzerbytB2U5pFchnVuzw,to 5rRASRLy28xv7GxtKNY9H6rzDKhDTvjEeHWZnEQzxfnK,USDC,1006,1005.97
0,Exploiter Transfered 1001.31USDC to EysyBDPB6dAUthS2BxdEdsomxUawjsRzY8mRLZFxFTJp worth 1001.28USD 0 minutes later,Transfered,2022-03-23 11:35:31.000,2VwcqwRBQFNaTY457BUdYVj4f5bP3fBERhfDtd2HsE7eeLpz7RmQY3K4tFPmDzXdmBuNhkoKmGQ6T63nSBzwtGug,6D7fgzpPZXtDB6Zqg3xRwfbohzerbytB2U5pFchnVuzw,to EysyBDPB6dAUthS2BxdEdsomxUawjsRzY8mRLZFxFTJp,USDC,1001.31,1001.28
0,Exploiter Transfered 1001.29USDC to 3Nrnoop8J5QUZnJnNnbNkQFcbefgheMcsP3axjoVVssQ worth 1001.26USD 0 minutes later,Transfered,2022-03-23 11:35:40.000,2yXJNQ9TnAKB1nnhNG1VMR4YHSrxESo6dteZyhGg7E8QkbZRaKcYt4mabb2ppfzLvaZEYTdkEG3rhdcuCMPB8tNi,6D7fgzpPZXtDB6Zqg3xRwfbohzerbytB2U5pFchnVuzw,to 3Nrnoop8J5QUZnJnNnbNkQFcbefgheMcsP3axjoVVssQ,USDC,1001.29,1001.26
0,Exploiter Transfered 1000USDC to 5z6Vo92yP5fXWvR9HKQ6UvGzf8FP1prNAsrj6k3rMnDW worth 999.97USD 0 minutes later,Transfered,2022-03-23 11:35:57.000,4duJopPt52drLgvBAXJbYeeCaBdvHiC89r38HznpfBnzZ32ZKGxT4PUfyoPFtHTYjXUBU8mh6orgSbXRfaCDHoQ1,6D7fgzpPZXtDB6Zqg3xRwfbohzerbytB2U5pFchnVuzw,to 5z6Vo92yP5fXWvR9HKQ6UvGzf8FP1prNAsrj6k3rMnDW,USDC,1000,999.97
1,Exploiter Transfered 997.54USDC to VSHs2q66FjfUzfQDbBHxN4RKrpGsqzXYbRiwRFBNroq worth 997.51USD 1 minutes later,Transfered,2022-03-23 11:36:14.000,4Mas3pRGadN34ehekTwa7gv4EBw7ueBYbE8afLamaUnpZYHpL9NkCnMyD9FNSupnoLiSNqUFhk18aL8dXbDSXpUG,6D7fgzpPZXtDB6Zqg3xRwfbohzerbytB2U5pFchnVuzw,to VSHs2q66FjfUzfQDbBHxN4RKrpGsqzXYbRiwRFBNroq,USDC,997.54,997.51
0,Exploiter Transfered 997.13USDC to 7oMHK1Et9sN3LFJNQ1gQVAo4TeHbz4QBDfe2ngaAnSnw worth 997.1USD 0 minutes later,Transfered,2022-03-23 11:36:23.000,2XCs8iKcFUEWtUQJJMZ3HeEdzYzSFh6PDYcmN65LtM3vRMJWLA74iudvCrvcWeYCHhQivg6jDHhiMSx4Gtru74q,6D7fgzpPZXtDB6Zqg3xRwfbohzerbytB2U5pFchnVuzw,to 7oMHK1Et9sN3LFJNQ1gQVAo4TeHbz4QBDfe2ngaAnSnw,USDC,997.13,997.1
0,Exploiter Transfered 995.53USDC to 8FE8w4bw1RzgjzwG13DmXX76uu5kizvSQaQ4yXeVFU17 worth 995.5USD 0 minutes later,Transfered,2022-03-23 11:36:30.000,4azEkT2RRHkQC2uugVvpmQkG8KEf1W2NDnoekEPRsbWcrEdF6qKpjU7KNoSn8zVpDiTzXNdf5UWstxLYUySFBssT,6D7fgzpPZXtDB6Zqg3xRwfbohzerbytB2U5pFchnVuzw,to 8FE8w4bw1RzgjzwG13DmXX76uu5kizvSQaQ4yXeVFU17,USDC,995.53,995.5
0,Exploiter Transfered 793.66USDC to 2JWR71YWGPfdCEjisKYJSDQwpFbV8RiCRy7swTamLhXP worth 793.64USD 0 minutes later,Transfered,2022-03-23 11:36:37.000,45D1k9vvTegAq17sB8z84av41gMXNYqpJE9phfojKxJKXEMmp1bJgWau1kPcVkkdfqB42upV2HLtbS5dmx9mdEmP,6D7fgzpPZXtDB6Zqg3xRwfbohzerbytB2U5pFchnVuzw,to 2JWR71YWGPfdCEjisKYJSDQwpFbV8RiCRy7swTamLhXP,USDC,793.66,793.64
0,Exploiter Transfered 771.84USDC to 2GjFxWRGfRcgub3YRgwF1cEvMn2uQczkcoc4njwvoxq1 worth 771.82USD 0 minutes later,Transfered,2022-03-23 11:36:56.000,KcpbPc7a5wJzcCyLEmXaSBBzuc9dg8dQnyNXHzS2aisPNxyN32vh2txFjxtj6Z6quLF2zEbzPJJYtAi15Xkcyw9,6D7fgzpPZXtDB6Zqg3xRwfbohzerbytB2U5pFchnVuzw,to 2GjFxWRGfRcgub3YRgwF1cEvMn2uQczkcoc4njwvoxq1,USDC,771.84,771.82
1,Exploiter Transfered 762.18USDC to 2ySZnH9i3j13H1vmxPiWJpqAQfyqnNe4mgrMitiCg9s4 worth 762.16USD 1 minutes later,Transfered,2022-03-23 11:37:05.000,65vkBrhFRGAk5KfmYR4KkQgkmkzeBoYodBSrCPqtVr8J87iMkJG38JDn48n74apXKYMBbFesh3P1e9LwcqKXXAVZ,6D7fgzpPZXtDB6Zqg3xRwfbohzerbytB2U5pFchnVuzw,to 2ySZnH9i3j13H1vmxPiWJpqAQfyqnNe4mgrMitiCg9s4,USDC,762.18,762.16
0,Exploiter Transfered 759.74USDC to Ec6mdGZHGf8nKmMVoweKUyCLM67kPru5RytfUZfVGFmf worth 759.72USD 0 minutes later,Transfered,2022-03-23 11:37:14.000,Y1g2PDDs8T1GMc9bSNexahFTNPkNB2p4JHV22xcHrrhFDSC6jaYNhK2kCT9jUA6BLcbmvM9g6jxpv1SnaYwUnkx,6D7fgzpPZXtDB6Zqg3xRwfbohzerbytB2U5pFchnVuzw,to Ec6mdGZHGf8nKmMVoweKUyCLM67kPru5RytfUZfVGFmf,USDC,759.74,759.72
0,Exploiter Transfered 757.69USDC to AWymRUAXXZC6jG3SXCVs4RfUWg7LKjuqKUkKGJ69cBWx worth 757.67USD 0 minutes later,Transfered,2022-03-23 11:37:24.000,4s39VmWGRJ2KtVdbrHh6tPqzJhD2G6vYavgBEocu9cVHyPH9geTFSZv7ZRE4QS4KgDWVR62czR7FeTHcw1jA2Jxp,6D7fgzpPZXtDB6Zqg3xRwfbohzerbytB2U5pFchnVuzw,to AWymRUAXXZC6jG3SXCVs4RfUWg7LKjuqKUkKGJ69cBWx,USDC,757.69,757.67
0,Exploiter Transfered 740.45USDC to FWTVc6gRWxmt8SLELmL6MsqMiuReJa2Bm42poueNaE1n worth 740.43USD 0 minutes later,Transfered,2022-03-23 11:37:32.000,m61XhdLshMQMit8Pa6fxT7YMH98EY3pg5qUXpruDjwYdabdXzyKhyUi7hFregvhd6a9fvVwcqeaEaYvDTRQXPnZ,6D7fgzpPZXtDB6Zqg3xRwfbohzerbytB2U5pFchnVuzw,to FWTVc6gRWxmt8SLELmL6MsqMiuReJa2Bm42poueNaE1n,USDC,740.45,740.43
0,Exploiter Transfered 691.3USDC to 3YykotHLQ6siYJMhEhay9XK6FUYmE1zJgnwAmh5cS6ZC worth 691.28USD 0 minutes later,Transfered,2022-03-23 11:37:40.000,5c1zGJbGh2jaiGkNRpC3PwzBSBhiCsHFFTURVAV4NM4PJouvg2JZagpeW8TenrmFRyH26WnWG58ViTcBA238gsoA,6D7fgzpPZXtDB6Zqg3xRwfbohzerbytB2U5pFchnVuzw,to 3YykotHLQ6siYJMhEhay9XK6FUYmE1zJgnwAmh5cS6ZC,USDC,691.3,691.28
1,Exploiter Transfered 652.93USDC to FzzcoyfgUh1mVFTGRh8tCH9mBZDbf4xXLSc8F16rzgqh worth 652.91USD 1 minutes later,Transfered,2022-03-23 11:38:04.000,3fREJX2dkCjreDByBLGjZCWNPeKXLhsWVhPvcbMFmYKsNAoVYJCkZXYV6Fm2hL6qHgg7B7udguia3M7rMCKnJU8q,6D7fgzpPZXtDB6Zqg3xRwfbohzerbytB2U5pFchnVuzw,to FzzcoyfgUh1mVFTGRh8tCH9mBZDbf4xXLSc8F16rzgqh,USDC,652.93,652.91
0,Exploiter Transfered 641.42USDC to Hsh4S7ZYvVaiwUKbpF8Ni3H3dC16TENjKagaUTKurMRR worth 641.4USD 0 minutes later,Transfered,2022-03-23 11:38:22.000,3zqjkPJViaSCePGKtRWQ4tsxf7NiiVYcpVLaXhEshvVh9hBWWpUatAF1wBcEd3zGTgXvyn65HkhFDv2codhWN3WJ,6D7fgzpPZXtDB6Zqg3xRwfbohzerbytB2U5pFchnVuzw,to Hsh4S7ZYvVaiwUKbpF8Ni3H3dC16TENjKagaUTKurMRR,USDC,641.42,641.4
0,Exploiter Transfered 557.35USDC to CN66JqQs94CbC9VzwA3qwkH1cPdXeRBRssbpMuHNXm4d worth 557.34USD 0 minutes later,Transfered,2022-03-23 11:38:32.000,92Lgjgoh5BmVWrmZLBFtAEPg9V1hy2NXXTceekqmjYdzXUugJ4hpgPMPYszXtDUg4kxt9zSXrTCiE9ib5ovEAHA,6D7fgzpPZXtDB6Zqg3xRwfbohzerbytB2U5pFchnVuzw,to CN66JqQs94CbC9VzwA3qwkH1cPdXeRBRssbpMuHNXm4d,USDC,557.35,557.34
0,Exploiter Transfered 498.55USDC to CcXGdCh3sPRZf83uuTKGJ1EBWYb6kUBgXuP2NvKBsrRc worth 498.54USD 0 minutes later,Transfered,2022-03-23 11:38:46.000,41E4Q1ruy256wNBvqDrhybREVmDmhSDm5oaXmhx5h8N8HEJy3tafQdEzw4QE42XE6vLRFDAsTMLKmqcvE9aHz5G9,6D7fgzpPZXtDB6Zqg3xRwfbohzerbytB2U5pFchnVuzw,to CcXGdCh3sPRZf83uuTKGJ1EBWYb6kUBgXuP2NvKBsrRc,USDC,498.55,498.54
0,Exploiter Transfered 498.05USDC to 2rKA8CtDniiVH4SANkqqADshEZFkTg3F791QCVrNMgjT worth 498.03USD 0 minutes later,Transfered,2022-03-23 11:38:54.000,WXJNSCnbdPLPR2HqfZTomYiLYcD4NhbZqYJiiMktFaHYrU7dtTGDPJWnY6HXAF1bv1LNEw6SYrh5rdftAvBCejN,6D7fgzpPZXtDB6Zqg3xRwfbohzerbytB2U5pFchnVuzw,to 2rKA8CtDniiVH4SANkqqADshEZFkTg3F791QCVrNMgjT,USDC,498.05,498.03
1,Exploiter Transfered 497.9USDC to GyzwTsyoNPTsrPEeHSLBpDHW9iGtZoB7iqQ3WBEtqS8M worth 497.89USD 1 minutes later,Transfered,2022-03-23 11:39:02.000,4bQmZjyRdbMSYUq3tPgVxyqEtjECawE8Cdh1fFn8EnfkrVoeaQZsWZwpdAVAEcJtWhjqyXrjjdEuJDnbup5RYAhZ,6D7fgzpPZXtDB6Zqg3xRwfbohzerbytB2U5pFchnVuzw,to GyzwTsyoNPTsrPEeHSLBpDHW9iGtZoB7iqQ3WBEtqS8M,USDC,497.9,497.89
0,Exploiter Transfered 497.78USDC to EbNU59cxnGH6Cy3ukdn8P2WUgJthcN7jtK7TL5oRahS5 worth 497.77USD 0 minutes later,Transfered,2022-03-23 11:39:12.000,5MSJqJHwePSXVo6vRpddu7HMBrmaQRVwfqavGaAXrx6HLwtrLAYzLfupdmj5kixA8pNL2wFhBwLUNiBnqvBwcENM,6D7fgzpPZXtDB6Zqg3xRwfbohzerbytB2U5pFchnVuzw,to EbNU59cxnGH6Cy3ukdn8P2WUgJthcN7jtK7TL5oRahS5,USDC,497.78,497.77
0,Exploiter Transfered 428.13USDC to 8cQVmU1By8AV4YoP3568sLfdrL5gedg6b91fpujEUiBT worth 428.12USD 0 minutes later,Transfered,2022-03-23 11:39:20.000,3wiN59Q5UNtJDgk9mzvGoyPGraR9NsaNL2Q9hUN8kmzzXtXR2psD9WEceMAPscLuHJT9UdbV3iAAMazgio7yANe8,6D7fgzpPZXtDB6Zqg3xRwfbohzerbytB2U5pFchnVuzw,to 8cQVmU1By8AV4YoP3568sLfdrL5gedg6b91fpujEUiBT,USDC,428.13,428.12
0,Exploiter Transfered 426.3USDC to BwQC5G3nzDaq8Kk8ydVs5hkoBL3sr5bhM1XNDuN1DeYB worth 426.29USD 0 minutes later,Transfered,2022-03-23 11:39:30.000,deb1g2fZzrGjXaJoZVh2zqbuRRikRz8jbNVaPDFbsCMsqQpvHCssgzAWbXYnVgxKhdXRwV4LXCzFcBxrte1jxUz,6D7fgzpPZXtDB6Zqg3xRwfbohzerbytB2U5pFchnVuzw,to BwQC5G3nzDaq8Kk8ydVs5hkoBL3sr5bhM1XNDuN1DeYB,USDC,426.3,426.29
0,Exploiter Transfered 425.92USDC to 35jMb6kyr2LVHs9qL9qeYqn8d6koGmrBcgo1FPR8Egxs worth 425.91USD 0 minutes later,Transfered,2022-03-23 11:39:40.000,5YCcD4vGsv2JrLDepLsrt3nw2SWWJybnACwbUQTyQcj2Pc4T94FXjxC6853Lw9F6eamBWDu49iUFvFN8BxYCCRhP,6D7fgzpPZXtDB6Zqg3xRwfbohzerbytB2U5pFchnVuzw,to 35jMb6kyr2LVHs9qL9qeYqn8d6koGmrBcgo1FPR8Egxs,USDC,425.92,425.91
0,Exploiter Transfered 400.12USDC to 2c5A5qdrTK9oRV3q1ueyyUYUxW6Hsg1KGty9gRaPECWX worth 400.11USD 0 minutes later,Transfered,2022-03-23 11:39:46.000,FJbfbALjmcEEU4GSntpQ27sFh13XTGh8adj8Wfu8odvHY9BqRepmDy6soDPGVtzd6gFGycGj6TMbni8zyxGetFY,6D7fgzpPZXtDB6Zqg3xRwfbohzerbytB2U5pFchnVuzw,to 2c5A5qdrTK9oRV3q1ueyyUYUxW6Hsg1KGty9gRaPECWX,USDC,400.12,400.11
0,Exploiter Transfered 399.35USDC to GGLyxJWcmP24fCFgFST9v3iFbqGeoppZusB6HAXBjvgY worth 399.34USD 0 minutes later,Transfered,2022-03-23 11:39:57.000,hk7qawtes2b8hu1b3KcHbPrSDvkNMffrKBduQP3wBcVAUpcxqRdxAbAdRjLD4GVPcyBGC9Gu4XARHsLeY6uEXhX,6D7fgzpPZXtDB6Zqg3xRwfbohzerbytB2U5pFchnVuzw,to GGLyxJWcmP24fCFgFST9v3iFbqGeoppZusB6HAXBjvgY,USDC,399.35,399.34
1,Exploiter Transfered 398.99USDC to GHaZrJGCU1TV98ToNm8rS8KbWjoELohnpj8CaXYRcpwJ worth 398.98USD 1 minutes later,Transfered,2022-03-23 11:40:05.000,5bjfC7tjiSd27zo5B2Mp2TmdKkwU1d4MLRKZ3dFtiVeCdsRbY5717uMDNSxbT9ZWStxmP3ji2wUQmNz7qVgUhtaS,6D7fgzpPZXtDB6Zqg3xRwfbohzerbytB2U5pFchnVuzw,to GHaZrJGCU1TV98ToNm8rS8KbWjoELohnpj8CaXYRcpwJ,USDC,398.99,398.98
0,Exploiter Transfered 333.78USDC to n129EWhPqWxLxQsHe5V8szv2q7yiLC2pr7vKTVEMMSr worth 333.77USD 0 minutes later,Transfered,2022-03-23 11:40:12.000,31fVLdQ7QusTaKoxGDiCeQZ9iZpYA9ZPYhJ9oygYmzAX7MExcWF6J4R7y8ryRAwgpMPRz3m16hKHkZmNBbeoMXYe,6D7fgzpPZXtDB6Zqg3xRwfbohzerbytB2U5pFchnVuzw,to n129EWhPqWxLxQsHe5V8szv2q7yiLC2pr7vKTVEMMSr,USDC,333.78,333.77
0,Exploiter Transfered 315.09USDC to 7xbsk9eYCHrTAE2vgS6RhpdVaWEEDU5KtUZJpJa4uGpq worth 315.09USD 0 minutes later,Transfered,2022-03-23 11:40:20.000,4is2gKszorx5nAjd83S2msAUL9GwakvEsPBC3f2wtfZQvuFBMFwiP55tcub1b89TpbBS4eyER2VKnaGmXJzuqceU,6D7fgzpPZXtDB6Zqg3xRwfbohzerbytB2U5pFchnVuzw,to 7xbsk9eYCHrTAE2vgS6RhpdVaWEEDU5KtUZJpJa4uGpq,USDC,315.09,315.09
0,Exploiter Transfered 300.31USDC to BDoq6145395NVqP2BosPoDP66PfiSAEewtwB6JTpNae worth 300.3USD 0 minutes later,Transfered,2022-03-23 11:40:30.000,4uu2k4ZALEm3Dq8nVUWtqsDp41QYYWdVp4BpBhhkEdnCc8HBYFyiEYDMMkSfTbuhAK6ZEnNrkXte1VRvn2Xzc8oM,6D7fgzpPZXtDB6Zqg3xRwfbohzerbytB2U5pFchnVuzw,to BDoq6145395NVqP2BosPoDP66PfiSAEewtwB6JTpNae,USDC,300.31,300.3
0,Exploiter Transfered 299.4USDC to 8LHJY6bgxMCZeNouFynPMT4zL6bmaLVBVZ1vz2tyi6Xu worth 299.39USD 0 minutes later,Transfered,2022-03-23 11:40:40.000,2DAhAraw1BMt6D1BruAmqxqtdtwxvMy7xMVDR8LwKdiXVYTAzP21QP5kJ2fq9LvF6KZ4kV2PD8gMMSCvHHziNWC,6D7fgzpPZXtDB6Zqg3xRwfbohzerbytB2U5pFchnVuzw,to 8LHJY6bgxMCZeNouFynPMT4zL6bmaLVBVZ1vz2tyi6Xu,USDC,299.4,299.39
0,Exploiter Transfered 292.69USDC to 9JBHWhx28YYsbaWJEhMp6jisLyahZ7fmEevT5eyU6ujj worth 292.68USD 0 minutes later,Transfered,2022-03-23 11:40:47.000,2pevc7vNRD6utg51u1XTicu4wxrau16nLZ8Te1w7eniTpejqpt7refbxwEi3roJGaSBkUwut6XrWBW2t8YNN44eK,6D7fgzpPZXtDB6Zqg3xRwfbohzerbytB2U5pFchnVuzw,to 9JBHWhx28YYsbaWJEhMp6jisLyahZ7fmEevT5eyU6ujj,USDC,292.69,292.68
0,Exploiter Transfered 285USDC to 3oddsrmV7JNoa2npq8PKJKSyCD4gBPu2tDFcAGVRgDkD worth 284.99USD 0 minutes later,Transfered,2022-03-23 11:40:55.000,3hPvxsT1yY3qAS3JURnSoKWGJujZLzDea4Ppp9KjqzLrUmk4qkFagosx1rQs1GQYBNHTPAsAwWEaYcAvRs8CRBB6,6D7fgzpPZXtDB6Zqg3xRwfbohzerbytB2U5pFchnVuzw,to 3oddsrmV7JNoa2npq8PKJKSyCD4gBPu2tDFcAGVRgDkD,USDC,285,284.99
1,Exploiter Transfered 279.07USDC to 2ff5MjZQwdPAiXh1KfJiyAnwV6zXpUrTS6JeVVb7WfhB worth 279.06USD 1 minutes later,Transfered,2022-03-23 11:41:04.000,4eKFvNwLb6iZh4MGLyZMVjrfhTTCK2JmtKfbMsZxsf5dMCuoTyrKKUovHnx6ofV761a1iTturxVX1EJ319p7EPva,6D7fgzpPZXtDB6Zqg3xRwfbohzerbytB2U5pFchnVuzw,to 2ff5MjZQwdPAiXh1KfJiyAnwV6zXpUrTS6JeVVb7WfhB,USDC,279.07,279.06
0,Exploiter Transfered 249.71USDC to 8NDbJ1ctCKGtGrpzjhpRDgs4nfX7LikqVjqMNn5cW9DR worth 249.7USD 0 minutes later,Transfered,2022-03-23 11:41:12.000,AmyriDva3TbsPabdaug3D3dWQ3hDwS7SRGXDFiSFziz2S1bcbCFaQ54iXmpQupDGF6dSz3bKxBBM6NyttLX7oWH,6D7fgzpPZXtDB6Zqg3xRwfbohzerbytB2U5pFchnVuzw,to 8NDbJ1ctCKGtGrpzjhpRDgs4nfX7LikqVjqMNn5cW9DR,USDC,249.71,249.7
0,Exploiter Transfered 233.15USDC to H5zy9a1rUARfk8zH82jXNg4t8Vs1QxjguGjSjAJPJi2f worth 233.15USD 0 minutes later,Transfered,2022-03-23 11:41:22.000,4DhRpu6r2mqdw1E4P7hsQm4bWbyBAedp7PjTpSytSsXGiq3tSoTbUntkVGWrBUXztwXZXT8846uB4VSG2cqjBewg,6D7fgzpPZXtDB6Zqg3xRwfbohzerbytB2U5pFchnVuzw,to H5zy9a1rUARfk8zH82jXNg4t8Vs1QxjguGjSjAJPJi2f,USDC,233.15,233.15
0,Exploiter Transfered 231.19USDC to H2VuGpNmxzqBvRHq8bxW32mJg6PBKEs8Beyw4t496g4T worth 231.18USD 0 minutes later,Transfered,2022-03-23 11:41:32.000,5NLAtCzoRtb3EdN6dwFwA84WU6C2EuUvpkdiwbmRXZKdcjDH3BaGvMNPdRfEfVpHAvwwusmuqjF6axgbkWbqXnzN,6D7fgzpPZXtDB6Zqg3xRwfbohzerbytB2U5pFchnVuzw,to H2VuGpNmxzqBvRHq8bxW32mJg6PBKEs8Beyw4t496g4T,USDC,231.19,231.18
0,Exploiter Transfered 201.47USDC to FJcyfz5zsTRwtki8TpbMsYg2DUdNu1BT1MTDGwAikQAs worth 201.47USD 0 minutes later,Transfered,2022-03-23 11:41:40.000,phoz2VLrBqdCWhABiAfPhH5NEk7uzGx3FURBfGY42buiWpZCyhLjdDZZHqchz3rN1NsNK5pVKwnQ1WQHQX4Quwp,6D7fgzpPZXtDB6Zqg3xRwfbohzerbytB2U5pFchnVuzw,to FJcyfz5zsTRwtki8TpbMsYg2DUdNu1BT1MTDGwAikQAs,USDC,201.47,201.47
0,Exploiter Transfered 200.92USDC to FzXzqZ7Bjc4iW5LsN2Lqb667WMRj25PkWc36K1kRwfeg worth 200.92USD 0 minutes later,Transfered,2022-03-23 11:41:51.000,4MsznerZxXiEbBYc7CY861PQeek7fLBxzYwJPpz47pp5ggDdcZJZbpTYQTVDVwn1uFvpEXpykpBX1VmiUArC6aef,6D7fgzpPZXtDB6Zqg3xRwfbohzerbytB2U5pFchnVuzw,to FzXzqZ7Bjc4iW5LsN2Lqb667WMRj25PkWc36K1kRwfeg,USDC,200.92,200.92
0,Exploiter Transfered 200.31USDC to E1Y5czMf25wTEJWSJoRoX3TkhCmRENDTuNLeHaULYB5v worth 200.3USD 0 minutes later,Transfered,2022-03-23 11:41:58.000,4987fC4Lf4CXFgx48uyYxpPZaJpNZPkF3N5cwzEByiEjyeaBzzf7Mz9L5okrmJnpHFj9WG6xptipbpZMUcfxCeRv,6D7fgzpPZXtDB6Zqg3xRwfbohzerbytB2U5pFchnVuzw,to E1Y5czMf25wTEJWSJoRoX3TkhCmRENDTuNLeHaULYB5v,USDC,200.31,200.3
1,Exploiter Transfered 199.7USDC to 5W2p2u6AkMHQGD2cpemaEivV36hEh6gWJJ28UnDqZgkG worth 199.69USD 1 minutes later,Transfered,2022-03-23 11:42:06.000,UwNd7mAe3ng8fLB4H3FH8ZRQa9jDgzWF8eFWrEsxEegWo8p5333UnXUgcfmNz5TuWtkR9VtSRrzpjxykGmRUuUg,6D7fgzpPZXtDB6Zqg3xRwfbohzerbytB2U5pFchnVuzw,to 5W2p2u6AkMHQGD2cpemaEivV36hEh6gWJJ28UnDqZgkG,USDC,199.7,199.69
0,Exploiter Transfered 199.01USDC to AkkNSKaZ1Y8bXYziXYNBToD4AjFWfDFdMm2Euv9gwTCW worth 199USD 0 minutes later,Transfered,2022-03-23 11:42:15.000,5qFLpcZaxgYy5PqwuwQphC3J3qfbGdAKDSXHE6cGibX1dFnHsvkjfy9F9fnD1MBZSg4WBbuAZdsdHSru4JC9Xw84,6D7fgzpPZXtDB6Zqg3xRwfbohzerbytB2U5pFchnVuzw,to AkkNSKaZ1Y8bXYziXYNBToD4AjFWfDFdMm2Euv9gwTCW,USDC,199.01,199
0,Exploiter Transfered 167.65USDC to HpPZv5RibGhi7ERRRTiwH5cAEm79YxqTzkjJoKxSn5yc worth 167.65USD 0 minutes later,Transfered,2022-03-23 11:42:31.000,3FTNXMhGUA2A2T1bHQgnt2WpA7FrisH3UcAhGERncTTKAjFGEuwaHAP8J6yzMCgsvqzbK6YrUdU6Q3UXAshc3aDn,6D7fgzpPZXtDB6Zqg3xRwfbohzerbytB2U5pFchnVuzw,to HpPZv5RibGhi7ERRRTiwH5cAEm79YxqTzkjJoKxSn5yc,USDC,167.65,167.65
0,Exploiter Transfered 149.11USDC to 69xsCoUVvwEteF4pk3UetjJWBuRTRU7ELoALnC2yeWxG worth 149.11USD 0 minutes later,Transfered,2022-03-23 11:42:39.000,3dcerYMyN9ixfrw18MReBjgMfVapQC42ygSY2TXoakYgoUxa4SDStNHiRNZgpm8GMx2WSyRcP8gzYeRz6kaa8fHE,6D7fgzpPZXtDB6Zqg3xRwfbohzerbytB2U5pFchnVuzw,to 69xsCoUVvwEteF4pk3UetjJWBuRTRU7ELoALnC2yeWxG,USDC,149.11,149.11
0,Exploiter Transfered 128.27USDC to 7egzATxikk9Nt68R3iZfpYefBNTvkepZPDnjBiXoAwWe worth 128.27USD 0 minutes later,Transfered,2022-03-23 11:42:47.000,da2mtfWHDUmHVej2X8Uu8QmFHAP25WaEuhkeDqBs6j5CCN1yP6cxBPF6UB63QmvLKQLQc9zAKkmaDMWHJnc7vPK,6D7fgzpPZXtDB6Zqg3xRwfbohzerbytB2U5pFchnVuzw,to 7egzATxikk9Nt68R3iZfpYefBNTvkepZPDnjBiXoAwWe,USDC,128.27,128.27
0,Exploiter Transfered 119.56USDC to GXknUWbgBpcicLKnu41RdVrWaPvdyHYU2V23f5CJRH7s worth 119.55USD 0 minutes later,Transfered,2022-03-23 11:42:55.000,5M5j52kZdvfGSL9VsKCkU6hM5uoe6YYemepx4scHKSrRqyMtfxevthrNSwxCN1MW3kT9PBDUWgSBL4HasyLBs7T1,6D7fgzpPZXtDB6Zqg3xRwfbohzerbytB2U5pFchnVuzw,to GXknUWbgBpcicLKnu41RdVrWaPvdyHYU2V23f5CJRH7s,USDC,119.56,119.55
1,Exploiter Transfered 113.49USDC to 5SmaheoU3ByH8KXXrWsPJ3LbmMAuEkRT9FwRhpzVPYYy worth 113.48USD 1 minutes later,Transfered,2022-03-23 11:43:04.000,eWygc1goXRwzeD41FfRjNmwiK7KnDRifouKDPZKzMMEyDEjCHzzQP3x2MXV9uPVZSzCBgsTD1bjvJpfq87RYDGT,6D7fgzpPZXtDB6Zqg3xRwfbohzerbytB2U5pFchnVuzw,to 5SmaheoU3ByH8KXXrWsPJ3LbmMAuEkRT9FwRhpzVPYYy,USDC,113.49,113.48
0,Exploiter Transfered 111.83USDC to HSSpeW9npwupZgPJGAcF5MRrUCzWiYoDDPLMtUJ11G4r worth 111.83USD 0 minutes later,Transfered,2022-03-23 11:43:13.000,2Dh6mUWAheU2bVzE5pToqaUkCMKordkM2wDa1ozcCtDbbChUMCdZGtbjpjQNCnWtLEkR5nGwKK7RYbfzSU1HPH1N,6D7fgzpPZXtDB6Zqg3xRwfbohzerbytB2U5pFchnVuzw,to HSSpeW9npwupZgPJGAcF5MRrUCzWiYoDDPLMtUJ11G4r,USDC,111.83,111.83
0,Exploiter Transfered 110.59USDC to 4RrbEV7KYUbt9uG8Aa4m9YDB9ouDgY4mC4ss7ForMHTu worth 110.58USD 0 minutes later,Transfered,2022-03-23 11:43:24.000,2og5NqTdx7V2Tnm48QjQjBTvmsZmaqYvWhnKMX9KdWxwVVoJBQdUSdsUViCoi6qc3EywRFxkXXKVk1ufrtaMi2ZM,6D7fgzpPZXtDB6Zqg3xRwfbohzerbytB2U5pFchnVuzw,to 4RrbEV7KYUbt9uG8Aa4m9YDB9ouDgY4mC4ss7ForMHTu,USDC,110.59,110.58
0,Exploiter Transfered 104.67USDC to GC28E1oytmqSLQZgNokUqJVqnYbgFxcwof7Q9iZRxjMu worth 104.66USD 0 minutes later,Transfered,2022-03-23 11:43:30.000,642GfCcKemXatoJUpcHJHJhFu4zhmRZCKnaQJB8cpJhTEuFoy6oJcU2j5gD77gc26rp99xgqg6yBsPE8JuNsYYqs,6D7fgzpPZXtDB6Zqg3xRwfbohzerbytB2U5pFchnVuzw,to GC28E1oytmqSLQZgNokUqJVqnYbgFxcwof7Q9iZRxjMu,USDC,104.67,104.66
0,Exploiter Transfered 100.61USDC to eyT7hDWrGLnhtkJkyKjawKefzVChM9SAqLisw9UBGkV worth 100.61USD 0 minutes later,Transfered,2022-03-23 11:43:38.000,25suWWo7R8dSVQLKymMXjcQKuQpRDCZW7S56FxHSSGfwhPV44NsojyEvXCDVDKthHhbfswyCAQxsYoxZaSJXQ9v8,6D7fgzpPZXtDB6Zqg3xRwfbohzerbytB2U5pFchnVuzw,to eyT7hDWrGLnhtkJkyKjawKefzVChM9SAqLisw9UBGkV,USDC,100.61,100.61
0,Exploiter Transfered 100USDC to 5oHEhkVUbQqTY6c5UEUDiuGy6ubAqyCkRGs7HtqDoBxs worth 100USD 0 minutes later,Transfered,2022-03-23 11:43:49.000,55z7a16CfrWDJkCfn4U4nSP6qhhnMLFhPxU8hnSjLqNfwb72XbP5Dtraaiwv4Ec3c843o5F4nTUGQjF6N5yLhHuQ,6D7fgzpPZXtDB6Zqg3xRwfbohzerbytB2U5pFchnVuzw,to 5oHEhkVUbQqTY6c5UEUDiuGy6ubAqyCkRGs7HtqDoBxs,USDC,100,100
7,Exploiter Swapped 459712.92USDC to 155.5995ETH worth 460040.48USD 7 minutes later,Swapped,2022-03-23 11:50:55.000,3AWWgPV7z5pnV4oi1gNhepkoQEmazVJnUifU9e5hh4KpTKQLoyvFZfMLZ4ALYD39RUHaKnxwixaAoQZVjBmBQJZp,6D7fgzpPZXtDB6Zqg3xRwfbohzerbytB2U5pFchnVuzw,to 155.5995ETH,USDC,459712.92,460040.48
0,Exploiter Transfered 0.11USDC from FG3z1H2BBsf5ekEAxSc1K6DERuAuiXpSdUGkYecQrP5v worth 0.11USD 0 minutes later,Transfered,2022-03-23 11:50:55.000,3AWWgPV7z5pnV4oi1gNhepkoQEmazVJnUifU9e5hh4KpTKQLoyvFZfMLZ4ALYD39RUHaKnxwixaAoQZVjBmBQJZp,6D7fgzpPZXtDB6Zqg3xRwfbohzerbytB2U5pFchnVuzw,from FG3z1H2BBsf5ekEAxSc1K6DERuAuiXpSdUGkYecQrP5v,USDC,0.11,0.11
0,Exploiter Transfered 459713.03USDC to FG3z1H2BBsf5ekEAxSc1K6DERuAuiXpSdUGkYecQrP5v worth 459700.22USD 0 minutes later,Transfered,2022-03-23 11:50:55.000,3AWWgPV7z5pnV4oi1gNhepkoQEmazVJnUifU9e5hh4KpTKQLoyvFZfMLZ4ALYD39RUHaKnxwixaAoQZVjBmBQJZp,6D7fgzpPZXtDB6Zqg3xRwfbohzerbytB2U5pFchnVuzw,to FG3z1H2BBsf5ekEAxSc1K6DERuAuiXpSdUGkYecQrP5v,USDC,459713.03,459700.22
0,Exploiter Transfered 155.6ETH from FG3z1H2BBsf5ekEAxSc1K6DERuAuiXpSdUGkYecQrP5v worth 463045.56USD 0 minutes later,Transfered,2022-03-23 11:50:55.000,3AWWgPV7z5pnV4oi1gNhepkoQEmazVJnUifU9e5hh4KpTKQLoyvFZfMLZ4ALYD39RUHaKnxwixaAoQZVjBmBQJZp,6D7fgzpPZXtDB6Zqg3xRwfbohzerbytB2U5pFchnVuzw,from FG3z1H2BBsf5ekEAxSc1K6DERuAuiXpSdUGkYecQrP5v,ETH,155.6,463045.56
2,Exploiter Bridged 155.5995ETH outbound worth 463045.56USD 2 minutes later,Bridged,2022-03-23 11:52:45.000,2ZNvyULRrjBQgbuf8FhBsSqgqnBQhjQFEx9FqjkvM1TLahQpWphFRxvou3txvPpyTpZcKq99Kn48xtzCtx31KYLC,6D7fgzpPZXtDB6Zqg3xRwfbohzerbytB2U5pFchnVuzw,outbound,ETH,155.5995,463045.56
﻿